Molecule ChEMBL ID,Smiles,Standard Type,Standard Value,pChEMBL Value,Molecular Weight,AlogP,label
CHEMBL211372,CN1C2CCC1C1COC(=O)CCCCCCCCC(=O)Nc3ccc(cc3)C1C2,Ki,1.9,8.72,412.57,4.87,1
CHEMBL4076722,[O-][S+](Cc1csc(Br)c1)C(c1ccccc1)c1ccccc1,IC50,44700.0,4.35,391.36,5.55,0
CHEMBL257083,CNCC1CCCCC1(OC)c1cccc(OC)c1,IC50,2686.0,5.57,263.38,2.95,0
CHEMBL258336,CO[C@]1(c2ccccc2)CCCC[C@@H]1CN(C)C,IC50,2534.0,5.6,247.38,3.28,0
CHEMBL270570,CCCCO[C@]1(c2cccc(O)c2)CCCC[C@@H]1CN(C)C,IC50,2744.0,5.56,305.46,4.16,0
CHEMBL258140,CCCCO[C@]1(c2cccc(OC)c2)CCCC[C@@H]1CN(C)C,IC50,110.0,6.96,319.49,4.46,1
CHEMBL256227,CCCO[C@]1(c2cccc(OC)c2)CCCC[C@@H]1CN(C)C,IC50,25.0,7.6,305.46,4.07,1
CHEMBL1175,CNCC[C@H](Oc1cccc2ccccc12)c1cccs1,IC50,3.0,8.52,297.42,4.63,1
CHEMBL5935569,FC(F)(F)Oc1ccc(COc2ccc(Cl)cc2OC2CNC2)cc1,Ki,578.0,6.24,373.76,4.17,1
CHEMBL6043799,Clc1ccc(OCc2ccncc2)c(OC2CNC2)c1,Ki,464.0,6.33,290.75,2.66,1
CHEMBL2171417,Cl.c1ccc(OC(c2ccc3ccccc3c2)C2CNC2)cc1,IC50,8.3,8.08,325.84,4.18,1
CHEMBL5817730,CNCC(c1ccc(Cl)c(Cl)c1)[C@H](O)c1ccccc1,Ki,17.3,7.76,310.22,4.03,1
CHEMBL6049222,CN(C)CC(C)(c1ccc2ccccc2c1)C(O)c1ccccc1,Ki,2.7,8.57,319.45,4.39,1
CHEMBL5931271,CNC[C@H](c1ccc2ccccc2c1)[C@@H](O)c1ccccc1F,Ki,10.7,7.97,309.38,4.02,1
CHEMBL5974181,Fc1ccc2c(c1)CC(Oc1ccc(Cl)cc1OC1CNC1)C2,Ki,4.0,8.4,333.79,3.38,1
CHEMBL5871417,COc1ccc2c(c1)CC(Oc1ccc(Cl)cc1OC1CNC1)C2,Ki,262.0,6.58,345.83,3.25,1
CHEMBL1812745,COC(=O)[C@H]1[C@@H](c2ccc(Cl)c(C)c2)C[C@@H]2CC[C@H]1N2C,IC50,1.0,9.0,307.82,3.39,1
CHEMBL5798249,CN(C)C[C@H](c1ccc(Cl)c(Cl)c1)[C@H](O)c1ccccc1,Ki,138.0,6.86,324.25,4.37,1
CHEMBL5877069,CNC[C@H](Cc1ccccc1O)c1ccc2ccccc2c1,Ki,28.3,7.55,291.39,4.09,1
CHEMBL5955193,CNC[C@@H](c1ccc(Cl)c(Cl)c1)[C@@H](O)c1cccc(N2CCOCC2)c1,Ki,725.0,6.14,395.33,3.87,1
CHEMBL5779902,Clc1ccc(C2(COc3ccc(Cl)cc3OC3CNC3)CCC2)cc1,Ki,65.0,7.19,378.3,4.84,1
CHEMBL4091738,COc1ccc(-c2nnnn2CCCN2CCC(Cc3ccccc3)CC2)cc1,IC50,4050.0,5.39,391.52,3.69,0
CHEMBL4073602,Clc1ccc(-c2nnnn2CCCN2CCC(Cc3ccccc3)CC2)cc1,IC50,3130.0,5.5,395.94,4.34,0
CHEMBL390929,COC(=O)[C@@H]1C2CCC(C[C@@H]1c1ccc(Cl)c(Cl)c1)O2,IC50,4.7,8.33,315.2,3.82,1
CHEMBL181188,COc1ccccc1S[C@@H](c1ccccc1)[C@@H]1CNCCO1,Ki,9.69,8.01,315.44,3.52,1
CHEMBL1277411,CNCCC(c1ccccc1)c1ccc(O)c2ccc(OCCN3CCCC3)cc12,Ki,7.0,8.15,404.55,4.76,1
CHEMBL41,CNCCC(Oc1ccc(C(F)(F)F)cc1)c1ccccc1,IC50,3.1,8.51,309.33,4.44,1
CHEMBL1224381,CNCCC(c1ccc(Cl)c(Cl)c1)n1ncnn1,IC50,181.0,6.74,286.17,2.18,1
CHEMBL1224227,CNCCC(c1ccc2ccccc2c1)n1ncnn1,IC50,32.0,7.5,267.34,2.03,1
CHEMBL323447,CN(C)CC1C2CCC(C2)C1c1cccc2ccccc12,Ki,52.0,7.28,279.43,4.53,1
CHEMBL106939,CN(C)Cc1ccccc1Sc1ccc(C#N)cc1N,Ki,1.12,8.95,283.4,3.35,1
CHEMBL126484,COc1ccccc1OCCNCCCc1c[nH]c2ccc(F)cc12,IC50,20.0,7.7,342.41,3.92,1
CHEMBL2391541,C=CCN(CC=C)CCc1c[nH]c2ccc(OC)cc12,Ki,679.0,6.17,270.38,3.39,1
CHEMBL6056495,CN(C)CC1(c2ccc(C(F)(F)F)cc2)CCCCC1O,IC50,5091.0,5.29,301.35,3.44,0
CHEMBL126407,Fc1ccc2[nH]cc(CCCNCCOc3cccc4ccoc34)c2c1,IC50,28.1,7.55,352.41,4.65,1
CHEMBL255140,CCCCCCC(=O)OC[C@H]1[C@@H](c2ccc(Cl)c(Cl)c2)CC2CC[C@H]1N2C,IC50,53.0,7.28,412.4,6.07,1
CHEMBL1813472,Clc1ccc([C@@]23CCCC[C@@H]2CNC3)cc1Cl,IC50,91.2,7.04,270.2,4.02,1
CHEMBL401554,CN1C2CC[C@@H]1[C@@H](COC(=O)CCC(=O)OC[C@H]1[C@@H](c3ccc(Cl)c(Cl)c3)CC3CC[C@H]1O3)[C@@H](c1ccc(Cl)c(Cl)c1)C2,IC50,405.0,6.39,669.47,8.08,1
CHEMBL1813471,Clc1ccc([C@]23CCCC[C@H]2CNC3)cc1Cl,IC50,97.72,7.01,270.2,4.02,1
CHEMBL1224025,CCC[C@@]1(C(=O)c2ccc(Cl)c(Cl)c2)CCCN1,Ki,7.943,8.1,286.2,4.1,1
CHEMBL3216508,CCCc1nc(C(=O)NCCCN2CCN(c3cccc(Cl)c3C)CC2)c(C)n1-c1ccccc1.Cl.Cl.Cl,IC50,3.9,8.41,603.47,5.04,1
CHEMBL3216745,Cc1cccc(N2CCN(CCCNC(=O)c3nc(C(C)C)n(-c4ccccc4)c3C)CC2)c1C.Cl.Cl,IC50,16.0,7.8,546.59,4.86,1
CHEMBL3215853,Cc1c(Cl)cccc1N1CCN(CCCNC(=O)c2nc(C)n(CC(C)C)c2C)CC1.Cl.Cl.Cl,IC50,447.2,6.35,555.42,4.06,1
CHEMBL3216966,CCCc1nc(C(=O)NCC(O)CN2CCN(c3cccc(Cl)c3C)CC2)c(C)n1-c1ccc(OC)cc1.Cl.Cl.Cl,IC50,17.0,7.77,649.49,4.02,1
CHEMBL391143,Cc1c(CN(C2CCOCC2)[C@H]2CCNC2)cccc1C(F)(F)F,IC50,13.0,7.89,342.4,3.36,1
CHEMBL257221,CNCc1cc(C(=O)N2CCCN(C3CC3)CC2)ccc1Oc1ccc(SC)c(C)c1,Ki,12.0,7.92,439.63,4.54,1
CHEMBL256818,CNCc1ccccc1Oc1ccc(Cl)cc1OC,IC50,13.0,7.89,277.75,3.86,1
CHEMBL3126730,NCCSC(c1ccc(Cl)cc1)c1ccc(Cl)cc1,Ki,170.0,6.77,312.26,4.77,1
CHEMBL3126751,CNC(=O)CSC(c1ccc(Cl)cc1)c1ccc(Cl)cc1,Ki,8300.0,5.08,340.27,4.56,0
CHEMBL432571,COC(=O)C1=C(c2ccc(Cl)c(Cl)c2)CC2[C@@H](O)CC1N2C,IC50,3320.0,5.48,342.22,2.76,0
CHEMBL330228,COC(=O)C1C(c2ccc(Cl)c(Cl)c2)CC2C[C@@H](O)C1N2C,IC50,533.0,6.27,344.24,2.7,1
CHEMBL1287827,Cc1ccc2c(N3CCN(CCc4cccc5c4ccc(=O)n5C)[C@@H](C)C3)cccc2n1,Ki,2.512,8.6,426.56,4.15,1
CHEMBL1289509,Cc1ccc2c(N3CCN(CCc4c(C)ccc5c4ccc(=O)n5C)[C@@H](C)C3)cccc2n1,Ki,0.5012,9.3,440.59,4.46,1
CHEMBL1289618,Cc1ccc2c(N3CCN(CCc4cccc5c4ccc(=O)n5C)C(C)(C)C3)cccc2n1,Ki,0.2512,9.6,440.59,4.54,1
CHEMBL149776,COc1cccc2c1O[C@@H](CN1C3C=C(c4ccc(Cl)c(Cl)c4)CC1CC3)CO2,Ki,4.69,8.33,432.35,5.46,1
CHEMBL281594,Fc1ccc(C(OCCN2CCN(CCCc3ccccc3)CC2)c2ccc(F)cc2)cc1,IC50,73.0,7.14,450.57,5.32,1
CHEMBL1744190,CN(Cc1ccccc1)[C@H]1C[C@@H](c2ccc(Cl)c(Cl)c2)c2ccccc21.O=C(O)/C=C\C(=O)O,Ki,300.0,6.52,498.41,6.7,1
CHEMBL1643665,Cc1cc([C@@H]2C3CCC(C[C@@H]2c2ccc(Br)cc2)S3)on1,IC50,755.0,6.12,364.31,5.28,1
CHEMBL1940402,OC1(c2ccc(Cl)cc2)CCN(CCCCc2ccc(F)cc2)CC1,Ki,1867.0,5.73,361.89,4.79,0
CHEMBL1940403,OC1(c2ccc(Cl)cc2)CCN(CCCSc2ccc(F)cc2)CC1,Ki,160.0,6.8,379.93,4.94,1
CHEMBL238867,CN(C)Cc1cc(OCCF)ccc1Sc1ccccc1N,Ki,0.25,9.6,320.43,3.83,1
CHEMBL220195,COC(=O)C(c1ccc(Cl)c(Cl)c1)C1CCCCN1,IC50,540.0,6.27,302.2,3.39,1
CHEMBL218849,CCCCC(c1ccc(Cl)cc1)C1CCCCN1,Ki,4800.0,5.32,265.83,4.76,0
CHEMBL373773,Clc1ccc(C(Cc2ccccc2)C2CCCCN2)cc1,Ki,4300.0,5.37,299.85,4.81,0
CHEMBL375118,Clc1ccc(C(C2CCCC2)C2CCCCN2)cc1,IC50,4200.0,5.38,277.84,4.76,0
CHEMBL391074,CNCc1cc(C#CCCN2CCC(F)CC2)ccc1Oc1ccc(SC)cc1,Ki,0.9,9.05,412.57,5.1,1
CHEMBL237319,CNCc1cc(C#CCCN2CCSCC2)ccc1Oc1ccc(Cl)c(Cl)c1,Ki,6.7,8.17,435.42,5.3,1
CHEMBL5843443,CNCc1cc(OCc2cc(F)ccc2F)n(CC2CCCCC2)n1,Ki,0.34,9.47,349.43,4.04,1
CHEMBL5931861,CNCc1cc(OCc2ccc(F)cc2C)n(CC2CCCCO2)n1,Ki,1.9,8.72,347.43,3.2,1
CHEMBL375888,COC(=O)[C@@H]1C2CCC(C[C@H]1c1ccc(Cl)cc1)N2C,Ki,4.8,8.32,293.79,3.08,1
CHEMBL311347,COC(=O)[C@@H]1C2CC[C@H](C[C@@H]1c1ccc(I)cc1)N2C,Ki,0.38,9.42,385.25,3.03,1
CHEMBL610897,COC(=O)C1C2CC[C@H](C[C@@H]1c1ccc(Cl)cc1)N2C,Ki,4.0,8.4,293.79,3.08,1
CHEMBL83729,COC(=O)[C@@H]1C2CC[C@H](C[C@@H]1c1ccccc1)N2C,IC50,1960.0,5.71,259.35,2.43,0
CHEMBL2107797,C#CC1(O)CC[C@H]2[C@@H]3CCC4=CC(=O)CC[C@@H]4[C@H]3CC[C@@]21CC,Ki,595.0,6.22,312.45,3.88,1
CHEMBL91,Clc1ccc(COC(Cn2ccnc2)c2ccc(Cl)cc2Cl)c(Cl)c1,Ki,414.0,6.38,416.13,6.45,1
CHEMBL5803575,CNCc1cc(OCc2cc(Cl)ccc2F)n(CCC(C)(C)F)n1,Ki,2.9,8.54,357.83,4.11,1
CHEMBL5929528,CNCc1cc(OCc2cc(F)ccc2F)n(CC2CCC(F)(F)CC2)n1,Ki,0.71,9.15,385.41,4.29,1
CHEMBL5983006,CNCc1cc(OCc2ccc(F)cc2F)n(CC2CCCC2)n1,Ki,8.3,8.08,335.4,3.65,1
CHEMBL1201353,CN(C)CC[C@@H](c1ccc(Cl)cc1)c1ccccn1,Ki,13.0,7.89,274.8,3.82,1
CHEMBL990,CN(Cc1ccc(C(C)(C)C)cc1)Cc1cccc2ccccc12,IC50,1411.8,5.85,317.48,5.77,0
CHEMBL186962,CN(C)Cc1ccccc1Oc1ccc(I)cc1N,Ki,0.37,9.43,368.22,3.73,1
CHEMBL2079586,COC(=O)[C@H]1[C@@H](c2ccc(F)cc2)C[C@H]2CC[C@H]1N2C,IC50,1130.0,5.95,277.34,2.57,0
CHEMBL407803,CN1C2CCC1C(C(=O)NCCCCNC(=O)C1C(c3ccc(Cl)cc3)CC3CCC1N3C)C(c1ccc(Cl)cc1)C2,Ki,3135.7,5.5,611.66,5.84,0
CHEMBL1275670,CCN(C)C1CCC(c2c[nH]c3ccc(C#N)cc23)C1,IC50,1.6,8.8,267.38,3.63,1
CHEMBL101905,C=C1CN2C3CC[C@@H]2C[C@H](c2ccc(C)cc2)C13,IC50,33.0,7.48,239.36,3.5,1
CHEMBL1277138,N#Cc1ccc2[nH]cc(C3CCC(N4Cc5ccccc5C4)C3)c2c1,IC50,6.8,8.17,327.43,4.69,1
CHEMBL245294,c1ccn2c([C@@H]3CN4CCC[C@@H]4c4cc(OCCCN5CCOCC5)ccc43)cnc2c1,Ki,119.0,6.92,432.57,3.72,1
CHEMBL259136,CNCc1cnccc1Oc1ccc(Cl)cc1Cl,IC50,39.0,7.41,283.16,3.9,1
CHEMBL402000,CCc1cc(Cl)ccc1Oc1ccncc1CN(C)C,IC50,11.0,7.96,290.79,4.15,1
CHEMBL255448,COCCN(C)C(=O)[C@@]1(c2ccsc2)C[C@H]1CN,IC50,590.0,6.23,268.38,1.07,1
CHEMBL402088,CCN(CC)C(=O)[C@@]1(c2cccnc2)C[C@H]1CN,IC50,4000.0,5.4,247.34,1.17,0
CHEMBL257810,CCN(CC)C(=O)[C@@]1(c2ccc(Cl)s2)C[C@H]1CN,IC50,520.0,6.28,286.83,2.49,1
CHEMBL1201066,COc1ccc(C(CN(C)C)C2(O)CCCCC2)cc1.Cl,IC50,200.0,6.7,313.87,3.04,1
CHEMBL1762472,CNCC[C@@H](Oc1cc(Cl)ccc1C#N)c1ccccc1.Cl,IC50,4500.0,5.35,337.25,3.94,0
CHEMBL247161,COc1ccc([C@H]2CN(C)Cc3cc(OCCCN4CCOC[C@@H]4C)ccc32)cc1,Ki,13.0,7.89,410.56,3.76,1
CHEMBL246747,CN1Cc2cc(OCCCN3CCC(F)CC3)ccc2C(c2cccc(C(F)(F)F)c2)C1,Ki,15.0,7.82,450.52,5.49,1
CHEMBL233054,COc1ccc(C2CN(C)Cc3cc(OCCCN4CCC(F)CC4)ccc32)cc1,Ki,9.3,8.03,412.55,4.48,1
CHEMBL2347171,NCCSCCCc1c[nH]c2c(F)cccc12,Ki,539.0,6.27,252.36,2.93,1
CHEMBL2347169,NCCSCCCc1c[nH]c2ccc(F)cc12,Ki,0.9,9.05,252.36,2.93,1
CHEMBL1684050,CC(N)C1(c2ccc3ccccc3c2)CCCCC1,IC50,190.0,6.72,253.39,4.39,1
CHEMBL1684055,CC(N(C)C)C1(c2ccc3ccccc3c2)CCCCC1,IC50,63.0,7.2,281.44,4.99,1
CHEMBL241648,COc1ccc(Sc2ccccc2N)c(CN(C)C)c1,Ki,5.0,8.3,288.42,3.49,1
CHEMBL85882,NCC1c2ccccc2Cc2cc(Br)ccc21,Ki,1200.0,5.92,288.19,3.44,0
CHEMBL574920,CNC[C@@H](O)[C@H](c1cccc(Br)c1)n1ccc2ccccc21,IC50,547.0,6.26,359.27,3.57,1
CHEMBL407902,O=C(CCC(=O)OC[C@@H]1C2CCC(C[C@@H]1c1ccc(Cl)c(Cl)c1)S2)OC[C@@H]1C2CCC(C[C@@H]1c1ccc(Cl)c(Cl)c1)O2,IC50,992.0,6.0,672.5,8.89,1
CHEMBL382768,CCCC(C(=O)c1ccc(OC)c(OC)c1)N1CCCC1,Ki,7460.0,5.13,291.39,3.15,0
CHEMBL204254,CCCC(C(=O)c1cccc(C)c1)N1CCCC1,Ki,5900.0,5.23,245.37,3.44,0
CHEMBL426304,CCCC(C(=O)c1cccc(I)c1)N1CCCC1,Ki,1400.0,5.85,357.24,3.74,0
CHEMBL202420,CCCC(C(=O)c1ccc(Br)cc1)N1CCCC1,Ki,830.0,6.08,310.24,3.9,1
CHEMBL369997,CCCC(C(=O)c1ccc(-c2cccs2)cc1)N1CCCC1,IC50,1960.0,5.71,313.47,4.86,0
CHEMBL381127,CCCC(C(=O)c1ccc(OC)cc1)N1CCCC1,IC50,2430.0,5.61,261.36,3.14,0
CHEMBL495464,Cc1ccc([C@H]2C[C@@H]3CC[C@H]([C@H]2C=C(Br)Br)N3C)cc1.Cl,Ki,39.0,7.41,435.63,5.19,1
CHEMBL232218,COc1ccc(C2CN(C)Cc3cc(OCCCN4CCN(C(=O)c5cccn5C)CC4)ccc32)cc1,Ki,8.8,8.06,502.66,3.84,1
CHEMBL234526,COc1ccc(C2CN(C)Cc3cc(OCCCN4CCC4)ccc32)cc1,Ki,4.8,8.32,366.51,3.75,1
CHEMBL394801,COc1ccc(C2CN(C)Cc3cc(OCCCN4CCC(C#N)CC4)ccc32)cc1,Ki,5.3,8.28,419.57,4.28,1
CHEMBL394800,COc1ccc(C2CN(C)Cc3cc(OCCCN4CCC(O)CC4)ccc32)cc1,Ki,3.8,8.42,410.56,3.5,1
CHEMBL233053,COc1ccc(C2CN(C)Cc3cc(OCCCN4CCOCC4)ccc32)cc1,Ki,6.5,8.19,396.53,3.37,1
CHEMBL438490,CN(C)CCC(Oc1ccccc1)c1ccc(OCCCN2CCCCC2)cc1,Ki,25.7,7.59,396.58,5.01,1
CHEMBL238054,CSc1ccc(C2CN(C)Cc3cc(Oc4nc(CN5CCCCC5)cs4)ccc32)cc1,Ki,4.3,8.37,465.69,6.22,1
CHEMBL237861,CSc1ccc(C2CN(C)Cc3cc(Oc4ccc(CN5CCCCC5)cc4)ccc32)cc1,Ki,3.8,8.42,458.67,6.76,1
CHEMBL385359,CN1C2CCC1C1COC(=O)CCCCCCC(=O)Nc3ccc(cc3)C1C2,IC50,2090.0,5.68,384.52,4.09,0
CHEMBL378243,CN1C2CCC1C1COC(=O)CCSCCC(=O)Nc3ccc(cc3)C1C2,IC50,6730.0,5.17,388.53,3.26,0
CHEMBL1813480,COc1ccc([C@]23CCC[C@H]2CN(C)C3)cc1,IC50,4.467,8.35,231.34,2.68,1
CHEMBL1813486,CN1C[C@@H]2CCCC[C@]2(Cc2ccc(Cl)c(Cl)c2)C1,IC50,338.84,6.47,298.26,4.66,1
CHEMBL201977,CCCC(CN1CCCC1)C(=O)c1ccc(Cl)c(Cl)c1,Ki,630.0,6.2,314.26,4.69,1
CHEMBL204759,CCCC(C(=O)c1ccc2ccccc2c1)N1CCCC1,Ki,33.1,7.48,281.4,4.29,1
CHEMBL1818460,Cc1cc(C(F)(F)F)nn1C[C@@]12CNCC[C@]1(c1ccc(Cl)c(Cl)c1)C2,Ki,1.0,9.0,404.26,4.84,1
CHEMBL1818466,Cc1ccn(CC23CNCC[C@]2(c2ccc(Cl)c(Cl)c2)C3)c1,Ki,0.5012,9.3,335.28,4.42,1
CHEMBL397490,COC(=O)[C@@H]1CN(C)CC[C@@H]1c1ccc(Cl)c(Cl)c1,Ki,1850.0,5.73,302.2,3.2,0
CHEMBL2114227,COC(=O)[C@@H]1C[C@@H](c2ccc(Cl)c(Cl)c2)C2CC(=O)C1N2C,IC50,290.0,6.54,342.22,2.91,1
CHEMBL3287656,CCN(CC)c1ccc2c(-c3ccc(S(=O)(=O)NCCCCCC(=O)NCc4ccc5c(c4)CO[C@@]5(CCCN(C)C)c4ccc(F)cc4)cc3S(=O)(=O)[O-])c3ccc(=[N+](CC)CC)cc-3oc2c1,Ki,34.0,7.47,982.25,8.18,1
CHEMBL2373379,COC(=O)C1C2CC[C@@H](C[C@@H]1OC(c1ccc(F)cc1)c1ccc(F)cc1)N2C,IC50,3530.0,5.45,401.45,4.1,0
CHEMBL87031,COC(=O)C1C(c2ccc(Cl)c(Cl)c2)CC2CCC1N2C,IC50,27.0,7.57,328.24,3.73,1
CHEMBL314402,COC(=O)C1C2CCC(CC1c1ccccc1)O2,IC50,11440.0,4.94,246.31,2.51,0
CHEMBL1643513,CN[C@@H]1CCN(c2ccc(Cl)c(Cl)c2)c2ccccc21,IC50,132.0,6.88,307.22,4.8,1
CHEMBL1643518,CN[C@H]1Cc2ccccc2N(c2ccc(Cl)c(Cl)c2)C1,IC50,128.0,6.89,307.22,4.28,1
CHEMBL416409,Fc1ccc(C(OCCC2CCN(Cc3ccc4ccccc4c3)CC2)c2ccc(F)cc2)cc1,Ki,229.0,6.64,471.59,7.53,1
CHEMBL122452,CN(CCCN(C)CCc1ccccc1)CCOC(c1ccccc1)c1ccccc1,IC50,1700.0,5.77,416.61,5.29,0
CHEMBL596615,N#Cc1ccc2[nH]cc(CCC3CCCN3)c2c1,IC50,17.0,7.77,239.32,2.72,1
CHEMBL14257,COC(=O)C1C2CCC(CC1c1ccc(C=C(Br)Br)cc1)N2,Ki,0.08,10.1,429.15,4.17,1
CHEMBL402365,CCN(CC)C(=O)[C@@]1(c2ccccc2)CC1CNC,IC50,5400.0,5.27,260.38,2.03,0
CHEMBL572951,CNC[C@@H](O)[C@H](c1cccc(F)c1)n1ccc2cccc(Br)c21,IC50,113.0,6.95,377.26,3.71,1
CHEMBL583411,CNC[C@@H](O)[C@H](c1cccc(F)c1)n1ccc2cccc(C)c21,IC50,527.0,6.28,312.39,3.26,1
CHEMBL575753,CNC[C@@H](O)[C@H](c1cccc(F)c1)n1ccc2ccc(Cl)cc21,IC50,865.0,6.06,332.81,3.6,1
CHEMBL584152,CNC[C@@H](O)[C@H](c1cccc(F)c1)n1ccc2c(Cl)cccc21,IC50,221.0,6.66,332.81,3.6,1
CHEMBL576758,CCc1cn([C@@H](c2cccc(F)c2)[C@H](O)CNC)c2ccccc12,IC50,834.0,6.08,326.42,3.51,1
CHEMBL237513,CNCc1cc(C#CCCN(C)C2CC2)ccc1Oc1ccc(Cl)c(Cl)c1,Ki,5.9,8.23,403.35,5.34,1
CHEMBL238182,CNCc1cc(C#CCCN2CCN(C3CC3)CC2)ccc1Oc1ccc(SC)cc1,Ki,3.5,8.46,435.64,4.44,1
CHEMBL77867,Fc1ccc(C(OCCC2CCN(CCCc3ccccc3)CC2)c2ccc(F)cc2)cc1,Ki,68.0,7.17,449.59,6.81,1
CHEMBL316342,COC(=O)C1C2CCC(CC1c1ccc(Cl)c(Cl)c1)O2,IC50,31.0,7.51,315.2,3.82,1
CHEMBL2338037,COc1cc(Cl)ccc1O[C@H](c1ccccc1)[C@@H]1CCNC1,IC50,0.631,9.2,317.82,4.08,1
CHEMBL218193,CC(C)CC(c1ccc(C(C)C)cc1)C1CCCCN1,Ki,3300.0,5.48,273.46,5.08,0
CHEMBL209802,NC(=O)c1ccc(F)c2c1C[C@@H](N(CCCc1c[nH]c3ccc(F)cc13)CC1CC1)CO2,IC50,59.7,7.22,439.51,4.19,1
CHEMBL594788,CCN(CCCc1c[nH]c2ccc(F)cc12)C1COc2ccc3c(c2C1)C(=O)NCC3,Ki,30.0,7.52,421.52,3.85,1
CHEMBL610163,O=C1NCCc2ccc3c(c21)CC(N(CCCc1c[nH]c2ccc(F)cc12)C(=O)c1ccccc1)CO3,Ki,671.0,6.17,497.57,4.67,1
CHEMBL592028,CN(CCCc1c[nH]c2ccc(F)cc12)C1COc2ccc3c(c2C1)C(=O)NC3,Ki,9.0,8.05,393.46,3.42,1
CHEMBL591561,O=C1NCc2ccc3c(c21)CC(N(CCCc1c[nH]c2ccc(F)cc12)C1CCC1)CO3,Ki,63.0,7.2,433.53,4.34,1
CHEMBL606864,N#Cc1ccc2[nH]cc(CCCNC3COc4ccc5c(c4C3)C(=O)NC5)c2c1,Ki,13.0,7.89,386.46,2.81,1
CHEMBL336920,CNCC[C@@H](Oc1cccc2ccccc12)c1cccs1,IC50,2.6,8.59,297.42,4.63,1
CHEMBL594585,NCC[C@@H](Oc1cccc2ccccc12)c1cccs1,IC50,6.8,8.17,283.4,4.37,1
CHEMBL550289,CCc1ccccc1OC(c1cccnc1)C1CCNCC1,IC50,61.0,7.21,296.41,3.76,1
CHEMBL562444,CCc1ccc(OC(c2cccnc2)C2CCNCC2)cc1,IC50,5.0,8.3,296.41,3.76,1
CHEMBL551573,Clc1cccc(OC(c2ccccn2)[C@@H]2CCNC2)c1Cl,IC50,18.0,7.75,323.22,4.12,1
CHEMBL498141,CNC[C@H]1OCc2ccccc2[C@H]1Oc1ccccc1C(F)(F)F,IC50,6700.0,5.17,337.34,3.94,0
CHEMBL446481,CSc1ccc(Oc2ccc(F)cc2CN(C)C)cc1,IC50,10.0,8.0,291.39,4.4,1
CHEMBL493027,CN(C)Cc1ccccc1Sc1ccc(C(F)(F)F)cc1,IC50,28.0,7.55,311.37,4.92,1
CHEMBL492815,CN(C)Cc1ccccc1Cc1ccc(OC(F)(F)F)cc1,IC50,45.0,7.35,309.33,4.24,1
CHEMBL457966,NCCC1CCC(CCc2ccc(O)cc2)O1,Ki,7483.0,5.13,235.33,2.22,0
CHEMBL456223,COc1ccc(F)cc1CC[C@@H]1CC[C@H](CN)O1,Ki,21.9,7.66,253.32,2.27,1
CHEMBL450907,COc1ccc(F)cc1CCCC1CCC(CCN)O1,Ki,1.1,8.96,281.37,3.05,1
CHEMBL1087452,O=C1CCc2ccc(OCCN3CCN(c4cccc5[nH]c(=O)oc45)CC3)cc2N1,Ki,538.0,6.27,408.46,2.21,1
CHEMBL456221,COc1ccc(F)cc1C[C@H]1CC[C@H](CN)O1,IC50,122.0,6.91,239.29,1.88,1
CHEMBL370805,COC(=O)[C@H]1[C@@H](OC(=O)c2ccccc2)C[C@@H]2CC[C@H]1N2C,Ki,276.0,6.56,303.36,1.87,1
CHEMBL473966,CNCCC1CCC(CCc2cc(F)ccc2OC)O1,Ki,21.2,7.67,281.37,2.92,1
CHEMBL345689,CC(C)OC(=O)C1C2CCC(C[C@@H]1c1ccc(Cl)cc1)CN2C,Ki,427.0,6.37,335.88,4.11,1
CHEMBL339559,Fc1ccc2[nH]cc(CCCNCCOc3cccc4c3CCCC4)c2c1,IC50,305.0,6.52,366.48,4.79,1
CHEMBL3216084,COc1ccc(-n2c(-c3ccccc3)nc(C(=O)NCC(O)CN3CCN(c4cccc(C)c4C)CC3)c2C)cc1.Cl.Cl,IC50,201.0,6.7,626.63,4.39,1
CHEMBL3216073,CCCc1nc(C(=O)NCC(O)CN2CCN(c3cccc(Cl)c3Cl)CC2)c(C)n1-c1ccc(F)cc1.Cl.Cl.Cl.Cl,IC50,65.0,7.19,694.33,4.49,1
CHEMBL3216075,CCCc1nc(C(=O)NCC(O)CN2CCN(c3cccc(Cl)c3C)CC2)cn1-c1ccc(Cl)cc1.Cl.Cl.Cl.Cl,IC50,80.0,7.1,676.34,4.35,1
CHEMBL512724,Cc1ccc2c(N3CCN(CCc4ccc5c(c4)OCC(=O)N5)CC3)cccc2n1,Ki,100.0,7.0,402.5,3.24,1
CHEMBL356981,CC(C)N(C)[C@@H]1C[C@@H](c2ccc(Cl)c(Cl)c2)c2ccccc21,Ki,1500.0,5.82,334.29,5.91,0
CHEMBL124069,Fc1cc2c(c(OCCNCCCc3c[nH]c4ccc(F)cc34)c1)OCCC2,IC50,7.0,8.15,386.44,4.37,1
CHEMBL708,O=C1Cc2cc(CCN3CCN(c4nsc5ccccc45)CC3)c(Cl)cc2N1,Ki,112.0,6.95,412.95,3.81,1
CHEMBL3323179,CN(C)Cc1ccc2c(c1)CN(C)CC2c1ccc2sccc2c1,Ki,3.4,8.47,336.5,4.54,1
CHEMBL72,CNCCCN1c2ccccc2CCc2ccccc21,IC50,64.0,7.19,266.39,3.53,1
CHEMBL576542,CNCC[C@H](c1cccc(F)c1)n1ccc2ccccc21,IC50,14.0,7.85,282.36,3.98,1
CHEMBL576145,CNC[C@@H](O)[C@H](c1cccc(F)c1)n1cc(C)c2ccccc21,IC50,343.0,6.46,312.39,3.26,1
CHEMBL3334797,CN(C)CCC(c1ccc(Cl)c(Cl)c1)N1CCOCC1,IC50,378.5,6.42,317.26,3.32,1
CHEMBL515472,COc1c(OCCF)cccc1[C@H](O)C1CCN(CCc2ccc(F)cc2)CC1,Ki,2207.0,5.66,405.49,4.17,0
CHEMBL461706,Cl.Cl.OC1([C@@H](CN2CCNCC2)c2cccc(Cl)c2)CCCCC1,IC50,6102.0,5.21,395.8,3.02,0
CHEMBL459644,Cl.Cl.OC1(C(CN2CCNCC2)c2ccc(Cl)cc2)CCCCC1,IC50,1525.0,5.82,395.8,3.02,0
CHEMBL451120,CSc1ccc(Oc2ccc(Br)cc2CN(C)C)cc1,IC50,2.0,8.7,352.3,5.02,1
CHEMBL490205,COc1ccc(Oc2ccc(SC)cc2)c(CN(C)C)c1,IC50,6.0,8.22,303.43,4.27,1
CHEMBL491393,CSc1ccc(Oc2ccncc2CN(C)C)cc1Cl,IC50,5.0,8.3,308.83,4.31,1
CHEMBL54,O=C(CCCN1CCC(O)(c2ccc(Cl)cc2)CC1)c1ccc(F)cc1,Ki,1800.0,5.75,375.87,4.43,0
CHEMBL142028,CNCCC(Oc1cccc2ccccc12)c1ccsc1,Ki,1.1,8.96,297.42,4.63,1
CHEMBL98646,COc1cc2c(cc1OC)C1=NO[C@@H](CN3CCN(C/C(C)=C/c4cccs4)CC3)[C@@H]1CO2,Ki,2.7,8.57,469.61,3.6,1
CHEMBL3703746,Clc1ccc(C2CNCc3cc(-c4ccc5ncnn5c4)ccc32)cc1Cl,IC50,1.8,8.74,395.29,4.94,1
CHEMBL478622,CS(=O)(=O)N(Cc1ccccc1-c1ccccc1)[C@@H]1CCNC1,Ki,5350.0,5.27,330.45,2.48,0
CHEMBL476312,CS(=O)(=O)N(Cc1ccccc1-c1ccccc1)[C@H]1CCNC1,Ki,4120.0,5.38,330.45,2.48,0
CHEMBL477573,CS(=O)(=O)N(Cc1ccccc1Oc1ccccc1)[C@H]1CCNC1,Ki,2700.0,5.57,346.45,2.6,0
CHEMBL502707,CCOC(=O)N(Cc1ccccc1SC)[C@H]1CCNC1,Ki,353.0,6.45,294.42,2.73,1
CHEMBL478834,CCOC(=O)N(Cc1ccccc1-c1ccccc1)[C@H]1CCNC1,Ki,1110.0,5.96,324.42,3.67,0
CHEMBL518276,CSc1ccccc1CN(C(=O)C(C)C)[C@H]1CCNC1,Ki,50.0,7.3,292.45,2.76,1
CHEMBL476942,CC(C)C(=O)N(Cc1ccccc1C(C)C)[C@H]1CCNC1,Ki,544.0,6.26,288.44,3.16,1
CHEMBL245880,Clc1cccc(CN(C2CCOCC2)[C@H]2CCNC2)c1Cl,IC50,10.0,8.0,329.27,3.34,1
CHEMBL549,CN(C)CCCC1(c2ccc(F)cc2)OCc2cc(C#N)ccc21,Ki,4.38,8.36,324.4,3.81,1
CHEMBL477587,N#Cc1ccc2[nH]cc([C@H]3CC[C@H](N4CCc5cc(OCCCF)ccc5C4)CC3)c2c1,Ki,327.0,6.49,431.56,5.86,1
CHEMBL293583,COc1ccc2c(c1)CCN([C@H]1CC[C@H](c3c[nH]c4ccc(C#N)cc43)CC1)C2,Ki,518.0,6.29,385.51,5.13,1
CHEMBL451232,Cl.NC[C@H]1C[C@@H]1c1ccc(F)cc1Cl,Ki,1042.0,5.98,236.12,2.54,0
CHEMBL469947,C=CCN(C(=O)[C@@]1(c2cccs2)C[C@H]1CN)C1CC1,IC50,45.0,7.35,276.41,2.14,1
CHEMBL469946,C=C(F)CN(CC)C(=O)[C@@]1(c2cccs2)C[C@H]1CN,IC50,97.0,7.01,282.38,2.3,1
CHEMBL259209,CCN(CC)C(=O)C1(c2ccccc2)CC1CN,IC50,420.0,6.38,246.35,1.77,1
CHEMBL612232,COC(=O)[C@H]1C2CC[C@@H]3C[C@@H]1/C(=C/c1ccc(OC)cc1)CN23,Ki,42.0,7.38,313.4,2.73,1
CHEMBL2332391,CN(CCCN1c2ccccc2CCc2ccccc21)C(=O)COCCOCC(=O)N(C)CCCN1c2ccccc2CCc2ccccc21,IC50,46000.0,4.34,674.89,6.59,0
CHEMBL113136,CN(C)C[C@H]1C2CCC(CC2)[C@@H]1c1cccc(Cl)c1,IC50,303.0,6.52,277.84,4.42,1
CHEMBL596185,COc1ccc(C2=NN(CCCCCNCC[C@H](Oc3cccc4ccccc34)c3cccs3)C(=O)[C@@H]3CC=CC[C@H]23)cc1OC,IC50,404.0,6.39,637.85,8.02,1
CHEMBL1170213,CCOCC1CNCCN1c1ccc2[nH]ncc2c1,Ki,15.85,7.8,260.34,1.38,1
CHEMBL1082458,CNC[C@@H](O)CCN1c2ccccc2N(c2ccccc2F)S1(=O)=O,IC50,3380.0,5.47,365.43,2.0,0
CHEMBL264173,COc1cc(Cl)ccc1O[C@@H](c1ccc(C)cc1)[C@@H]1CNCCO1,Ki,88.0,7.06,347.84,3.77,1
CHEMBL2321993,OCC[C@]1(c2cc3ccccc3o2)CCCNC1,Ki,230.0,6.64,245.32,2.44,1
CHEMBL2326691,CN1CCCCC(c2ccc(Cl)c(Cl)c2)C1,Ki,260.0,6.58,258.19,4.19,1
CHEMBL482903,[11CH3]Oc1ccc2c(c1)CCN(CCCc1c[nH]c3ccc(F)cc13)C2,Ki,4.11,8.39,337.43,4.31,1
CHEMBL43048,CNC(C)Cc1ccc2c(c1)OCO2,Ki,0.73,9.14,193.25,1.57,1
CHEMBL483316,[11CH3]Oc1cccc2c1CCN(CCCc1c[nH]c3ccc(Br)cc13)C2,Ki,2980.0,5.53,398.33,4.93,0
CHEMBL520301,[11CH3]Oc1cccc2c1CCN(CCCc1c[nH]c3ccc(F)cc13)C2,Ki,44.7,7.35,337.43,4.31,1
CHEMBL257964,CCN(CC)C(=O)[C@@]1(c2cccs2)C[C@H]1CN,IC50,520.0,6.28,252.38,1.83,1
CHEMBL404729,C=CCN(CC(=C)F)C(=O)[C@@]1(c2ccc3c(c2)OCCO3)C[C@H]1CN,IC50,39.0,7.41,346.4,2.17,1
CHEMBL260131,C#CCN(CC)C(=O)[C@@]1(c2ccc3c(c2)OCCO3)C[C@H]1CN,IC50,125.0,6.9,314.39,1.16,1
CHEMBL411677,C#CCN(CC#C)C(=O)[C@@]1(c2ccc3c(c2)CCO3)C[C@H]1CN,IC50,145.0,6.84,308.38,0.93,1
CHEMBL403469,C=CCN(CCC)C(=O)[C@@]1(c2ccc3c(c2)CCO3)C[C@H]1CN,IC50,1700.0,5.77,314.43,2.26,0
CHEMBL258450,CCN(CC)C(=O)[C@@]1(c2ccc3occc3c2)C[C@H]1CN,IC50,280.0,6.55,286.38,2.52,1
CHEMBL260440,NCC1CC1(C(=O)N1CCc2ccccc21)c1ccccc1,IC50,13.0,7.89,292.38,2.49,1
CHEMBL1822892,Cl.Fc1ccc(OC[C@@H]2CNCCO2)c2c1CCC2,Ki,21.0,7.68,287.76,1.68,1
CHEMBL3216284,CCCc1nc(C(=O)NCCCN2CCN(c3cccc(Cl)c3Cl)CC2)c(C)n1-c1ccccc1OC.Cl.Cl.Cl.Cl,IC50,84.0,7.08,690.37,5.39,1
CHEMBL1173532,COC[C@@]12CNCC[C@]1(c1ccc(Cl)c(Cl)c1)C2,Ki,1.047,8.98,286.2,3.26,1
CHEMBL1242167,Cc1ccc2c(N3CCN(CCc4cccc5c4OCc4c(C(=O)NC6CCC6)ncn4-5)CC3)cccc2n1,Ki,19.95,7.7,522.65,4.27,1
CHEMBL1173520,COC[C@@]12CNC[C@@H](F)[C@]1(c1ccc(Cl)c(Cl)c1)C2,Ki,3.981,8.4,304.19,3.21,1
CHEMBL1173754,CC(=O)[C@@]12CNCC[C@]1(c1ccc(Cl)c(Cl)c1)C2,Ki,1.0,9.0,284.19,3.2,1
CHEMBL1173595,Clc1ccc([C@]23CCNC[C@@]2(COCC2CC2)C3)cc1Cl,Ki,1.259,8.9,326.27,4.04,1
CHEMBL1173594,FC(F)(F)COC[C@@]12CNCC[C@]1(c1ccc(Cl)c(Cl)c1)C2,Ki,6.31,8.2,354.2,4.19,1
CHEMBL1172744,COC[C@@]12CNCC[C@]1(c1ccc3ccccc3c1)C2,Ki,1.0,9.0,267.37,3.11,1
CHEMBL1173414,COC[C@@]12CNCC[C@]1(c1ccc(Cl)c(C(F)(F)F)c1)C2,Ki,15.85,7.8,319.75,3.63,1
CHEMBL1173413,COC[C@@]12CNCC[C@]1(c1ccc(F)c(Cl)c1)C2,Ki,1.585,8.8,269.75,2.75,1
CHEMBL260036,CN(C)Cc1cnccc1Oc1ccc(Cl)cc1Cl,IC50,8.0,8.1,297.19,4.24,1
CHEMBL257592,CCc1cc(Cl)ccc1Oc1ccncc1CNC,IC50,46.0,7.34,276.77,3.81,1
CHEMBL1818445,Cc1csc(C23CNCC[C@]2(c2ccc(Cl)c(Cl)c2)C3)n1,Ki,0.3981,9.4,339.29,4.33,1
CHEMBL573361,CCCN1C2CCC1[C@@H](C(=O)OC)[C@@H](c1ccc(SC)cc1)C2,Ki,5.7,8.24,333.5,3.93,1
CHEMBL572350,CCNC[C@H](O)[C@H](c1ccccc1)n1cc(C)c2ccccc21,IC50,2200.0,5.66,308.43,3.51,0
CHEMBL574546,CCSc1ccc([C@H]2CC3CCC(N3)[C@H]2C(=O)OC)cc1,Ki,1.26,8.9,305.44,3.2,1
CHEMBL573831,CCSc1ccc([C@H]2CC3CCC([C@H]2C(=O)OC)N3CCCF)cc1,Ki,27.0,7.57,365.51,4.27,1
CHEMBL189367,CCc1ccc(Sc2ccccc2CN(C)C)c(N)c1,Ki,0.49,9.31,286.44,4.04,1
CHEMBL187935,CN(C)Cc1ccccc1Sc1ccc(CCO)cc1N,Ki,50.58,7.3,302.44,3.02,1
CHEMBL251026,NCCCCCCCCCCCN1CCC(c2c[nH]c3ccccc23)CC1,IC50,25.0,7.6,369.6,5.82,1
CHEMBL399014,CSc1ccc(C2CN(C)Cc3cc(Oc4nc(CN5CCOCC5)cs4)ccc32)cc1,Ki,15.5,7.81,467.66,5.07,1
CHEMBL394861,COc1ccc(C2CN(C)Cc3cc(OCCCN4CCCCC4)ccc32)cc1,Ki,2.0,8.7,394.56,4.53,1
CHEMBL487874,COc1ccc(Cc2cc([C@@H]3C4CCC(C[C@@H]3c3ccc(Cl)cc3)N4C)on2)cc1.Cl,Ki,14.4,7.84,459.42,5.66,1
CHEMBL488423,CN1C2CCC1[C@@H](c1cc(Cc3ccc(F)cc3)no1)[C@@H](c1ccc(Cl)cc1)C2.Cl,Ki,72.0,7.14,447.38,5.79,1
CHEMBL383706,CN[C@H]1CC[C@@H](c2ccc(Cl)c(Cl)c2)c2ccc(S(N)(=O)=O)cc21,IC50,1.0,9.0,385.32,3.83,1
CHEMBL398981,CNCc1cc(C#CCCN2CCCN(C(C)C)CC2)ccc1Oc1ccc(SC)cc1,Ki,3.6,8.44,451.68,5.08,1
CHEMBL237747,CNCc1cc(C#CCCN2CCC(F)CC2)ccc1Oc1ccc(Cl)c(Cl)c1,Ki,27.0,7.57,435.37,5.68,1
CHEMBL397575,CNCc1cc(C#CCCN2CCOCC2)ccc1Oc1cccc(Cl)c1,Ki,7.3,8.14,384.91,3.93,1
CHEMBL238143,CNCc1cc(CCCCN2CCN(C3CC3)CC2)ccc1Oc1ccc(SC)cc1,Ki,2.0,8.7,439.67,5.02,1
CHEMBL234449,NC(=O)c1ccc2c(c1)CCO[C@H]2CCN1CCN(c2ccc3cc(F)ccc3c2)CC1,Ki,8.1,8.09,433.53,3.9,1
CHEMBL399778,CCN(CC)CC1CC1c1cccc2ccccc12,IC50,120.0,6.92,253.39,4.29,1
CHEMBL249161,CN(C)CC1CC1c1csc2ccccc12,IC50,25.0,7.6,231.36,3.57,1
CHEMBL5086545,CN1CC[C@@]23CCCC[C@@H]2[C@@H]1Cc1ccc(C(F)(F)F)cc13,IC50,60.0,7.22,309.38,4.39,1
CHEMBL3323185,CN1Cc2cc(N3CCCCC3)ccc2C(c2cc3ccccc3s2)C1,IC50,38.0,7.42,362.54,5.47,1
CHEMBL3323174,COc1ccc2c(c1)CN(C)CC2c1ccc2sccc2c1,IC50,5.3,8.28,309.43,4.49,1
CHEMBL3323097,CN1Cc2ccccc2C(c2cc3ccccc3s2)C1,IC50,35.0,7.46,279.41,4.48,1
CHEMBL83617,NC(=O)c1ccc2c(c1)CCOC2CCN1CC=C(c2c[nH]c3cc(F)ccc23)CC1,Ki,0.1,10.0,419.5,4.2,1
CHEMBL234448,C[C@@H]1CN(c2cccc3cc(F)ccc23)CCN1CC[C@H]1OCCc2cc(C(N)=O)ccc21,Ki,7.4,8.13,447.55,4.29,1
CHEMBL234447,C[C@@H]1CN(c2cccc3cc(F)ccc23)CCN1CCC1OCCc2cc(C(N)=O)ccc21,Ki,0.8,9.1,447.55,4.29,1
CHEMBL248377,CN(C)CCC(Oc1ccc(OCCCN2CCCCC2)cc1)c1ccccc1,Ki,281.0,6.55,396.58,5.01,1
CHEMBL248375,CN(C)CCC(Oc1ccc(C(F)(F)F)cc1)c1ccc(OCCCN2CCCCC2)cc1,Ki,14.0,7.85,464.57,6.03,1
CHEMBL245920,CN(C)CCC(Oc1ccc(Cl)c(Cl)c1)c1ccc(OCCCN2CCCCC2)cc1,Ki,3.0,8.52,465.47,6.32,1
CHEMBL393071,CC(C)N1CCN(C(=O)c2ccc(C(CCN(C)C)Oc3ccc(C(F)(F)F)cc3)cc2)CC1,Ki,42.0,7.38,477.57,4.94,1
CHEMBL202479,CCCC(C(=O)c1ccc(I)cc1)N1CCCC1,Ki,301.0,6.52,357.24,3.74,1
CHEMBL469376,Cc1ccc2c(N3CCN(CCCc4cccc5c4OCC(=O)N5C)[C@H](C)C3)cccc2n1,Ki,0.5012,9.3,444.58,4.04,1
CHEMBL1672023,NC(Cc1ccc(Cl)cc1)Cc1ccc(Cl)cc1,IC50,1900.0,5.72,280.2,4.11,0
CHEMBL6731,CC(N)Cc1ccc2c(c1)OCO2,IC50,900.0,6.05,179.22,1.31,1
CHEMBL1165303,CCNC(Cc1ccc(SC)cc1)Cc1ccc(SC)cc1,IC50,2200.0,5.66,331.55,4.89,0
CHEMBL234706,CN(C)[C@H]1CC=C(c2c[nH]c3ccc(C#N)cc23)CC1,IC50,0.72,9.14,265.36,3.54,1
CHEMBL1672015,NC(Cc1ccc2c(c1)OCO2)Cc1ccc2c(c1)OCO2,IC50,1600.0,5.8,299.33,2.26,0
CHEMBL56601,O[C@H](COc1cccc2[nH]ccc12)CN1CCC(c2cc3ccc(F)cc3s2)CC1,Ki,1.99,8.7,424.54,5.14,1
CHEMBL232010,COc1ccc(C2CN(C)Cc3cc(OCCCN4CCN(c5ccc(C(F)(F)F)cc5)CC4)ccc32)cc1,Ki,33.0,7.48,539.64,5.88,1
CHEMBL396945,CCNCCCOc1ccc2c(c1)CN(C)CC2c1ccc(OC)cc1,Ki,3.4,8.47,354.49,3.65,1
CHEMBL373710,CC(C)CCC(c1ccc(Cl)cc1)C1CCCCN1,Ki,6700.0,5.17,279.86,5.0,0
CHEMBL247063,CN1Cc2cc(OCCCN3CCCCC3)ncc2C(c2ccccc2F)C1,Ki,768.0,6.12,383.51,4.05,1
CHEMBL247061,CN1Cc2cc(OCCCN3CCCCC3)ncc2C(c2ccccc2)C1,Ki,1137.0,5.94,365.52,3.91,0
CHEMBL241705,COc1cccc(C2CN(C)Cc3cc(OCCCN4CCCCC4)ncc32)c1,Ki,302.0,6.52,395.55,3.92,1
CHEMBL238053,CSc1ccc(C2CN(C)Cc3cc(Oc4ccc(CN5CCC(F)CC5)cn4)ccc32)cc1,Ki,110.0,6.96,477.65,6.11,1
CHEMBL238051,CSc1ccc([C@@H]2CN3CCC[C@@H]3c3cc(OCCCN4CCCCC4)ccc32)cc1,Ki,5.2,8.28,436.67,5.95,1
CHEMBL242817,COc1ccc(C2CN(C)Cc3cc(OCCCN4CCN(c5ccccc5O)CC4)ccc32)cc1,Ki,7.2,8.14,487.64,4.57,1
CHEMBL232661,COc1ccc(C2CN(C)Cc3cc(OCCCN(C4CC4)C4CC4)ccc32)cc1,Ki,9.7,8.01,406.57,4.67,1
CHEMBL232660,COc1ccc(C2CN(C)Cc3cc(OCCCNC4CC4)ccc32)cc1,Ki,19.3,7.71,366.51,3.79,1
CHEMBL234732,COc1ccc(C2CN(C)Cc3cc(OCCCN4CCC(F)(F)C4)ccc32)cc1,Ki,7.3,8.14,416.51,4.38,1
CHEMBL236252,CCN(CC)CCCOc1cc2c(cn1)C(c1ccc(Cl)c(Cl)c1)CN(C)C2,Ki,26.0,7.58,422.4,5.08,1
CHEMBL442080,CNCc1cc(C#CCCNC2CC2)ccc1Oc1ccc(SC)cc1,Ki,12.0,7.92,366.53,4.41,1
CHEMBL236676,CNCc1cc(C#CCCN2CCOCC2)ccc1Oc1ccc(Cl)c(C(F)(F)F)c1,Ki,17.0,7.77,452.9,4.94,1
CHEMBL425589,CC(C)CN(Cc1cccc(C#N)c1)C1CCNCC1.O=C(O)/C=C/C(=O)O,Ki,0.48,9.32,387.48,2.77,1
CHEMBL207407,CC(C)CN(Cc1ccccc1C#N)C1CCNCC1.O=C(O)/C=C/C(=O)O,Ki,1.2,8.92,387.48,2.77,1
CHEMBL249214,O=C(OCCO)C1=C(c2ccc(Cl)c(Cl)c2)CCC1,Ki,50000.0,4.3,301.17,3.47,0
CHEMBL256511,CNCc1cnccc1Oc1ccc(Cl)cc1C,IC50,14.0,7.85,262.74,3.56,1
CHEMBL1683902,CN(C)CC1(c2ccc3ccccc3c2)CCCCC1,IC50,3.0,8.52,267.42,4.6,1
CHEMBL1681810,CN(C)CC1(c2ccc(C(F)(F)F)cc2)CCCCC1,IC50,96.0,7.02,285.35,4.47,1
CHEMBL210656,COc1cccc2c1CC(N(C)CCCc1c[nH]c3ccc(F)cc13)CO2,IC50,15.0,7.82,368.45,4.18,1
CHEMBL214121,Fc1cccc(C(Cc2ccccc2Cl)N2CCNCC2)c1,IC50,15.0,7.82,318.82,3.67,1
CHEMBL381079,CC(C)(C#N)CN(Cc1ccc(F)cc1C(F)(F)F)C1CCNCC1.O=C(O)C(O)C(O)C(=O)O,Ki,4.2,8.38,507.48,3.95,1
CHEMBL206152,N#CCCN(Cc1ccc(F)cc1C(F)(F)F)C1CCNCC1.O=C(O)C(O)C(O)C(=O)O,Ki,0.4,9.4,479.43,3.31,1
CHEMBL207755,COCCCN(Cc1ccc(F)cc1C(F)(F)F)C1CCNCC1.O=C(O)C(O)C(O)C(=O)O,Ki,1.1,8.96,498.47,3.44,1
CHEMBL218848,CC(C)C(c1ccc(Cl)cc1)C1CCCCN1,IC50,3300.0,5.48,251.8,4.22,0
CHEMBL219281,Clc1ccc(C(CCc2ccccc2)C2CCCCN2)cc1,Ki,640.0,6.19,313.87,5.2,1
CHEMBL3260336,FC(F)(COc1ccc(Cl)cc1OC1CNC1)c1ccccc1,Ki,124.0,6.91,339.77,3.86,1
CHEMBL2096860,COC(=O)[C@H]1C2CCC(C[C@@H]1c1ccc(I)cc1)N2C,Ki,6.0,8.22,385.25,3.03,1
CHEMBL227231,CN1[C@H]2CC[C@@H]1[C@@H](c1ncc(-c3cccc(Br)c3)s1)[C@@H](c1ccc(Cl)cc1)C2,Ki,1500.0,5.82,473.87,6.96,0
CHEMBL1683894,CN(C)CC1(c2ccc(F)cc2)CCCCC1,IC50,33.0,7.48,235.35,3.59,1
CHEMBL388825,COc1ccc([C@@H]2C3CCC(C[C@H]2c2ccc(C)cc2)N3C)cc1OC,IC50,16200.0,4.79,351.49,4.75,0
CHEMBL344513,CC(C)(C)N[C@@H]1C[C@@H](c2ccc(Cl)c(Cl)c2)c2ccccc21,Ki,740.0,6.13,334.29,5.96,1
CHEMBL237514,CNCc1cc(C#CCCN2CCNC(=O)C2)ccc1Oc1ccc(SC)cc1,Ki,1.3,8.89,409.56,3.09,1
CHEMBL237863,CSc1ccc(C2CN(C)Cc3cc(Oc4ccc(CN5CCOCC5)cn4)ccc32)cc1,Ki,7.9,8.1,461.63,5.01,1
CHEMBL400831,CSc1ccc(C2CN(C)Cc3cc(Oc4ccc(CN5CCCCC5)nc4)ccc32)cc1,Ki,8.0,8.1,459.66,6.16,1
CHEMBL236606,CSc1ccc(C2CN(C)Cc3cc(Oc4ccnc(CN5CCCCC5)c4)ccc32)cc1,Ki,323.0,6.49,459.66,6.16,1
CHEMBL238052,COc1ccc(C2CN(C)Cc3cc(OCCCN4CCCCC4)ncc32)cc1,Ki,107.0,6.97,395.55,3.92,1
CHEMBL5906545,CCC1(O)CCC(CN)(c2ccc(Cl)c(Cl)c2)CC1,IC50,256.0,6.59,302.25,3.91,1
CHEMBL5940818,CNCC1(c2ccc3ccccc3c2)CCC(O)(CF)CC1,IC50,26.0,7.58,301.4,3.57,1
CHEMBL5781676,NCC1(c2ccc3ccccc3c2)CCC(O)(CF)CC1,IC50,480.0,6.32,287.38,3.31,1
CHEMBL5855530,CN(C)CC1(c2ccc(Cl)c(F)c2)CCCCC1O,IC50,1303.0,5.88,285.79,3.21,0
CHEMBL5846112,CN(C)CC1(c2ccc(Cl)c(Cl)c2)CCCCC1O,IC50,405.0,6.39,302.25,3.73,1
CHEMBL5819726,NC[C@@]1(c2ccc(Cl)c(Cl)c2)CCCC[C@H]1O,IC50,3160.0,5.5,274.19,3.12,0
CHEMBL1683877,Clc1ccc(C2(CN3CCCC3)CCCCC2)cc1Cl,IC50,8571.0,5.07,312.28,5.29,0
CHEMBL566001,CC(NC(C)(C)C)C(=O)c1ccc(Br)cc1,IC50,4508.0,5.35,284.2,3.41,0
CHEMBL609023,CCOCC[C@]1(c2ccc(Cl)c(Cl)c2)[C@@H]2CNC[C@@H]21,Ki,0.5012,9.3,300.23,3.51,1
CHEMBL596809,COC[C@H]1[C@@H]2CNC[C@@]21c1ccc(Cl)c(Cl)c1,Ki,1.514,8.82,272.17,2.73,1
CHEMBL592375,OC[C@@H]1[C@@H]2CNC[C@]12c1ccc(Cl)c(Cl)c1,Ki,51.29,7.29,258.15,2.07,1
CHEMBL610795,Clc1ccc([C@@]23CNC[C@@H]2[C@H]3COCC2CC2)cc1Cl,Ki,0.3162,9.5,312.24,3.51,1
CHEMBL591514,Cc1ccc(Oc2ccc(OCCF)cc2CN(C)C)c(N)c1,Ki,401.0,6.4,318.39,3.78,1
CHEMBL197982,C[C@@H]1CN(c2cccc3cc(F)ccc23)CCN1CCC1OCCc2c1sc(C(N)=O)c2Cl,IC50,2.1,8.68,488.03,5.01,1
CHEMBL101055,COc1cccc(C(CN(C)C)C2(O)CCCCC2)c1,IC50,88.0,7.06,277.41,3.04,1
CHEMBL180700,O=C1COc2ccc(OCCNCCCOc3cccc4[nH]ccc34)cc2N1,Ki,79.43,7.1,381.43,2.94,1
CHEMBL1087895,Cc1cccc(N2CCN(CCCNC(=O)c3cc(-c4ccccc4)n(Cc4ccccc4)c3C)CC2)c1C,IC50,14.3,7.84,520.72,6.07,1
CHEMBL1081035,CCCn1c(-c2ccccc2)cc(C(=O)NCCN2CCN(c3cccc(Cl)c3Cl)CC2)c1C,IC50,32.0,7.5,499.49,5.73,1
CHEMBL203821,Cc1ccc([S+]([O-])c2ccccc2CN(C)C)c(N)c1,Ki,4.15,8.38,288.42,2.81,1
CHEMBL1087453,O=C1CCc2ccc(OCCCN3CCN(c4cccc5[nH]c(=O)oc45)CC3)cc2N1,Ki,93.0,7.03,422.49,2.6,1
CHEMBL142517,CN(C)Cc1ccccc1Sc1cc(F)c(Cl)cc1[N+](=O)[O-],Ki,2810.0,5.55,340.81,4.6,0
CHEMBL327963,COC(=O)C1=C(c2ccc(F)cc2)CC2CCC1C2,IC50,35400.0,4.45,260.31,3.57,0
CHEMBL2113005,Fc1ccc2[nH]cc(CC3CN4CCC3CC4)c2c1,IC50,18.0,7.75,258.34,3.19,1
CHEMBL110530,Fc1ccc(CN2CCC(CCNC(c3ccccc3)c3ccccc3)CC2)cc1,IC50,5848.0,5.23,402.56,5.81,0
CHEMBL1790051,COC(=O)[C@@H]1C2CC[C@H](C[C@@H]1c1ccccc1)N2C.Cl,IC50,2000.0,5.7,295.81,2.43,0
CHEMBL2333631,CN1CCC(COCc2cc(C(F)(F)F)cc(C#N)n2)(c2ccccc2)CC1,IC50,4.3,8.37,389.42,4.15,1
CHEMBL2333628,CN1CCN(c2cc(C(F)(F)F)cc(COCC3(c4ccccc4)CCNCC3)n2)CC1,IC50,94.0,7.03,448.53,3.69,1
CHEMBL2333620,CCC(CC)Nc1cc(C(F)(F)F)cc(COCC2(c3ccc(F)cc3)CCN(C)CC2)n1,IC50,15.0,7.82,467.55,6.02,1
CHEMBL2333642,Fc1ccc(C2(COCc3cc(C(F)(F)F)cc(Cl)n3)CCNCC2)cc1,IC50,9.0,8.05,402.82,4.73,1
CHEMBL5758073,Clc1ccc(OC2CCc3ccc(Cl)cc32)c(OC2CNC2)c1,Ki,21.0,7.68,350.25,4.41,1
CHEMBL5879985,CNC[C@H](c1ccc2ccccc2c1)[C@H](OCc1cccn(C)c1=O)c1ccccc1,Ki,1.9,8.72,412.53,4.8,1
CHEMBL5769402,CNCC(Cc1ccccc1F)c1ccc2ccccc2c1,Ki,7.0,8.15,293.38,4.52,1
CHEMBL5750611,O=C(c1ccc2ccccc2c1)c1ccc(Br)cc1OC1CNC1,Ki,14.0,7.85,382.26,4.18,1
CHEMBL599608,CNC[C@@H](O)[C@H](c1ccccc1)N1CCc2ccccc21.Cl,IC50,29.0,7.54,318.85,2.37,1
CHEMBL610514,CNC[C@@H](O)[C@H](c1cccc(F)c1)N1CCc2ccccc21.Cl,IC50,21.0,7.68,336.84,2.51,1
CHEMBL5944126,CC(Oc1ccc(Cl)cc1OC1CNC1)c1ccc(F)c(C(F)(F)F)c1,Ki,71.0,7.15,389.78,4.99,1
CHEMBL6044123,CC(Oc1ccc(Cl)cc1OC1CNC1)c1ccc(Cl)cc1,Ki,25.0,7.6,338.23,4.48,1
CHEMBL5893393,CC(C)C1(Oc2cc(Br)ccc2OCc2cccc(Cl)c2)CNC1,Ki,1693.0,5.77,410.74,5.06,0
CHEMBL6018706,CC1(Oc2cc(Br)ccc2OCCc2ccccc2)CNC1,Ki,44.0,7.36,362.27,3.81,1
CHEMBL5876025,Clc1ccc(OC2CC(c3ccccc3)C2)c(OC2CNC2)c1,Ki,72.0,7.14,329.83,4.02,1
CHEMBL5951118,CC(C)(C)N1CC(Oc2cc(Cl)ccc2OCc2cccc(C(F)(F)F)c2)C1,Ki,1203.0,5.92,413.87,5.8,0
CHEMBL417035,Fc1ccc(CCNCC2CCCN(CCOC(c3ccccc3)c3ccccc3)C2)cc1,Ki,890.0,6.05,446.61,5.48,1
CHEMBL5857295,Clc1ccc(OC2CN(c3ccccc3)C2)c(OC2CNC2)c1,Ki,2114.0,5.67,330.82,2.96,0
CHEMBL6033850,C[C@@H]1[C@@H](Oc2ccc(Cl)cc2OC2CNC2)CN1Cc1ccccc1,Ki,8999.0,5.05,358.87,3.34,0
CHEMBL3310489,Cc1cccc(OC(CC2CNC2)c2ccc(Cl)c(F)c2)c1,IC50,23.0,7.64,319.81,4.52,1
CHEMBL1087924,CNCCCN1Cc2ccccc2N(c2ccccc2F)S1(=O)=O,IC50,5500.0,5.26,349.43,2.63,0
CHEMBL1088163,CCCn1c(-c2ccccc2)cc(C(=O)NCCCN2CCN(c3cccc(C)c3C)CC2)c1C,IC50,76.0,7.12,472.68,5.43,1
CHEMBL295467,CNCCC(Oc1ccccc1OC)c1ccccc1,IC50,700.0,6.16,271.36,3.42,1
CHEMBL1080522,Cc1[nH]c(-c2ccccc2)cc1C(=O)NCCN1CCN(c2cccc(Cl)c2Cl)CC1,IC50,87.0,7.06,457.41,4.85,1
CHEMBL1275792,CN(C)[C@H]1CC[C@H](c2c[nH]c3ccc(F)cc23)C1,IC50,5.9,8.23,246.33,3.5,1
CHEMBL1275793,CN(C)[C@@H]1CC[C@H](c2c[nH]c3ccc(F)cc23)C1,IC50,2.4,8.62,246.33,3.5,1
CHEMBL3965642,COCCCCN[C@H](CC(C)C)C1(c2ccc(Cl)c(Cl)c2)CCC1,Ki,1.19,8.92,372.38,5.85,1
CHEMBL1213674,Cc1c(C(=O)NCCCN2CCN(c3cccc(Cl)c3Cl)CC2)cc(C(C)(C)C)n1C,IC50,375.0,6.43,465.47,4.88,1
CHEMBL317757,CN1C2CCC1CC(OC(c1ccc(F)cc1)c1ccc(F)cc1)C2,IC50,5340.0,5.27,343.42,4.7,0
CHEMBL304656,COC(=O)[C@H]1C2CC[C@@H]3C[C@@H]1/C(=C/c1ccc(Cl)c(Cl)c1)CN23,Ki,0.56,9.25,352.26,4.03,1
CHEMBL1914696,CN1C2CCC1[C@@H](CNc1cccc(Br)n1)[C@@H](c1ccc(Cl)cc1)C2,Ki,7.4,8.13,420.78,5.18,1
CHEMBL1914695,CN1C2CCC1[C@@H](C(=O)Nc1cccc(F)n1)[C@@H](c1ccc(Cl)cc1)C2,Ki,29104.0,4.54,373.86,4.08,0
CHEMBL596805,CC(C)OCC[C@]1(c2ccc(Cl)c(Cl)c2)[C@@H]2CNC[C@@H]21,Ki,0.3162,9.5,314.26,3.9,1
CHEMBL598644,Clc1ccc([C@@]2(COCC3CC3)[C@@H]3CNC[C@@H]32)cc1Cl,Ki,0.631,9.2,312.24,3.51,1
CHEMBL597000,Cc1csc(C[C@H]2[C@@H]3CNC[C@@]32c2ccc(Cl)c(Cl)c2)n1,Ki,0.1995,9.7,339.29,4.09,1
CHEMBL2021581,COCC[C@H]1[C@@]2(c3ccc(Cl)c(Cl)c3)CNC[C@]12C,Ki,31.62,7.5,300.23,3.51,1
CHEMBL2021580,COCC[C@H]1[C@]2(C)CNC[C@]12c1ccc(Cl)c(Cl)c1,Ki,0.7943,9.1,300.23,3.51,1
CHEMBL2310846,COC(=O)[C@H]1C(c2ccc(Cl)c(Cl)c2)CC2C[C@@H](O)[C@H]1N2C,IC50,5300.0,5.28,344.24,2.7,0
CHEMBL569700,CC(NC1CC1)C(=O)c1cccc(Cl)c1,IC50,3180.0,5.5,223.7,2.66,0
CHEMBL575077,c1ccc(Oc2ccccc2C2CCNCC2)cc1,Ki,1760.0,5.75,253.34,3.95,0
CHEMBL5867317,CNCc1cc(OCc2cc(F)c(F)cc2F)n(CCC(C)C)n1,Ki,1.1,8.96,341.38,3.64,1
CHEMBL2112354,Cc1cc2c(OC[C@@H](O)CN3CC[C@@H](c4ccc5ccoc5c4)C[C@@H]3C)cccc2[nH]1,Ki,3.77,8.42,418.54,5.23,1
CHEMBL566396,O=c1[nH]c2cccc(OCC3CCN(CC4CCc5[nH]c6ccc(F)cc6c5C4)CC3)c2o1,Ki,0.4,9.4,449.53,4.64,1
CHEMBL567288,CCC(=O)N(Cc1ccc2ccccc2c1)C1CCNCC1,IC50,1.0,9.0,296.41,3.33,1
CHEMBL1213985,Cc1ccc2cccc(N3CCN(CCCNC(=O)c4cc(-c5ccccc5)n(C)c4C)CC3)c2n1,IC50,300.0,6.52,481.64,4.8,1
CHEMBL1271985,Cc1cc(C(=O)NCCCN2CCN(c3cccc(C)c3C)CC2)nc(C2CC2)n1.Cl,IC50,347.0,6.46,444.02,3.22,1
CHEMBL1271815,Cc1nc(C(=O)NCCCN2CCN(c3cccc(C)c3C)CC2)cc(C(C)C)n1.Cl,IC50,1213.0,5.92,446.04,3.47,0
CHEMBL1271698,Cc1cc(C(=O)NCCCN2CCN(c3cccc(Cl)c3Cl)CC2)nc(C)n1.Cl,IC50,289.0,6.54,458.82,3.34,1
CHEMBL552167,CN(C)C[C@H]1CCC[C@@H]1c1c[nH]c2ccc(C#N)cc12,IC50,0.32,9.49,267.38,3.48,1
CHEMBL549509,CCCN(C(=O)c1ccccc1SC)[C@H]1CCNC1,Ki,1090.0,5.96,278.42,2.62,0
CHEMBL557660,CSc1ccccc1C(=O)N(c1ccccc1)[C@H]1CCNC1,Ki,64.0,7.19,312.44,3.42,1
CHEMBL570317,N#Cc1cccc(CN(c2ccc3[nH]ccc3c2)C2CCNCC2)c1,Ki,0.2512,9.6,330.44,3.8,1
CHEMBL558329,CNC[C@H]1C[C@@]1(Oc1cccc2ccccc12)c1cccs1.Cl,Ki,7.47,8.13,345.89,4.41,1
CHEMBL458639,NCC1CCC(c2ccccc2)O1,Ki,43.0,7.37,177.25,1.87,1
CHEMBL448912,NCCC1CCC(Cc2ccccc2)O1,Ki,3822.0,5.42,205.3,2.13,0
CHEMBL511500,COc1ccc(F)cc1CC[C@H]1CC[C@H](CN)O1,Ki,3.2,8.49,253.32,2.27,1
CHEMBL809,CN[C@H]1CC[C@@H](c2ccc(Cl)c(Cl)c2)c2ccccc21,IC50,3.0,8.52,306.24,5.18,1
CHEMBL455447,CNC[C@@H]1Cc2ccccc2[C@@H]1Oc1ccccc1C,IC50,1400.0,5.85,267.37,3.51,0
CHEMBL454674,CNC[C@]1(O)Cc2ccccc2[C@@H]1Oc1ccccc1F,IC50,700.0,6.16,287.33,2.45,1
CHEMBL319573,COc1cc2c(cc1OC)C1=NO[C@@H](CN3CCN(C/C=C/c4ccccc4F)CC3)[C@@H]1CO2,Ki,13.0,7.89,467.54,3.29,1
CHEMBL378379,CNC(=O)c1ccc2c(c1)[C@@H](NC)CC[C@H]2c1ccc(Cl)c(Cl)c1,IC50,3.0,8.52,363.29,4.54,1
CHEMBL337798,CNCCC(Oc1cccc2ccccc12)c1cccc(Br)c1,Ki,7.6,8.12,370.29,5.33,1
CHEMBL5790064,CCC(CC)n1nc(CNC)cc1OCc1cc(Cl)ccc1F,Ki,1.6,8.8,339.84,4.34,1
CHEMBL5915883,CNCc1cc(OCc2cc(Cl)ccc2F)n(CCC(C)(C)OC)n1,Ki,22.0,7.66,369.87,3.79,1
CHEMBL5755161,CN[C@H](C)c1cc(OCc2cc(F)ccc2F)n(CCC2CCCC2)n1,Ki,14.0,7.85,363.45,4.6,1
CHEMBL1242436,Cc1ccc2c(N3CCN(CCc4cccc5c4OCc4c(C(=O)N6CCC6)ncn4-5)CC3)cccc2n1,Ki,6.31,8.2,508.63,3.83,1
CHEMBL6013699,CNCc1cc(OC(C)c2cccc(Cl)c2)n(CC2CCCCC2)n1,Ki,53.0,7.28,361.92,4.98,1
CHEMBL5899591,CNCc1cc(SCc2ccccc2)n(Cc2ccccc2)n1,Ki,32.0,7.5,323.47,3.94,1
CHEMBL1170373,c1ccc(CCC2CNCCN2c2ccc3[nH]ncc3c2)cc1,Ki,3.981,8.4,306.41,2.97,1
CHEMBL88246,COC(=O)C1C(c2ccc(Cl)c(Cl)c2)CC2[C@H](O)CC1N2C,IC50,10700.0,4.97,344.24,2.7,0
CHEMBL3233409,CN1CCN2c3c(cccc31)[C@@H]1CN(CCCOc3ccc(F)cc3)CC[C@@H]12,Ki,27.0,7.57,381.5,3.72,1
CHEMBL3233416,Cc1ccn2c(=O)c(CCN3CC[C@H]4[C@@H](C3)c3cccc5c3N4CCN5C)c(C)nc2c1,Ki,57.0,7.24,429.57,2.98,1
CHEMBL523475,COc1ccc(CC(C)(C)NCC(O)COc2cccc(Cl)c2C#N)cc1,IC50,34.0,7.47,388.89,3.57,1
CHEMBL606149,O=C1NCCc2ccc3c(c21)CC(NCCCc1c[nH]c2ccc(F)cc12)CO3,Ki,10.0,8.0,393.46,3.12,1
CHEMBL603835,O=C1NCc2ccc3c(c21)CC(N(CCCc1c[nH]c2ccc(F)cc12)CC1CCCCC1)CO3,Ki,1242.0,5.91,475.61,5.37,0
CHEMBL596297,N#Cc1ccc2[nH]cc(CCCCN(CC3CC3)C3COc4ccc5c(c4C3)C(=O)NC5)c2c1,Ki,12.0,7.92,454.57,4.32,1
CHEMBL464422,COc1ccc(F)cc1CCC1CCC(CCN)O1,Ki,2.1,8.68,267.34,2.66,1
CHEMBL451500,COc1ccc(F)c(CCCC2CCC(CCNCCCCCN3N=C(c4ccc(OC)c(OC)c4)[C@H]4CC=CC[C@H]4C3=O)O2)c1,IC50,194.0,6.71,635.82,6.7,1
CHEMBL198525,O=C(CCCCC1SCC2NC(=O)NC21)NCCN1CC=C(c2c[nH]c3ccccc23)CC1,IC50,2.0,8.7,467.64,3.1,1
CHEMBL1170211,Fc1cc(N2CCNCC2Cc2ccccc2)cc2cc[nH]c12,Ki,15.85,7.8,309.39,3.33,1
CHEMBL1170585,CNc1ccc(N2CCNCC2Cc2ccccc2)cc1,Ki,79.43,7.1,281.4,2.75,1
CHEMBL1171392,c1ccc(CC2CNCCN2c2ccccc2)cc1,Ki,15.85,7.8,252.36,2.71,1
CHEMBL420830,COc1cc2c(cc1OC)C1=NO[C@@H](CN3CCN(C/C=C\c4ccccc4)CC3)[C@@H]1CO2,Ki,35.0,7.46,449.55,3.15,1
CHEMBL324967,CNCC[C@H](Oc1cccc2c(O)cccc12)c1cccs1,Ki,9.6,8.02,313.42,4.34,1
CHEMBL5805164,CNCc1cc(OCc2ccccc2F)n(Cc2ccc(F)cc2)n1,Ki,9.7,8.01,343.38,3.51,1
CHEMBL442272,FC(F)(F)c1ccccc1CN(C1CCOCC1)[C@H]1CCNC1,IC50,21.0,7.68,328.38,3.05,1
CHEMBL270625,CNCc1cc(C(=O)N2CCN(C(C)C)CC2)ccc1Oc1ccc(SC)cc1,Ki,5.9,8.23,413.59,4.09,1
CHEMBL124854,COC(=O)C1C2CCC(C[C@@H]1OC(c1ccc(F)cc1)c1ccc(F)cc1)N2Cc1ccccc1,IC50,4970.0,5.3,477.55,5.67,0
CHEMBL394158,C#Cc1ccc([C@@H]2C[C@H]3CC[C@@H](N3)[C@H]2C(=O)OC)cc1,Ki,3.45,8.46,269.34,2.06,1
CHEMBL398370,COC(=O)[C@@H]1[C@H]2CC[C@H](C[C@H]1c1ccc(I)cc1)N2,Ki,4.16,8.38,371.22,2.69,1
CHEMBL235569,COC(=O)[C@@H]1[C@H]2CC[C@H](C[C@H]1c1ccc(C)cc1)N2,Ki,136.29,6.87,259.35,2.39,1
CHEMBL255450,C#CCN(CC=C)C(=O)[C@@]1(c2ccsc2)C[C@H]1CN,IC50,71.0,7.15,274.39,1.61,1
CHEMBL388850,CN1C2CCC1[C@@H](c1ccccc1)[C@@H](c1ccccc1)C2,IC50,21000.0,4.68,277.41,4.42,0
CHEMBL5800254,CNC[C@H](c1ccc(Cl)c(Cl)c1)[C@@H](O)c1ccccc1[N+](=O)[O-],Ki,243.0,6.61,355.22,3.94,1
CHEMBL373385,COC(=O)[C@@H]1C2CCC(C[C@H]1c1ccc(C)cc1)N2C,IC50,4250.0,5.37,273.38,2.73,0
CHEMBL375889,COC(=O)[C@@H]1C2CCC(C[C@H]1c1ccc(I)cc1)N2C,IC50,64.9,7.19,385.25,3.03,1
CHEMBL218082,COC(=O)[C@@H]1C2CCC(C[C@@H]1c1ccc(Br)cc1)N2C,IC50,10.6,7.97,338.24,3.19,1
CHEMBL246541,CN1Cc2cc(OCCCN3CCC(F)CC3)ccc2C(c2cc(Cl)ccc2Cl)C1,Ki,107.0,6.97,451.41,5.77,1
CHEMBL246540,CN1Cc2cc(OCCCN3CCC(F)CC3)ccc2C(c2ccc(Cl)c(Cl)c2)C1,Ki,21.0,7.68,451.41,5.77,1
CHEMBL397299,COc1cccc(C2CN(C)Cc3cc(OCCCN4CCC(F)CC4)ccc32)c1,Ki,4.3,8.37,412.55,4.48,1
CHEMBL294105,COC(=O)[C@H]1C2CC[C@@H]3C[C@@H]1/C(=C/c1ccccc1)CN23,Ki,2330.0,5.63,283.37,2.73,0
CHEMBL592697,Cc1ccc(Oc2cc(F)ccc2CN(C)C)c(N)c1,Ki,7.0,8.15,274.34,3.57,1
CHEMBL1683893,CN(C)CC1(c2cccc(F)c2)CCCCC1,IC50,224.0,6.65,235.35,3.59,1
CHEMBL5884044,CNCC1(c2cccc(C(F)(F)F)c2)CCCCC1,IC50,9490.0,5.02,271.33,4.13,0
CHEMBL3458807,NCC1(c2cccc(C(F)(F)F)c2)CCCCC1,IC50,6550.0,5.18,257.3,3.87,0
CHEMBL1683885,CNCC1(c2ccc(Cl)cc2)CCCCC1,IC50,1870.0,5.73,237.77,3.76,0
CHEMBL5741175,c1ccc2cc(C3(C4CCCN4)CCCCC3)ccc2c1,IC50,40.0,7.4,279.43,4.79,1
CHEMBL2380972,CNC[C@H]1CCC[C@H]1c1ccc2[nH]cc(C#N)c2c1,IC50,64.0,7.19,253.35,3.14,1
CHEMBL2380973,N#Cc1c[nH]c2ccc([C@@H]3CCC[C@H]3CN3CCCC3)cc12,IC50,300.0,6.52,293.41,4.02,1
CHEMBL2380978,CCNC[C@@H]1CCC[C@H]1c1ccc2[nH]cc(C#N)c2c1,IC50,260.0,6.58,267.38,3.53,1
CHEMBL2380981,CN(C)C[C@@H]1CCC[C@H]1c1ccc2c(c1)c(C#N)cn2C,IC50,570.0,6.24,281.4,3.5,1
CHEMBL1214114,CCCn1c(-c2ccccc2)cc(C(=O)NCCCN2CCN(c3cccc(OC)c3OC)CC2)c1C,IC50,1981.0,5.7,504.68,4.83,0
CHEMBL1214367,Cc1cccc(N2CCN(CCCNC(=O)c3cc(-c4ccc(Cl)cc4)n(C)c3C)CC2)c1C.Cl,IC50,129.0,6.89,515.53,5.21,1
CHEMBL1213932,COc1cccc(N2CCN(CCCNC(=O)c3cc(-c4ccccc4)n(C)c3C)CC2)c1OC,IC50,1259.0,5.9,476.62,3.96,0
CHEMBL1080728,CCCn1c(-c2ccccc2)cc(C(=O)NCCCN2CCN(c3cccc(Cl)c3)CC2)c1C,IC50,93.0,7.03,479.07,5.47,1
CHEMBL453061,Cc1ccccc1O[C@H]1CC[C@@H](N)c2ccccc21,IC50,2300.0,5.64,253.34,3.91,0
CHEMBL520735,CN(C)[C@@H]1C[C@H](Oc2ccccc2)c2ccccc21,IC50,2000.0,5.7,253.34,3.81,0
CHEMBL421167,COC(=O)C1C(c2ccc(Cl)c(Cl)c2)CC2[C@@H](O)CC1N2C,IC50,1450.0,5.84,344.24,2.7,0
CHEMBL578158,NC[C@H](O)[C@H](c1ccccc1)n1ccc2ccccc21,IC50,50.0,7.3,266.34,2.55,1
CHEMBL577504,Cc1cn([C@@H](c2ccccc2)[C@@H](O)CN)c2ccccc12,IC50,299.0,6.52,280.37,2.86,1
CHEMBL569048,CNC[C@H](O)[C@H](c1ccccc1)n1ccc2cc(OC)ccc21,IC50,31.0,7.51,310.4,2.82,1
CHEMBL570856,CNC[C@H](O)[C@H](c1ccccc1)n1ccc2ccccc21,IC50,918.0,6.04,280.37,2.81,1
CHEMBL5834655,CNCC(CCc1ccccc1)[C@@H](O)c1ccccc1,Ki,252.0,6.6,269.39,3.19,1
CHEMBL5992805,CNC[C@H](c1ccc2ccccc2c1)[C@H](O)c1ccccc1C,Ki,3.4,8.47,305.42,4.18,1
CHEMBL5759494,CNC[C@H](c1ccc2ccccc2c1)[C@H](OCC(N)=O)c1ccccc1,Ki,0.6,9.22,348.45,3.39,1
CHEMBL584173,Fc1ccc(Oc2ccccc2C2CCNCC2)cc1,Ki,319.0,6.5,271.33,4.09,1
CHEMBL574127,c1ccc(OCc2ccccc2N2CCNCC2)cc1,Ki,780.0,6.11,268.36,2.68,1
CHEMBL1242623,Cc1ccc2c(N3CCN(CCc4cccc5c4OCc4c(C(=O)N6CCCCC6)ncn4-5)CC3)cccc2n1,Ki,10.0,8.0,536.68,4.61,1
CHEMBL5919326,CN1CC(Oc2cc(Cl)ccc2OCc2cc(CO)c(C(F)(F)F)o2)C1,Ki,5000.0,5.3,391.77,3.72,0
CHEMBL5796568,Clc1ccc(OCc2cc3ccccc3o2)c(OC2CNC2)c1,Ki,242.0,6.62,329.78,4.02,1
CHEMBL5882181,CNC[C@H](c1ccc(Br)c(Cl)c1)[C@H](O)c1ccccc1,Ki,19.7,7.71,354.68,4.14,1
CHEMBL5901363,CNC[C@H](c1ccc2ccccc2c1)[C@H](OCC(=O)Nc1ccccc1)c1ccccc1,Ki,2.4,8.62,424.54,5.54,1
CHEMBL5969329,CNC[C@H](c1ccc2ccccc2c1)[C@H](O)c1ccncc1,Ki,2.7,8.57,292.38,3.27,1
CHEMBL2103774,C#C[C@]1(O)CC[C@H]2[C@@H]3[C@H](C)CC4=C(CCC(=O)C4)[C@H]3CC[C@@]21C,IC50,90.7,7.04,312.45,3.88,1
CHEMBL3126969,FC(F)(F)c1cc(COCC2(c3ccccc3)CCC(N3CCCCC3)CC2)cc(C(F)(F)F)c1,IC50,970.0,6.01,499.54,7.61,1
CHEMBL3216505,Cc1c(Cl)cccc1N1CCN(CC(O)CNC(=O)c2nc(C)n(C3CCCC3)c2C)CC1.Cl.Cl.Cl,IC50,39.1,7.41,583.43,3.49,1
CHEMBL3216965,COc1ccc(-n2c(C)nc(C(=O)NCC(O)CN3CCN(c4cccc(Cl)c4C)CC3)c2C)cc1.Cl.Cl.Cl,IC50,24.0,7.62,621.44,3.37,1
CHEMBL136154,Fc1ccc(C(OCCC2CCN(Cc3cc4ccccc4o3)CC2)c2ccc(F)cc2)cc1,Ki,85.0,7.07,461.55,7.12,1
CHEMBL488638,Clc1ccc([C@@]23CNC[C@@H]2C3)cc1Cl,IC50,133.0,6.88,228.12,2.85,1
CHEMBL469567,Cc1ccc2c(N3CCN(CCc4cccc5c4OCC(=O)N5C(C)C)CC3)cccc2n1,Ki,158.49,6.8,444.58,4.04,1
CHEMBL471047,Cc1ccc2c(N3CCN(CCc4cccc5c4OCC(=O)N5C)[C@@H](C)C3)cccc2n1,Ki,12.59,7.9,430.55,3.65,1
CHEMBL347772,c1ccc(C(c2ccccc2)c2ccccn2)cc1,Ki,35000.0,4.46,245.32,4.26,0
CHEMBL482292,CN(C)Cc1cc(S(N)(=O)=O)ccc1Cc1ccc(Cl)c(Cl)c1,IC50,60.0,7.22,373.31,3.29,1
CHEMBL481697,CN(C)Cc1cc(CNS(C)(=O)=O)ccc1Oc1ccc(OC(F)(F)F)cc1,IC50,11.0,7.96,418.44,3.49,1
CHEMBL1258649,O=C1NCc2cc(F)c(OCCCCN3CCN(c4cccc5cccc(F)c45)CC3)cc21,Ki,10.5,7.98,451.52,4.34,1
CHEMBL566420,CC(C(=O)c1cccc(Cl)c1)N1CCCCC1,Ki,5479.0,5.26,251.76,3.4,0
CHEMBL157455,CC(NC(C)(C)C)C(O)c1ccccc1,Ki,4000.0,5.4,207.32,2.5,0
CHEMBL247341,Cc1c(Cl)cccc1CN(C1CCOCC1)[C@H]1CCNC1,IC50,11.0,7.96,308.85,2.99,1
CHEMBL273208,CNCc1cnc(C)cc1Oc1ccccc1Oc1ccccc1,Ki,823.0,6.08,320.39,4.69,1
CHEMBL401550,Cc1cc(Oc2ccccc2Cl)c(CN(C)C)cn1,Ki,242.0,6.62,276.77,3.9,1
CHEMBL265951,COc1ccccc1Oc1cc(C)ncc1CN(C)C,Ki,1420.0,5.85,272.35,3.25,0
CHEMBL14370,CCOc1ccccc1OC(c1ccccc1)C1CNCCO1,Ki,1400.0,5.85,313.4,3.19,0
CHEMBL376852,CCC(c1ccc(Cl)cc1)C1CCCCN1,IC50,2400.0,5.62,237.77,3.98,0
CHEMBL3216077,Cc1cccc(N2CCN(C[C@H](O)CNC(=O)c3nc(C)n(-c4ccccc4F)c3C)CC2)c1C.Cl.Cl,IC50,0.75,9.12,552.52,3.16,1
CHEMBL219653,Clc1ccc(C(CC2CCCC2)C2CCCCN2)cc1,IC50,2100.0,5.68,291.87,5.15,0
CHEMBL218894,COc1ccc(C(CC(C)C)C2CCCCN2)cc1,IC50,3500.0,5.46,261.41,3.97,0
CHEMBL5875051,CNC[C@H](c1ccc(Cl)c(Cl)c1)[C@@H](O)c1cccc(I)c1,Ki,341.0,6.47,436.12,4.63,1
CHEMBL56795,COc1cccc2sc(C3CCN(C[C@H](O)COc4cccc5[nH]ccc45)CC3)cc12,Ki,12.63,7.9,436.58,5.01,1
CHEMBL1173772,CC[C@@H]1NC(C)(C)CO[C@@]1(O)c1cccc(Cl)c1,IC50,1800.0,5.75,269.77,2.66,0
CHEMBL383921,CCOc1ccccc1O[C@H](c1ccccc1)[C@H]1CNCCO1,Ki,99.5,7.0,313.4,3.19,1
CHEMBL2112595,O=C(CCc1ccc(Br)cc1)N/C=C/NCCOC(c1ccc(F)cc1)c1ccc(F)cc1,IC50,4500.0,5.35,515.4,5.64,0
CHEMBL204005,CN[C@H]1CC[C@@H](c2ccc(Cl)c(Cl)c2)c2cccc(C(=O)O)c21,IC50,31.0,7.51,350.25,4.88,1
CHEMBL206599,CNC(=O)c1ccc2c(c1)[C@H](c1ccc(Cl)c(Cl)c1)CC[C@@H]2NC,IC50,25.0,7.6,363.29,4.54,1
CHEMBL1644471,c1ccc(O[C@@H]2C[C@H]3CC[C@@H](C2)N3)cc1,IC50,5655.0,5.25,203.29,2.35,0
CHEMBL353333,COC(=O)[C@@H]1C2CCC(C[C@@H]1c1ccc(I)cc1)N2,IC50,0.36,9.44,371.22,2.69,1
CHEMBL1788140,CN(C)[C@@H]1C[C@@H](c2ccc(Cl)c(Cl)c2)c2ccccc21.O=C(O)/C=C\C(=O)O,Ki,0.33,9.48,422.31,5.13,1
CHEMBL1643897,COC(=O)[C@H]1[C@@H](c2ccc(C)cc2)C[C@H]2CC[C@@H]1N2C/C=C/I,Ki,500.0,6.3,425.31,4.05,1
CHEMBL213754,CCCOc1ccccc1CC(c1ccccc1)N1CCNCC1,IC50,22.0,7.66,324.47,3.66,1
CHEMBL364146,COC(=O)C1=C(c2ccc(I)cc2)CC2CCC1S2,IC50,8700.0,5.06,386.25,3.89,0
CHEMBL219334,CCC(CC)C(c1ccc(Cl)cc1)C1CCCCN1,Ki,3900.0,5.41,279.86,5.0,0
CHEMBL1276252,CN(C)C1CCC(c2c[nH]c3c(Br)cccc23)C1,IC50,1.6,8.8,307.23,4.13,1
CHEMBL1276873,N#Cc1ccc2[nH]cc(C3CCC(NCc4ccccc4)C3)c2c1,IC50,15.0,7.82,315.42,4.47,1
CHEMBL1277229,N#Cc1ccc2[nH]cc(C3CCC(N4CCc5ccccc5C4)C3)c2c1,IC50,6.5,8.19,341.46,4.73,1
CHEMBL498495,CNC[C@H]1COc2ccccc2[C@@H]1Oc1ccccc1C,IC50,1200.0,5.92,283.37,3.34,0
CHEMBL505433,CNC[C@@H]1OCc2ccccc2[C@@H]1Oc1ccccc1C,IC50,2500.0,5.6,283.37,3.23,0
CHEMBL574020,COC(=O)[C@@H]1C2CCC(C[C@@H]1c1ccc([S+](C)[O-])c(Br)c1)N2C,Ki,3.2,8.49,400.34,2.93,1
CHEMBL574317,COC(=O)[C@@H]1C2CCC(C[C@@H]1c1ccc([S+](C)[O-])cc1)N2C,Ki,4.3,8.37,321.44,2.16,1
CHEMBL575199,COC(=O)[C@@H]1C2CCC(C[C@@H]1c1ccc(SC)cc1)N2CCCF,Ki,3.0,8.52,351.49,3.88,1
CHEMBL1171424,c1cc2[nH]ncc2cc1N1CCNCC1CC1CCCCC1,Ki,39.81,7.4,298.43,3.31,1
CHEMBL1170212,c1ccc(CC2CNCCN2c2cnc3[nH]ccc3c2)cc1,Ki,63.1,7.2,292.39,2.58,1
CHEMBL1170209,COc1cc(N2CCNCC2Cc2ccccc2)cc2cc[nH]c12,Ki,50.12,7.3,321.42,3.2,1
CHEMBL1170793,Clc1ccc(N2CCNCC2Cc2ccccc2)cc1Cl,Ki,15.85,7.8,321.25,4.01,1
CHEMBL1171391,c1ccc(CC2CNCCN2c2ccc3[nH]ccc3c2)cc1,Ki,12.59,7.9,291.4,3.19,1
CHEMBL560535,c1ccc(CN(c2ccc3[nH]ccc3c2)C2CCNCC2)cc1,Ki,0.7943,9.1,305.42,3.93,1
CHEMBL1173598,C[C@@H]1N(C)C(C)(C)CO[C@@]1(O)c1ccc(Cl)cc1,IC50,6480.0,5.19,269.77,2.61,0
CHEMBL1173597,CCC[C@@H]1NC(C)(C)CO[C@@]1(O)c1cccc(Cl)c1,IC50,4130.0,5.38,283.8,3.05,0
CHEMBL296602,CNC1CC(c2ccc(Cl)c(Cl)c2)c2ccccc21,Ki,0.1995,9.7,292.21,4.79,1
CHEMBL487355,c1ccc(CC2(c3ccc4[nH]ccc4c3)CCNC2)cc1,Ki,10.0,8.0,276.38,3.64,1
CHEMBL2037524,O=C(CCCN1CCN(c2ccc(Cl)cc2)CC1)c1nc2ccccc2s1,Ki,491.0,6.31,399.95,4.73,1
CHEMBL2037520,O=C(CCCCN1CCC(n2c(=O)[nH]c3cc(Cl)ccc32)CC1)c1nc2ccccc2s1,Ki,565.0,6.25,469.01,5.28,1
CHEMBL2047573,OC(CCN1CCC(O)(Cc2ccccc2)CC1)c1ccc(Cl)c(Cl)c1,IC50,337.0,6.47,394.34,4.49,1
CHEMBL356750,CN(C)[C@@H]1C[C@@H](c2ccc(Cl)c(Cl)c2)c2ccccc21,Ki,3.6,8.44,306.24,5.13,1
CHEMBL417049,CN(CCOC(c1ccccc1)c1ccccc1)C1CCN(CCCc2ccccc2)CC1,Ki,1400.0,5.85,442.65,5.82,0
CHEMBL260988,CCN(CC)C(=O)[C@@]1(c2ccc3c(c2)OCO3)C[C@H]1CN,IC50,480.0,6.32,290.36,1.5,1
CHEMBL543980,Cl.Cn1cc(CCC2CCNCC2)c2ccccc21,IC50,400.0,6.4,278.83,3.11,1
CHEMBL517978,COC(=O)N(Cc1ccccc1-c1ccccc1)[C@H]1CCNC1,Ki,4440.0,5.35,310.4,3.28,0
CHEMBL478833,CC(C)C(=O)N(Cc1ccccc1Oc1ccccc1)[C@H]1CCNC1,Ki,229.0,6.64,338.45,3.83,1
CHEMBL507723,CCCC(=O)N(Cc1ccccc1-c1ccccc1)[C@H]1CCNC1,Ki,730.0,6.14,322.45,3.84,1
CHEMBL88792,COC(=O)C1C2CCC(CC1c1ccc(Br)cc1)O2,IC50,276.0,6.56,325.2,3.27,1
CHEMBL573532,c1ccc(Oc2ccccc2N2CCNCC2)cc1,Ki,1880.0,5.73,254.33,2.89,0
CHEMBL121460,CN(CCOC(c1ccc(F)cc1)c1ccc(F)cc1)CCN(C)CCOC(c1ccc(F)cc1)c1ccc(F)cc1,Ki,770.0,6.11,580.67,7.02,1
CHEMBL123830,O=C(Cc1ccc(F)cc1)NCCNCCOC(c1ccc(F)cc1)c1ccc(F)cc1,Ki,351.0,6.46,442.48,4.16,1
CHEMBL1645599,Fc1cccc(Oc2ccccc2Cl)c1OC1CNC1,Ki,1710.0,5.77,293.73,3.62,0
CHEMBL1644470,c1ccc(-c2cccc(O[C@@H]3C[C@H]4CC[C@@H](C3)N4)n2)cc1,IC50,7644.0,5.12,280.37,3.41,0
CHEMBL1644476,Brc1cccc(O[C@@H]2C[C@H]3CC[C@@H](C2)N3)c1,IC50,136.0,6.87,282.18,3.11,1
CHEMBL1644479,Cc1cccc(O[C@@H]2C[C@H]3CC[C@@H](C2)N3)c1,IC50,624.0,6.21,217.31,2.66,1
CHEMBL1644483,N#Cc1cccc(O[C@@H]2C[C@H]3CC[C@@H](C2)N3)c1,IC50,25.0,7.6,228.29,2.22,1
CHEMBL1642907,CNC[C@@H]1Cc2ccccc2[C@@H](c2ccc(Cl)c(Cl)c2)C1,IC50,54.0,7.27,320.26,4.91,1
CHEMBL1642910,CN(C)C[C@@H]1Cc2ccccc2[C@H](c2ccc(Cl)c(Cl)c2)C1,IC50,311.0,6.51,334.29,5.25,1
CHEMBL592374,Clc1ccc([C@]23CNC[C@H]2C3)cc1Cl,IC50,14.0,7.85,228.12,2.85,1
CHEMBL1081303,Cc1c(C(=O)NCCCN2CCN(c3cccc(Cl)c3)CC2)cc(-c2ccccc2)n1CC1CCCCC1,IC50,213.0,6.67,533.16,6.64,1
CHEMBL122859,O=C1CN(CCc2ccccc2)CCN1CCOC(c1ccc(F)cc1)c1ccc(F)cc1,Ki,114.0,6.94,450.53,4.46,1
CHEMBL4229188,COCCOc1cc(CC2CCN(CCc3ccc4c(c3)C(O)CCO4)CC2)ccc1Br,Ki,8.2,8.09,504.47,4.79,1
CHEMBL99946,CCN(CC)C(=O)[C@@]1(c2ccccc2)C[C@H]1CN,IC50,19000.0,4.72,246.35,1.77,0
CHEMBL565844,Cc1ccc(C(=O)C(C)NC(C)(C)C)cc1Cl,Ki,2100.0,5.68,253.77,3.61,0
CHEMBL3216507,COc1ccc(-n2c(-c3ccccc3)nc(C(=O)NCC(O)CN3CCN(c4cccc(Cl)c4C)CC3)c2C)cc1.Cl.Cl.Cl,IC50,443.0,6.35,683.51,4.73,1
CHEMBL3216082,Cc1nc(C(=O)NCC(O)CN2CCN(c3cccc(Cl)c3Cl)CC2)c(C)n1-c1ccccc1F.Cl.Cl.Cl.Cl,IC50,13.0,7.89,666.28,3.85,1
CHEMBL3215862,Cc1cccc(N2CCN(CCCNC(=O)c3nc(C)n(-c4ccc(Cl)cc4)c3C)CC2)c1C.Cl.Cl.Cl,IC50,47.0,7.33,589.44,4.7,1
CHEMBL3216738,Cc1nc(C(=O)NCCCN2CCN(c3cccc(Cl)c3Cl)CC2)c(C)n1-c1ccccc1C(F)(F)F.Cl.Cl.Cl.Cl,IC50,42.0,7.38,700.29,5.76,1
CHEMBL3216083,CCCc1nc(C(=O)NCCCN2CCN(c3cccc(Cl)c3Cl)CC2)c(C)n1-c1ccc2c(c1)OCCO2.Cl.Cl.Cl.Cl,IC50,49.0,7.31,718.38,5.15,1
CHEMBL3217169,Cc1cccc(N2CCN(CCCNC(=O)c3nc(-c4ccccc4)n(-c4ccccc4)c3C)CC2)c1C.Cl.Cl,IC50,20.5,7.69,580.6,5.41,1
CHEMBL544370,Cl.OC1(c2ccc3c(c2)OCO3)c2ccccc2C2=NCCCN21,IC50,83.0,7.08,344.8,2.07,1
CHEMBL25416,Brc1ccc2[nH]cc(CC3CCNCC3)c2c1,IC50,1000.0,6.0,293.21,3.47,1
CHEMBL1684051,CC(N)C1(c2ccc(OC(F)(F)F)cc2)CCCCC1,IC50,110.0,6.96,287.32,4.13,1
CHEMBL444592,Fc1ccc(C(NCCC2CCN(Cc3ccccc3)CC2)c2ccc(F)cc2)cc1,IC50,10657.0,4.97,420.55,5.95,0
CHEMBL306208,COC(=O)C1C(c2ccc(Cl)cc2)CC2CCC1N2C,IC50,5.9,8.23,293.79,3.08,1
CHEMBL3797849,CN(C)CCCN1c2ccccc2CCc2ccc(C#CCOCc3cccc4ccccc34)cc21,IC50,340.0,6.47,474.65,6.6,1
CHEMBL3800215,CN(C)CCCN1c2ccccc2CCc2ccc(C#CCOCCCOCCCN3c4ccccc4CCc4ccccc43)cc21,Ki,10000.0,5.0,627.87,7.98,0
CHEMBL3799131,CN(C)CCCN1c2ccccc2CCc2ccc(C#CCOCCCN3c4ccccc4CCc4ccccc43)cc21,Ki,13000.0,4.89,569.79,7.57,0
CHEMBL3799481,CN(C)CCCN1c2ccccc2CCc2ccc(C#CCOCCOCCSc3cccc4ccccc34)cc21,Ki,2000.0,5.7,564.8,7.21,0
CHEMBL3799011,CN(C)CCCN1c2ccccc2CCc2ccc(C#CCOCCCOc3cccc4ccccc34)cc21,Ki,3500.0,5.46,518.7,6.87,0
CHEMBL3799795,CN(C)CCCN1c2ccccc2CCc2ccc(C#CCOCCOCCc3cccc4ccccc34)cc21,IC50,300.0,6.52,532.73,6.66,1
CHEMBL3798279,CN(C)CCCN1c2ccccc2CCc2ccc(C#CCOCCOCCOc3cccc4ccccc34)cc21,IC50,420.0,6.38,548.73,6.49,1
CHEMBL3799640,CN(C)CCCN1c2ccccc2CCc2ccc(CCCOCCCOc3cccc4ccccc34)cc21,Ki,620.0,6.21,522.73,7.45,1
CHEMBL3799503,CN(C)CCCN1c2ccccc2CCc2ccc(C#CCOSCc3cccc4ccccc34)cc21,Ki,4700.0,5.33,506.72,7.24,0
CHEMBL1078741,CC(C)CN(C(=O)c1cc(Cl)cc(Cl)c1)[C@H]1CCNC1,Ki,6.0,8.22,315.24,3.45,1
CHEMBL303232,COC(=O)C1C(c2cccc(-c3ccsc3)c2)CC2CCC1N2C,Ki,74.1,7.13,341.48,4.15,1
CHEMBL89476,COC(=O)C1C(c2ccc(Cl)c(Cl)c2)CC2C[C@H](O)C1N2C,IC50,991.0,6.0,344.24,2.7,1
CHEMBL314912,COC(=O)C1C(OC(c2ccc(F)cc2)c2ccc(F)cc2)CC2C[C@@H](O)C1N2C,IC50,9560.0,5.02,417.45,3.07,0
CHEMBL89906,COC(=O)C1C(OC(c2ccc(F)cc2)c2ccc(F)cc2)CC2[C@@H](O)CC1N2C,IC50,4850.0,5.31,417.45,3.07,0
CHEMBL11,CN(C)CCCN1c2ccccc2CCc2ccccc21,IC50,3.5,8.46,280.42,3.88,1
CHEMBL339352,COC(=O)C1C2CCC(C[C@@H]1OC(c1ccc(F)cc1)c1ccc(F)cc1)N2CCCCCc1ccccc1,IC50,550.0,6.26,533.66,6.88,1
CHEMBL1257859,Cc1cc2c(cc1OCCCCN1CCN(c3cccc4ccccc34)CC1)C(=O)NC2,Ki,504.0,6.3,429.56,4.37,1
CHEMBL1172760,COC[C@@]12CN(C(C)C)CC[C@]1(c1ccc(Cl)c(Cl)c1)C2,Ki,630.96,6.2,328.28,4.38,1
CHEMBL1257858,Cc1cc2c(cc1OCCCN1CCN(c3cccc4ccccc34)CC1)C(=O)NC2,Ki,1040.0,5.98,415.54,3.98,0
CHEMBL452376,CN(C)Cc1ccccc1Oc1ccc(Br)cc1,IC50,12.0,7.92,306.2,4.3,1
CHEMBL449015,CSc1ccc(Sc2ccc(NS(C)(=O)=O)cc2CN(C)C)cc1,IC50,3.0,8.52,382.58,3.99,1
CHEMBL589177,Cc1ccc(Oc2cc(OCCCF)ccc2CN(C)C)c(N)c1,Ki,445.0,6.35,332.42,4.17,1
CHEMBL611961,CN1C2CCC1[C@@H](C(=O)NCc1ccc(CCNC(=O)[C@H]3C4CCC(C[C@@H]3c3ccc(Cl)cc3)N4C)cc1)[C@@H](c1ccc(Cl)cc1)C2,Ki,65.0,7.19,673.73,6.8,1
CHEMBL595767,CN1C2CCC1[C@@H](C(=O)NCc1ccc(CNC(=O)[C@H]3C4CCC(C[C@@H]3c3ccc(-c5ccsc5)cc3)N4C)cc1)[C@@H](c1ccc(-c3ccsc3)cc1)C2,Ki,160.0,6.8,755.07,8.91,1
CHEMBL595674,CN1C2CCC1[C@@H](C(=O)NCCCCCCCCNC(=O)[C@H]1C3CCC(C[C@@H]1c1ccc(-c4ccsc4)cc1)N3C)[C@@H](c1ccc(-c3ccsc3)cc1)C2,Ki,470.0,6.33,763.13,9.55,1
CHEMBL132676,OC1(c2ccc3ccccc3c2)c2ccccc2C2=NCCN21,Ki,2.3,8.64,300.36,3.11,1
CHEMBL529437,COC(=O)[C@H]1[C@@H](OC(=O)c2ccccc2)C[C@@H]2CC[C@H]1N2C.Cl,Ki,95.0,7.02,339.82,1.87,1
CHEMBL458282,COC(=O)[C@H]1[C@@H](c2cc(Br)c(OC)c(Br)c2)C[C@H]2CC[C@H]1N2C.Cl,Ki,2.9,8.54,483.63,3.96,1
CHEMBL461241,COc1ccc([C@H]2C[C@H]3CC[C@H]([C@H]2c2cc(-c4ccc(C)cc4)no2)N3C)cc1.Cl,Ki,860.0,6.07,424.97,5.39,1
CHEMBL450987,COc1ccc(F)cc1C[C@@H]1CC[C@H](CN)O1,IC50,111.0,6.96,239.29,1.88,1
CHEMBL462311,COc1ccc(F)cc1CC[C@H]1CC[C@H](CCN)O1,IC50,2.5,8.6,267.34,2.66,1
CHEMBL460407,COc1ccc(F)cc1CCC[C@H]1CC[C@H](CN)O1,IC50,2.1,8.68,267.34,2.66,1
CHEMBL459367,COc1ccc(F)cc1CCC[C@@H]1CC[C@H](CN)O1,IC50,2.6,8.59,267.34,2.66,1
CHEMBL941,Cc1ccc(NC(=O)c2ccc(CN3CCN(C)CC3)cc2)cc1Nc1nccc(-c2cccnc2)n1,Ki,745.0,6.13,493.62,4.59,1
CHEMBL2171416,CCCOC(c1ccc2ccccc2c1)C1CNC1.Cl,IC50,6.8,8.17,291.82,3.53,1
CHEMBL2171415,CCCOC(c1ccc(Cl)c(Cl)c1)C1CNC1.Cl,IC50,44.0,7.36,310.65,3.68,1
CHEMBL3216744,Cc1cccc(N2CCN(CC(O)CNC(=O)c3nc(C)n(CC(C)C)c3C)CC2)c1C.Cl.Cl,IC50,1262.0,5.9,514.54,2.69,0
CHEMBL4082902,Fc1ccc(C(OCCN2CCN(c3ccccn3)CC2)c2ccc(F)cc2)cc1,IC50,579.0,6.24,409.48,4.29,1
CHEMBL4083724,c1ccc(CCCN2CCN(CCCCn3nnnc3C(c3ccccc3)c3ccccc3)CC2)cc1,IC50,158.7,6.8,494.69,4.88,1
CHEMBL4092998,c1ccc(CC2CCN(CCn3nnnc3C(c3ccccc3)c3ccccc3)CC2)cc1,IC50,7700.0,5.11,437.59,4.81,0
CHEMBL3323177,CN1Cc2cc(C#N)ccc2C(c2ccc3sccc3c2)C1,IC50,18.0,7.75,304.42,4.35,1
CHEMBL3323108,CN1Cc2ccccc2C(c2ccc3ccnn3c2)C1,IC50,130.0,6.89,263.34,2.91,1
CHEMBL3323102,CN1Cc2ccccc2C(c2ccc3cc[nH]c3c2)C1,IC50,6.4,8.19,262.36,3.75,1
CHEMBL3323100,CN1Cc2ccccc2C(c2cccc3ccsc23)C1,IC50,68.0,7.17,279.41,4.48,1
CHEMBL3323096,CN1Cc2ccccc2C(c2ccc3ccsc3c2)C1,IC50,40.0,7.4,279.41,4.48,1
CHEMBL3323088,Cc1ccc2c(c1)CN(C)CC2c1ccc(F)cc1,Ki,230.0,6.64,255.34,3.71,1
CHEMBL3321792,OC1(c2ccc(Cl)cc2)CC2CCC(C1)N2CCCSc1ccccc1F,Ki,102.0,6.99,405.97,5.48,1
CHEMBL109571,CN(C)CC1C2CCC(C2)C1c1ccc2ccccc2c1,IC50,10.0,8.0,279.43,4.53,1
CHEMBL111128,CNC[C@H]1C2CCC(C2)[C@@H]1c1ccc2ccccc2c1,Ki,3.6,8.44,265.4,4.19,1
CHEMBL461268,NCC1CCC(c2ccc(Br)cc2)O1,IC50,50.0,7.3,256.14,2.63,1
CHEMBL442843,COc1ccc(F)cc1[C@H]1CC[C@H](CN)O1,IC50,2071.0,5.68,225.26,2.01,0
CHEMBL512736,COc1ccc(F)cc1[C@H]1CC[C@H](CCN)O1,IC50,1117.0,5.95,239.29,2.4,0
CHEMBL462431,O=C(OCCF)C1C2CCC(CC1c1cccc(/C=C\I)c1)N2,Ki,0.43,9.37,429.27,3.83,1
CHEMBL516825,O=C(OCCF)C1C2CCC(CC1c1cccc(/C=C/I)c1)N2,Ki,15.2,7.82,429.27,3.83,1
CHEMBL3215631,CCCc1nc(C(=O)NCCCN2CCN(c3cccc(C)c3C)CC2)cn1-c1ccccc1.Cl.Cl,IC50,16.8,7.78,532.56,4.38,1
CHEMBL3215850,Cc1c(Cl)cccc1N1CCN(CCCNC(=O)c2nc(-c3ccccc3)n(-c3ccccc3)c2Cn2cncn2)CC1.Cl.Cl.Cl,IC50,181.7,6.74,704.53,5.08,1
CHEMBL3216962,COc1ccccc1-n1c(C)nc(C(=O)NCCCN2CCN(c3cccc(Cl)c3C)CC2)c1C.Cl.Cl.Cl,IC50,16.8,7.78,605.44,4.4,1
CHEMBL3217171,CCCc1nc(C(=O)NCCCN2CCN(c3cccc(C)c3C)CC2)c(C)n1-c1ccccc1OC.Cl.Cl,IC50,28.0,7.55,576.61,4.7,1
CHEMBL3216740,CCCc1nc(C(=O)NCCCN2CCN(c3cccc(Cl)c3C)CC2)c(C)n1-c1ccc(OC)cc1.Cl.Cl.Cl,IC50,10.2,7.99,633.49,5.05,1
CHEMBL3215864,Cc1cccc(N2CCN(CCCNC(=O)c3nc(C)n(-c4ccc5c(c4)OCCO5)c3C)CC2)c1C.Cl.Cl,IC50,6.08,8.22,576.57,3.82,1
CHEMBL3216967,CCCc1nc(C(=O)NCC(O)CN2CCN(c3cccc(C)c3C)CC2)c(C)n1-c1ccc(OC)cc1.Cl.Cl,IC50,6.0,8.22,592.61,3.67,1
CHEMBL3216288,Cc1c(Cl)cccc1N1CCN(CC(O)CNC(=O)c2nc(C)n(-c3ccccc3F)c2C)CC1.Cl.Cl.Cl,IC50,36.0,7.44,609.4,3.5,1
CHEMBL3216956,CCCc1nc(C(=O)NCC(O)CN2CCN(c3cccc(C)c3C)CC2)c(C)n1-c1ccc(Cl)cc1.Cl.Cl.Cl,IC50,347.0,6.46,633.49,4.32,1
CHEMBL3217167,Cc1nc(C(=O)NCC(O)CN2CCN(c3cccc(Cl)c3Cl)CC2)c(C)n1-c1ccc2c(c1)OCCO2.Cl.Cl.Cl.Cl,IC50,12.0,7.92,706.33,3.48,1
CHEMBL450813,CC(C)C(=O)N(Cc1cccc(Cl)c1Cl)[C@@H]1CCNC1,IC50,5.0,8.3,315.24,3.34,1
CHEMBL446281,CC(C)(C)C(=O)N(Cc1cccc(Cl)c1Cl)[C@H]1CCNC1,IC50,26.0,7.58,329.27,3.73,1
CHEMBL184770,Cc1cccc(N2CCN(CCc3ccc4[nH]nnc4c3)CC2)c1C,IC50,260.0,6.58,335.46,2.94,1
CHEMBL2112355,Cc1cc2c(OC[C@@H](O)CN3CC[C@@H](c4ccc5c(C)csc5c4)C[C@@H]3C)cccc2[nH]1,Ki,0.58,9.24,448.63,6.01,1
CHEMBL1173771,C[C@@H]1NC(C)(C)CO[C@@]1(O)c1cccc(-c2ccc3ccccc3c2)c1,IC50,334.0,6.48,347.46,4.44,1
CHEMBL1173770,C[C@@H]1NC(C)(C)CO[C@@]1(O)c1cccc(-c2cccc3ccccc23)c1,IC50,1565.0,5.8,347.46,4.44,0
CHEMBL564100,Clc1ccccc1OC(c1cccnc1)C1CCNCC1,IC50,9.0,8.05,302.8,3.85,1
CHEMBL549761,CCOc1ccccc1OC(c1cccnc1)C1CCNCC1,IC50,80.0,7.1,312.41,3.6,1
CHEMBL551556,FC(F)(F)c1ccccc1OC(c1cccnc1)C1CCNCC1,IC50,77.0,7.11,336.36,4.22,1
CHEMBL549965,c1ccc(Oc2ccccc2OC(c2cccnc2)C2CCNCC2)cc1,IC50,76.0,7.12,360.46,4.99,1
CHEMBL2333606,CC1CC1c1cc(C(F)(F)F)cc(COCC2(c3ccc(F)cc3)CCN(C)CC2)n1,IC50,28.0,7.55,436.49,5.54,1
CHEMBL2333624,CN1CCC(COCc2cc(C(F)(F)F)cc(N3CCCC3)n2)(c2ccccc2)CC1,IC50,6.6,8.18,433.52,4.88,1
CHEMBL2333646,CN1CCC(COCc2cncc(Br)c2)(c2ccccc2)CC1,IC50,3.1,8.51,375.31,4.02,1
CHEMBL2333645,Brc1cncc(COCC2(c3ccccc3)CCNCC2)c1,IC50,10.0,8.0,361.28,3.68,1
CHEMBL2333639,FC(F)(F)c1cc(Cl)nc(COCC2(c3ccccc3)CCNCC2)c1,IC50,7.4,8.13,384.83,4.59,1
CHEMBL124700,Fc1ccc2[nH]cc(CCNCCOc3cccc4c3OCCO4)c2c1,IC50,84.7,7.07,356.4,3.29,1
CHEMBL51697,CN1Cc2c(N)cccc2[C@H](c2ccccc2)C1,Ki,1200.0,5.92,238.33,2.85,0
CHEMBL1812739,Cc1ccc([C@H]2C[C@@H]3CC[C@H]([C@H]2C(=O)OC(C)C)N3C)cc1,IC50,2830.0,5.55,301.43,3.51,0
CHEMBL2326690,C1=CCC(c2cc3ccccc3o2)CNC1,Ki,240.0,6.62,213.28,3.07,1
CHEMBL2326689,CN1CC=CCC(c2cc3ccccc3o2)C1,Ki,800.0,6.1,227.31,3.41,1
CHEMBL67203,c1ccc(CCCN2CCCC(CNCCOC(c3ccccc3)c3ccccc3)C2)cc1,Ki,210.0,6.68,442.65,5.73,1
CHEMBL1762474,N#Cc1ccc(Cl)cc1S[C@H](CCN)c1ccccc1.O=C(O)/C=C/C(=O)O,IC50,6700.0,5.17,418.9,4.39,0
CHEMBL1762475,CNCC[C@@H](Oc1cc(C(F)(F)F)ccc1C#N)c1ccccc1.Cl,IC50,10000.0,5.0,370.8,4.31,0
CHEMBL1085510,CN1CC2C(=NO[C@H]2CN2CCN(C/C=C/c3ccccc3)CC2)c2ccccc21,Ki,16.0,7.8,402.54,3.19,1
CHEMBL24042,c1ccc2c(CCCC3CCNCC3)c[nH]c2c1,IC50,60.0,7.22,242.37,3.49,1
CHEMBL125902,Fc1ccc2[nH]cc(CCCNCCOc3cccc4nccnc34)c2c1,IC50,20.0,7.7,364.42,3.85,1
CHEMBL283899,CN1CC=C(c2c[nH]c3ccc(C#N)cc23)CC1,IC50,19.0,7.72,237.31,2.76,1
CHEMBL442534,Cc1ccc2[nH]cc(C3=CCN(C)CC3)c2c1,IC50,910.0,6.04,226.32,3.2,1
CHEMBL283185,CN1CC=C(c2c[nH]c3ccc(Cl)cc23)CC1,IC50,240.0,6.62,246.74,3.54,1
CHEMBL231809,CN(C)C1CC=C(c2c[nH]c3ccccc23)CC1,IC50,3.1,8.51,240.35,3.67,1
CHEMBL257593,COc1cc(Cl)ccc1Oc1ccncc1CN(C)C,IC50,6.0,8.22,292.77,3.6,1
CHEMBL258449,CNCc1cnccc1Oc1ccc(Cl)cc1OC,IC50,14.0,7.85,278.74,3.26,1
CHEMBL247733,Cc1cccc(CN(C2CCOCC2)[C@H]2CCNC2)c1C,IC50,9.0,8.05,288.44,2.65,1
CHEMBL551876,C[C@@H](N[C@@H]1CC[C@@H](C(=O)N2CCC(C(=O)N3CCCC3)(c3ccccc3)CC2)C(C)(C)C1)c1ccc(Cl)cc1,IC50,59.0,7.23,550.19,6.37,1
CHEMBL550870,COc1cccc(CN(c2ccc3[nH]ccc3c2)C2CCNCC2)c1,Ki,1.585,8.8,335.45,3.94,1
CHEMBL564285,N#Cc1ccc(CN(c2ccc3[nH]ccc3c2)C2CCNCC2)cc1,Ki,2.512,8.6,330.44,3.8,1
CHEMBL555565,O=C(c1ccccc1)N(c1ccc2[nH]ccc2c1)C1CCNCC1,Ki,25.12,7.6,319.41,3.57,1
CHEMBL324269,CN(C)C[C@H]1C2CCC(C2)[C@@H]1c1ccc2cc(F)ccc2c1,Ki,2.6,8.59,297.42,4.67,1
CHEMBL1642894,CN[C@H]1Cc2ccccc2[C@H](c2ccc(Cl)c(Cl)c2)C1,IC50,6.0,8.22,306.24,4.66,1
CHEMBL1642899,CN(C)[C@@H]1Cc2ccccc2[C@@H](c2ccc(Cl)c(Cl)c2)C1,IC50,108.0,6.97,320.26,5.0,1
CHEMBL1642911,CN(C)C[C@H]1Cc2ccccc2[C@H](c2ccc(Cl)c(Cl)c2)C1,IC50,970.0,6.01,334.29,5.25,1
CHEMBL1642913,NCC[C@H]1Cc2ccccc2[C@@H](c2ccc(Cl)c(Cl)c2)C1,IC50,79.0,7.1,320.26,5.04,1
CHEMBL583751,Fc1cccc(C2CCNCC2)c1Oc1ccccc1,Ki,2330.0,5.63,271.33,4.09,0
CHEMBL562476,CNC[C@@H](O)[C@H](c1ccccc1)n1ccc2ccccc21,IC50,358.0,6.45,280.37,2.81,1
CHEMBL1400,CN(C)C[C@H]1CCCC[C@]1(O)c1cccc(O)c1,IC50,4600.0,5.34,249.35,2.33,0
CHEMBL216015,COC(=O)/C=C1/CN2C3CCC2C1C(c1ccc(C)cc1)C3,Ki,98.31,7.01,297.4,3.04,1
CHEMBL505592,FCCCc1ccccc1O[C@@H](c1ccccc1)[C@@H]1CNCCO1,Ki,463.0,6.33,329.42,3.7,1
CHEMBL402371,CNCc1cnc(C)cc1Oc1ccc(Cl)cc1Br,IC50,10.0,8.0,341.64,4.32,1
CHEMBL556714,c1ccc(CN(c2ccc3sccc3c2)C2CCNCC2)cc1,Ki,12.59,7.9,322.48,4.66,1
CHEMBL556299,CNCCC(c1ccccc1)c1ccc2[nH]ccc2c1,Ki,31.62,7.5,264.37,3.91,1
CHEMBL245921,CN(C)CCC(Oc1cccc(Br)c1)c1ccc(OCCCN2CCCCC2)cc1,Ki,4.0,8.4,475.47,5.78,1
CHEMBL391193,CN(C)CCC(Oc1ccc(Br)cc1)c1ccc(OCCCN2CCCCC2)cc1,Ki,9.0,8.05,475.47,5.78,1
CHEMBL2447963,CN(C)CCC(Oc1ccc(Cl)c(Cl)c1)c1ccc(OCCCN2CCCCC2)cc1.Cl,Ki,7.3,8.14,501.93,6.32,1
CHEMBL245919,CN(C)CCC(Oc1cccc(Cl)c1)c1ccc(OCCCN2CCCCC2)cc1,Ki,2.7,8.57,431.02,5.67,1
CHEMBL394322,CN(C)CCC(Oc1ccc(F)cc1)c1ccc(OCCCN2CCCCC2)cc1,Ki,46.0,7.34,414.57,5.15,1
CHEMBL504606,CNC[C@H]1OCc2ccccc2[C@H]1Oc1ccccc1C,IC50,7800.0,5.11,283.37,3.23,0
CHEMBL497463,CNC[C@H]1CCc2ccccc2[C@H]1Oc1ccccc1C,IC50,4000.0,5.4,281.4,3.9,0
CHEMBL1078312,CCN(C(=O)c1cccc(Cl)c1Cl)[C@H]1CCNC1,Ki,29.0,7.54,287.19,2.82,1
CHEMBL257389,C=C(F)CN(CCOC)C(=O)[C@@]1(c2ccsc2)C[C@H]1CN,IC50,40.0,7.4,312.41,1.92,1
CHEMBL401676,CCN(CC)C(=O)[C@@]1(c2ccsc2)C[C@H]1CN,IC50,830.0,6.08,252.38,1.83,1
CHEMBL470217,Cc1ccc2c(N3CCN(CCCc4cccc5c4OCC(=O)N5C)[C@H](C)C3)cc(F)cc2n1,Ki,0.7943,9.1,462.57,4.18,1
CHEMBL270791,Cc1cc(Oc2ccccc2Oc2ccccc2)c(CN(C)C)cn1,Ki,4060.0,5.39,334.42,5.04,0
CHEMBL1257736,Cc1c(OCCCN2CCN(c3cccc4cc(F)ccc34)CC2)ccc2c1C(=O)NC2,Ki,21.4,7.67,433.53,4.12,1
CHEMBL1258199,O=C1NCc2ccc(OCCCCN3CCN(c4cccc5cccc(F)c45)CC3)c(F)c21,Ki,48.1,7.32,451.52,4.34,1
CHEMBL1258428,O=C1NCc2cc(F)c(OCCCN3CCN(c4cccc5ccccc45)CC3)cc21,Ki,54.6,7.26,419.5,3.81,1
CHEMBL1257615,Cc1c(OCCCN2CCN(c3cccc4cccc(F)c34)CC2)ccc2c1C(=O)NC2,Ki,437.0,6.36,433.53,4.12,1
CHEMBL1171260,C[C@@H]1N(C)C(C)(C)CO[C@@]1(O)c1cccc(Cl)c1,IC50,540.0,6.27,269.77,2.61,1
CHEMBL264160,COc1ccc(O[C@@H](c2ccccc2)[C@@H]2CNCCO2)c(Cl)c1,Ki,96.0,7.02,333.82,3.46,1
CHEMBL258930,c1ccc([C@@H](Oc2cccc3c2OCC3)[C@H]2CNCCO2)cc1,Ki,20.0,7.7,311.38,2.73,1
CHEMBL264418,Fc1cccc(O[C@H](c2ccccc2)[C@H]2CNCCO2)c1F,Ki,12.0,7.92,305.32,3.07,1
CHEMBL449145,CC(C)(C)C(=O)N(Cc1ccc(Cl)cc1Cl)[C@H]1CCNC1,IC50,41.0,7.39,329.27,3.73,1
CHEMBL497493,CNC[C@@H]1OCc2ccccc2[C@@H]1Oc1ccccc1SC,IC50,6000.0,5.22,315.44,3.65,0
CHEMBL445082,CNC[C@@H]1COc2ccccc2[C@@H]1Oc1ccccc1C,IC50,1400.0,5.85,283.37,3.34,0
CHEMBL497979,Cc1ccc2c(N3CCN(CCc4ccc5c(c4)NC(=O)CO5)CC3)ccc(F)c2n1,Ki,3.981,8.4,420.49,3.38,1
CHEMBL522257,Cc1ccc2c(N3CCN(CCc4ccc5c(c4)N(C)C(=O)CO5)CC3)cccc2n1,Ki,19.95,7.7,416.53,3.26,1
CHEMBL398965,N#Cc1ccc2c(C3CC3CN3CCCC3)cccc2c1,IC50,51.0,7.29,276.38,3.91,1
CHEMBL399147,CN(C)CC1CC1c1cccc2ccccc12,IC50,170.0,6.77,225.34,3.5,1
CHEMBL456017,COc1ccc(F)cc1[C@@H]1CC[C@H](CCN)O1,IC50,2576.0,5.59,239.29,2.4,0
CHEMBL478836,c1ccc(-c2ccccc2CN[C@H]2CCNC2)cc1,Ki,1070.0,5.97,252.36,2.81,0
CHEMBL477571,O=S(=O)(N(Cc1ccccc1-c1ccccc1)[C@H]1CCNC1)C(F)(F)F,Ki,5280.0,5.28,384.42,3.37,0
CHEMBL516730,CCOC(=O)N(Cc1ccccc1C(F)(F)F)[C@H]1CCNC1,Ki,427.0,6.37,316.32,3.03,1
CHEMBL476941,CC(C)CC(=O)N(Cc1ccccc1-c1ccccc1)[C@H]1CCNC1,Ki,415.0,6.38,336.48,4.09,1
CHEMBL449235,O=CN(Cc1ccccc1-c1ccccc1)[C@H]1CCNC1,Ki,869.0,6.06,280.37,2.67,1
CHEMBL497512,CNC[C@@H]1OCc2ccccc2[C@@H]1Oc1c(F)cccc1C(F)(F)F,IC50,3200.0,5.5,355.33,4.08,0
CHEMBL497479,CNC[C@@H]1COc2ccccc2[C@@H]1Oc1ccccc1Cl,IC50,6000.0,5.22,303.79,3.69,0
CHEMBL497666,CNC[C@@H]1Cc2ccccc2[C@@H]1Oc1ccc(C(F)(F)F)cc1,IC50,190.0,6.72,321.34,4.22,1
CHEMBL449277,N#Cc1ccc2[nH]cc([C@H]3CC[C@@H](N4CCc5cc(OCCCF)ccc5C4)CC3)c2c1,Ki,6.16,8.21,431.56,5.86,1
CHEMBL294481,COc1ccc2c(c1)CCN([C@H]1CC[C@@H](c3c[nH]c4ccc(C#N)cc43)CC1)C2,Ki,4.1,8.39,385.51,5.13,1
CHEMBL247683,CN1Cc2cc(OCCCN3CCCCC3)ncc2C(c2ccc(Cl)c(Cl)c2)C1,Ki,120.0,6.92,434.41,5.22,1
CHEMBL91418,Cc1cc(C)cc(OCC(=O)N(c2ccc(Cl)c(Cl)c2)C2CCNCC2)c1,Ki,31.62,7.5,407.34,4.77,1
CHEMBL245687,c1ccc(-c2ccccc2CN(C2CCOCC2)[C@H]2CCNC2)cc1,IC50,400.0,6.4,336.48,3.7,1
CHEMBL374634,CCCCC(c1ccc(Cl)c(Cl)c1)C1CCCCN1,Ki,1100.0,5.96,300.27,5.41,0
CHEMBL383128,CN[C@H]1CC[C@@H](c2ccc(Cl)c(Cl)c2)c2cccc(C(=O)N(C)C)c21,IC50,140.0,6.85,377.32,4.88,1
CHEMBL3917604,CC(N)CCc1ccccc1Cl,IC50,35850.0,4.45,183.68,2.62,0
CHEMBL596614,CN1CCOCC1CCc1c[nH]c2ccc(C#N)cc12,IC50,76.0,7.12,269.35,2.3,1
CHEMBL1257384,O=C1NCc2cc(Cl)c(OCCCN3CCN(c4cccc5cccc(F)c45)CC3)cc21,Ki,20.2,7.7,453.95,4.47,1
CHEMBL1257737,Cc1c(OCCCCN2CCN(c3cccc4cc(F)ccc34)CC2)ccc2c1C(=O)NC2,Ki,47.0,7.33,447.55,4.51,1
CHEMBL485406,CCCN(CCCc1c[nH]c2ccc(F)cc12)[C@H]1COc2c(F)ccc(OC)c2C1,IC50,379.0,6.42,414.5,5.1,1
CHEMBL1170233,COC[C@@]12CN(C)CC[C@]1(c1ccc(Cl)c(Cl)c1)C2,Ki,12.59,7.9,300.23,3.6,1
CHEMBL204530,O=C(O)C(=O)O.O[C@H](Cc1ccccc1)CN1CCC(CCOC(c2ccc(F)cc2)c2ccc(F)cc2)CC1,Ki,91.0,7.04,555.62,5.78,1
CHEMBL202644,C[C@@H](Cc1ccccc1)CN1CCC(CCOC(c2ccc(F)cc2)c2ccc(F)cc2)CC1.O=C(O)C(=O)O,Ki,124.0,6.91,553.65,7.05,1
CHEMBL476527,CC(C)C(=O)N(Cc1ccccc1C(F)(F)F)[C@H]1CCNC1,Ki,133.0,6.88,314.35,3.05,1
CHEMBL1080745,Cc1c(C(=O)NCCCN2CCN(c3cccc(Cl)c3)CC2)cc(-c2ccccc2)n1CC(C)C,IC50,110.0,6.96,493.1,5.72,1
CHEMBL1381098,S=C=Nc1cccc2ccccc12,Ki,7593.0,5.12,185.25,3.57,0
CHEMBL1289047,Cc1ccc2c(N3CCN(CCc4c(C)ccc5[nH]c(=O)ccc45)CC3)cccc2n1,Ki,100.0,7.0,412.54,4.06,1
CHEMBL1289277,Cc1ccc2c(N3CCN(CCc4c(C)ccc5c4ccc(=O)n5C)[C@H](C)C3)cccc2n1,Ki,3.981,8.4,440.59,4.46,1
CHEMBL596715,FC(F)(F)c1ccccc1Oc1ncccc1C1CCNCC1,Ki,203.0,6.69,322.33,4.36,1
CHEMBL611677,Fc1cccc(Oc2ncccc2C2CCNCC2)c1F,Ki,109.0,6.96,290.31,3.62,1
CHEMBL247671,COc1ccc(C2CN(C)Cc3cc(OCC4CCN(C(C)C)CC4)ncc32)cc1,Ki,62.0,7.21,409.57,4.17,1
CHEMBL247669,CC(C)N1CCC(COc2cc3c(cn2)C(c2ccc(Cl)c(Cl)c2)CNC3)CC1,Ki,37.0,7.43,434.41,5.12,1
CHEMBL247472,COc1ccc(C2CN(C)Cc3cc(OCCCN4CCOCC4)ncc32)cc1,Ki,70.0,7.16,397.52,2.77,1
CHEMBL392429,CN1Cc2cc(OCCCN3CCCCC3)ncc2C(c2cccc(Cl)c2)C1,Ki,826.0,6.08,399.97,4.57,1
CHEMBL610766,COC(=O)[C@@H]1C2CCC(C[C@@H]1c1ccc(I)cc1)N2C,Ki,4.2,8.38,385.25,3.03,1
CHEMBL595638,CN1C2CCC1[C@@H](C(=O)OCc1cn(CCOC(=O)[C@H]3C4CCC(C[C@@H]3c3ccc(Cl)cc3)N4C)nn1)[C@@H](c1ccc(Cl)cc1)C2,Ki,27.0,7.57,666.65,5.7,1
CHEMBL611963,CN1C2CCC1[C@@H](C(=O)Nc1ccc(CNC(=O)[C@H]3C4CCC(C[C@@H]3c3ccc(-c5ccsc5)cc3)N4C)cc1)[C@@H](c1ccc(-c3ccsc3)cc1)C2,Ki,730.0,6.14,741.04,9.23,1
CHEMBL594388,CN1C2CCC1[C@@H](C(=O)N[C@H]1CC[C@H](NC(=O)[C@H]3C4CCC(C[C@@H]3c3ccc(-c5ccsc5)cc3)N4C)CC1)[C@@H](c1ccc(-c3ccsc3)cc1)C2,Ki,810.0,6.09,733.06,8.52,1
CHEMBL1276166,CN(C)C1CCC(c2c[nH]c3ccc(F)cc23)C1,IC50,1.7,8.77,246.33,3.5,1
CHEMBL564071,CC(C)CN(C(=O)c1ccccc1-c1ccccc1)[C@H]1CCNC1,Ki,654.0,6.18,322.45,3.81,1
CHEMBL552338,O=C(c1ccccc1C(F)(F)F)N(CC1CCC1)[C@H]1CCNC1,Ki,224.0,6.65,326.36,3.31,1
CHEMBL561739,CCc1ccccc1C(=O)N(CC1CCC1)[C@H]1CCNC1,Ki,237.0,6.62,286.42,2.85,1
CHEMBL490202,CN(C)Cc1cc(F)ccc1Oc1ccc([S+](C)[O-])cc1,IC50,600.0,6.22,307.39,3.42,1
CHEMBL493264,CSc1ccc(Sc2ccccc2CN(C)C)cc1,IC50,22.0,7.66,289.47,4.62,1
CHEMBL493263,CN(C)Cc1ccccc1Sc1cccc(Cl)c1,IC50,12.0,7.92,277.82,4.55,1
CHEMBL493058,CN(C)Cc1ccccc1Sc1ccc(Cl)cc1,IC50,20.0,7.7,277.82,4.55,1
CHEMBL493667,CC(c1ccc(Cl)c(Cl)c1)c1ccccc1CN(C)C,IC50,40.0,7.4,308.25,5.21,1
CHEMBL1214047,CCCn1c(-c2ccccc2)cc(C(=O)NCCCN2CCN(c3ccccc3OC)CC2)c1C,IC50,1084.0,5.96,474.65,4.82,0
CHEMBL1214115,CCCn1c(-c2ccccc2)cc(C(=O)NCCCN2CCN(c3cc(F)ccc3F)CC2)c1C,IC50,854.0,6.07,480.6,5.09,1
CHEMBL481695,CN(C)Cc1cc(C(N)=O)ccc1Oc1ccc(OC(F)(F)F)cc1,IC50,3.0,8.52,354.33,3.54,1
CHEMBL481941,CN(C)Cc1ccccc1Oc1ccc(C#N)cc1,IC50,60.0,7.22,252.32,3.41,1
CHEMBL507422,CN(C)Cc1ccccc1Oc1ccc(C2CC2)cc1,IC50,17.0,7.77,267.37,4.42,1
CHEMBL500629,CN(C)Cc1cc(S(N)(=O)=O)ccc1Sc1ccc(C(F)(F)F)cc1,IC50,26.0,7.58,390.45,3.57,1
CHEMBL173344,C=C(C)c1ccc([C@H]2CC3CCC(N3)[C@H]2C(=O)CC)cc1,IC50,0.16,9.8,283.42,3.92,1
CHEMBL27025,CN1CC=C(c2c[nH]c3ccc(F)cc23)CC1,IC50,160.0,6.8,230.29,3.03,1
CHEMBL283416,CN1CC=C(c2c[nH]c3ccc([N+](=O)[O-])cc23)CC1,IC50,40.0,7.4,257.29,2.8,1
CHEMBL376113,Cc1ccc([C@H]2C[C@@H]3CC[C@H]([C@H]2c2ncc(-c4ccc(Cl)c(Cl)c4)s2)N3C)cc1,Ki,2940.0,5.53,443.44,7.16,0
CHEMBL229436,Cc1ccc([C@H]2C[C@@H]3CC[C@H]([C@H]2c2ncc(-c4ccc([N+](=O)[O-])cc4)s2)N3C)cc1,Ki,1640.0,5.79,419.55,5.76,0
CHEMBL388759,CN1[C@H]2CC[C@@H]1[C@@H](c1ncc(-c3ccc(Br)cc3)s1)[C@@H](c1ccc(Cl)cc1)C2,Ki,5700.0,5.24,473.87,6.96,0
CHEMBL375685,Cc1ccc([C@H]2C[C@@H]3CC[C@H]([C@H]2c2ncc(-c4ccc(Br)cc4)s2)N3C)cc1,Ki,1870.0,5.73,453.45,6.61,0
CHEMBL388760,CN1[C@H]2CC[C@@H]1[C@@H](c1ncc(-c3cccc([N+](=O)[O-])c3)s1)[C@@H](c1ccc(Cl)cc1)C2,Ki,740.0,6.13,439.97,6.11,1
CHEMBL242338,COC(=O)[C@H]1[C@@H](c2ccc(I)cc2)C[C@H]2CC[C@@H]1N2C,Ki,6.0,8.22,385.25,3.03,1
CHEMBL1813307,CN1C[C@@H]2CCCC[C@]2(c2ccccc2)C1,IC50,724.44,6.14,215.34,3.06,1
CHEMBL1813308,CN1C[C@@H]2CCCC[C@]2(c2ccc(F)c(F)c2)C1,IC50,1230.27,5.91,251.32,3.34,0
CHEMBL1813312,CN1C[C@@H]2CCCC[C@]2(c2cccc3ccccc23)C1,IC50,162.18,6.79,265.4,4.21,1
CHEMBL1813316,CCN1C[C@H]2CCCC[C@@]2(c2ccc(Cl)c(Cl)c2)C1,IC50,45.71,7.34,298.26,4.76,1
CHEMBL1813313,CN1C[C@@H]2CCCC[C@]2(c2ccc3ccccc3c2)C1,IC50,6.918,8.16,265.4,4.21,1
CHEMBL1813474,Clc1ccc([C@]23CCC[C@H]2CNC3)cc1Cl,IC50,501.19,6.3,256.18,3.63,1
CHEMBL129238,Cc1cc2c(OC[C@@H](O)CN3CC[C@@H](c4cc5cc(F)ccc5s4)C[C@@H]3C)cccc2[nH]1,Ki,0.24,9.62,452.6,5.84,1
CHEMBL421660,Cc1cc2c(OC[C@@H](O)CN3CC[C@@H](c4cc5ccccc5s4)C[C@@H]3C)cccc2[nH]1,Ki,0.53,9.28,434.61,5.7,1
CHEMBL5880057,Fc1cccc(Oc2cc(F)c(F)cc2N2CCC3(CNCCC34OCCO4)C2)c1,IC50,447.0,6.35,420.43,3.83,1
CHEMBL19215,CN1C[C@H](CNC(=O)OCc2ccccc2)C[C@@H]2c3cccc4c3c(cn4C)C[C@H]21,Ki,313.0,6.5,403.53,4.06,1
CHEMBL5742565,NCC1(O)CCN(c2nc(Oc3cccc(F)c3)cc(C(F)(F)F)n2)CC1,IC50,7586.0,5.12,386.35,2.72,0
CHEMBL1714574,CC(C)N1CCN(c2ccc(OCC3COC(Cn4cncn4)(c4ccc(Cl)cc4Cl)O3)cc2)CC1,IC50,11456.0,4.94,532.47,4.46,0
CHEMBL3974952,COc1cccc(CCN2CCC(Cc3cc(OC)ccc3Br)CC2)c1,Ki,37.5,7.43,418.38,4.96,1
CHEMBL3964504,COc1ccc(Br)c(CC2CCN(CCc3ccc(F)cc3)CC2)c1,Ki,51.2,7.29,406.34,5.09,1
CHEMBL315172,COC(=O)C1C(c2ccc3ccccc3c2)CC2[C@@H](O)CC1N2C,IC50,180.0,6.75,325.41,2.55,1
CHEMBL524313,CNC[C@@H]1OCc2ccccc2[C@@H]1Oc1ccc(O)cc1C,IC50,35.0,7.46,299.37,2.94,1
CHEMBL549825,Clc1cccc(OC(c2cccnc2)[C@@H]2CCCNC2)c1Cl,IC50,16.0,7.8,337.25,4.51,1
CHEMBL563030,Clc1cccc(OC(c2cccnc2)[C@H]2CCCNC2)c1Cl,IC50,3.0,8.52,337.25,4.51,1
CHEMBL376899,COC(=O)[C@@H]1C2CCC(C[C@H]1c1ccccc1)N2C,IC50,5700.0,5.24,259.35,2.43,0
CHEMBL312037,COC(=O)[C@@H]1C2CC[C@H](C[C@@H]1c1ccc(C)cc1)N2C,Ki,23.0,7.64,273.38,2.73,1
CHEMBL525952,O=C(OCCF)C1C2CCC(CC1c1cccc(/C=C\Br)c1)N2,Ki,0.33,9.48,382.27,3.79,1
CHEMBL395998,O=C(OCC[18F])C1C2CCC(CC1c1ccc(/C=C\I)cc1)N2,Ki,0.08,10.1,428.28,3.83,1
CHEMBL214003,CCOc1ccccc1CC(c1ccccc1)N1CCCNCC1,IC50,300.0,6.52,324.47,3.66,1
CHEMBL3331498,Clc1ccc(CN(CC2CNC2)C2CCCC2)cc1Cl,IC50,28.8,7.54,313.27,3.96,1
CHEMBL599813,CNC[C@@H](O)[C@H](c1cccc(F)c1)N1C[C@@H](C)c2ccccc21.Cl,IC50,154.0,6.81,350.86,3.07,1
CHEMBL598168,CNC[C@@H](O)[C@H](c1cccc(F)c1)N1CCc2cc(Cl)ccc21.Cl,IC50,2.8,8.55,371.28,3.16,1
CHEMBL1263,OCc1cc(C(O)CNCCCCCCOCCCCc2ccccc2)ccc1O,Ki,294.2,6.53,415.57,4.11,1
CHEMBL597608,CCOCC[C@H]1[C@@H]2CNC[C@]12c1ccc(Cl)c(Cl)c1,Ki,0.7943,9.1,300.23,3.51,1
CHEMBL599639,Clc1ccc([C@]23CNC[C@H]2[C@@H]3COCC2CC2)cc1Cl,Ki,0.955,9.02,312.24,3.51,1
CHEMBL608151,CCOC[C@H]1[C@@H]2CNC[C@@]21c1ccc(Cl)c(Cl)c1,IC50,1.259,8.9,286.2,3.12,1
CHEMBL485491,Cc1ccc2c(N3CCN(CCc4ccc5c(c4)NC(=O)CO5)CC3)cc(F)cc2n1,Ki,0.7943,9.1,420.49,3.38,1
CHEMBL497980,Cc1ccc2c(N3CCN(CCc4ccc5c(c4)NC(=O)CO5)CC3)ccc(Cl)c2n1,Ki,1.585,8.8,436.94,3.89,1
CHEMBL179249,Cc1ccccc1S[C@@H](c1ccccc1)[C@@H]1CNCCO1,Ki,14.8,7.83,299.44,3.82,1
CHEMBL489582,O=c1ccc(-n2ccnc2)nn1CCCCN1CCN(c2cccc(C(F)(F)F)c2)CC1,Ki,230.0,6.64,446.48,3.05,1
CHEMBL478040,CCOc1ccccc1N1CCN(CCNC(=O)Cn2nc(-n3ccnc3)ccc2=O)CC1,Ki,5977.0,5.22,451.53,0.77,0
CHEMBL22183,Cc1ccc(Sc2ccccc2CN(C)C)c(N)c1,Ki,0.73,9.14,272.42,3.79,1
CHEMBL139277,CNCCC(Oc1cccc2ccccc12)c1cccc(C)c1,Ki,4.0,8.4,305.42,4.88,1
CHEMBL4099997,Cc1cccc(S(=O)(=O)NCCCCN2CC=C(c3c(C)[nH]c4ccc(Cl)cc34)CC2)c1,Ki,18.0,7.75,472.05,5.29,1
CHEMBL4070254,O=S(=O)(NCCCCN1CC=C(c2c[nH]c3ccc(Cl)cc23)CC1)c1cccc(Cl)c1,Ki,2.8,8.55,478.45,5.32,1
CHEMBL4085802,O=S(=O)(NCCN1CC=C(c2c[nH]c3ccc(Cl)cc23)CC1)c1ccc(Cl)cc1,Ki,6.0,8.22,450.39,4.54,1
CHEMBL4070715,O=S(=O)(NCCCCN1CC=C(c2c[nH]c3ccc(Cl)cc23)CC1)c1ccc(Cl)cc1,Ki,6.1,8.21,478.45,5.32,1
CHEMBL219335,CC(C)CC(c1cccc(Cl)c1)C1CCCCN1,Ki,3200.0,5.5,265.83,4.61,0
CHEMBL505431,COc1ccc(F)cc1CCC1CCC(CCNCCCCCN2N=C(c3ccc(OC)c(OC)c3)[C@H]3CC=CC[C@H]3C2=O)O1,IC50,127.0,6.9,621.79,6.31,1
CHEMBL220247,CC(C)CC(c1ccc(Cl)cc1)C1CCCCN1,IC50,540.0,6.27,265.83,4.61,1
CHEMBL441864,Clc1ccc(C(CCCc2ccccc2)C2CCCCN2)cc1,IC50,1200.0,5.92,327.9,5.59,0
CHEMBL219707,Clc1ccc(C(CC2CCCCC2)C2CCCCN2)cc1,IC50,6400.0,5.19,305.89,5.54,0
CHEMBL234705,CN(C)[C@@H]1CC=C(c2c[nH]c3ccc(C#N)cc23)CC1,IC50,0.56,9.25,265.36,3.54,1
CHEMBL226984,Cc1ccc([C@H]2C[C@@H]3CC[C@H]([C@H]2c2ncc(-c4cccc([N+](=O)[O-])c4)s2)N3C)cc1,Ki,580.0,6.24,419.55,5.76,1
CHEMBL390743,CN1[C@H]2CC[C@@H]1[C@@H](c1ncc(-c3ccc(F)cc3)s1)[C@@H](c1ccc(Cl)cc1)C2,Ki,653.0,6.18,412.96,6.34,1
CHEMBL436132,Cc1ccc([C@H]2C[C@@H]3CC[C@H]([C@H]2c2ncc(-c4cccc(Br)c4)s2)N3C)cc1,IC50,3860.0,5.41,453.45,6.61,0
CHEMBL227180,CN1[C@H]2CC[C@@H]1[C@@H](c1ncc(-c3ccc(Cl)cc3)s1)[C@@H](c1ccc(Cl)cc1)C2,IC50,4400.0,5.36,429.42,6.85,0
CHEMBL380401,NC(=O)c1ccc(F)c2c1C[C@@H](NCCCc1c[nH]c3ccc(F)cc13)CO2,IC50,197.0,6.71,385.41,3.07,1
CHEMBL2112915,C[C@H](CF)OC(=O)C1C(c2ccc(Cl)cc2)CC2CCC1N2C,Ki,64.0,7.19,339.84,3.81,1
CHEMBL390718,COc1cc2c(cc1OC)C1=NOC(CN3CCN(C/C(C)=C/c4ccccc4)CC3)C1CN2,Ki,8.9,8.05,462.59,3.57,1
CHEMBL318235,COc1cc2c(cc1OC)C1=NO[C@@H](CN3CCN(C/C(C)=C/c4ccc(F)cc4)CC3)[C@@H]1CO2,Ki,1.2,8.92,481.57,3.68,1
CHEMBL226636,COc1cc2c(cc1OC)C1=NOC(CN3CCN(C/C=C/c4ccc(F)cc4)CC3)C1CO2,Ki,14.0,7.85,467.54,3.29,1
CHEMBL3128188,O=C(Nc1ccc(C[C@@H]2CC[C@H]([C@H](O)c3cccnc3)N2)cc1)[C@@H]1CCc2ccnn21,IC50,900.0,6.05,417.51,2.8,1
CHEMBL5861041,CNCC1(c2ccc3ccccc3c2)CCC(C)(O)CC1,IC50,609.0,6.21,283.42,3.62,1
CHEMBL6058867,CN(C)CC1(c2ccc3ccccc3c2)CCC(F)CC1,IC50,9.0,8.05,285.41,4.55,1
CHEMBL6046303,NCC1(c2ccc3ccccc3c2)CCC(Cl)CC1,IC50,55.0,7.26,273.81,4.22,1
CHEMBL5840692,NCC1(c2ccc3ccccc3c2)CCC(F)CC1,IC50,283.0,6.55,257.35,3.95,1
CHEMBL1684043,CCC(N)C1(c2ccc(Cl)c(Cl)c2)CCCCC1,IC50,355.0,6.45,286.25,4.93,1
CHEMBL5818805,CNCC1(c2ccc3c(c2)OCO3)CCC(C)(O)CC1,IC50,8661.0,5.06,277.36,2.2,0
CHEMBL475937,CNCC[C@H](c1cccc(Cl)c1)N1C(=O)C(C)(C)c2cccc(F)c21,IC50,290.0,6.54,360.86,4.45,1
CHEMBL513912,CNCC[C@H](c1ccccc1)N1C(=O)C(C)(C)c2ccccc21,IC50,1350.0,5.87,308.43,3.66,0
CHEMBL5203206,CCCCc1sc(C2CCN(CCCCc3cn(C)c4ccc(C#N)cc34)CC2)nc1-c1ccc(Oc2ccc(Cl)cc2)cc1,IC50,31.09,7.51,637.29,10.16,1
CHEMBL1257971,Cc1cc2c(cc1OCCCCN1CCN(c3cccc4cccc(F)c34)CC1)C(=O)NC2,Ki,118.0,6.93,447.55,4.51,1
CHEMBL1258647,O=C1NCc2ccc(OCCCCN3CCN(c4cccc5ccccc45)CC3)cc21,Ki,445.0,6.35,415.54,4.06,1
CHEMBL1258084,O=C1NCc2ccc(OCCCCN3CCN(c4cccc5ccccc45)CC3)c(F)c21,Ki,2520.0,5.6,433.53,4.2,0
CHEMBL469889,Cc1ccc([C@H]2CC3CCC([C@H]2c2onc(C)c2-c2ccc(Cl)cc2)N3C)cc1.Cl,Ki,864.0,6.06,443.42,6.35,1
CHEMBL486041,Cc1ccc([C@H]2CC3CCC([C@H]2c2cc(Cc4ccc(F)cc4)no2)N3C)cc1.Cl,Ki,113.0,6.95,426.96,5.45,1
CHEMBL379333,CN1C2CCC1C1COC(=O)CCC(=O)CCC(=O)Nc3ccc(cc3)C1C2,Ki,1230.0,5.91,384.48,2.88,0
CHEMBL257482,CN1C2CCC1[C@@H](COC(=O)CCCCC(=O)OC[C@@H]1C3CCC(C[C@@H]1c1ccc(Cl)c(Cl)c1)N3C)[C@@H](c1ccc(Cl)c(Cl)c1)C2,IC50,56.0,7.25,710.57,8.78,1
CHEMBL272003,CSc1ccccc1O[C@@H](c1ccccc1)[C@@H]1CNCCO1,Ki,90.88,7.04,315.44,3.52,1
CHEMBL272002,COC(=O)c1ccccc1O[C@@H](c1ccccc1)[C@@H]1CNCCO1,Ki,614.0,6.21,327.38,2.58,1
CHEMBL728,CN1CCN(CCCN2c3ccccc3Sc3ccc(Cl)cc32)CC1,Ki,621.0,6.21,373.95,4.58,1
CHEMBL196468,CN(C)C[C@H]1C[C@@H]1c1c[nH]c2ccc(C#N)cc12,IC50,0.48,9.32,239.32,2.7,1
CHEMBL1276117,CN(C)C1CCC(c2c[nH]c3cccc(F)c23)C1,IC50,31.0,7.51,246.33,3.5,1
CHEMBL1276249,CN(C)C1CCC(c2c[nH]c3cc(Br)ccc23)C1,IC50,9.6,8.02,307.23,4.13,1
CHEMBL1277050,N#Cc1ccc2[nH]cc(C3CCC(N4CCCCC4)C3)c2c1,IC50,65.0,7.19,293.41,4.16,1
CHEMBL1277137,N#Cc1ccc2[nH]cc(C3CCC(N4CCOCC4)C3)c2c1,IC50,110.0,6.96,295.39,3.01,1
CHEMBL1275707,CCN(CC)C1CCC(c2c[nH]c3ccc(F)cc23)C1,IC50,7.3,8.14,274.38,4.28,1
CHEMBL1275708,Fc1ccc2[nH]cc(C3CCC(N4CCCC4)C3)c2c1,IC50,2.9,8.54,272.37,4.04,1
CHEMBL1275709,CN(C)[C@@H]1CC[C@H](c2c[nH]c3ccc(C#N)cc23)C1,IC50,0.22,9.66,253.35,3.24,1
CHEMBL429440,COc1ccc(C2CN(C)Cc3cc(OCCCN4CCN(C(=O)c5ccncc5)CC4)ccc32)cc1,Ki,19.0,7.72,500.64,3.89,1
CHEMBL232621,COc1ccc(C2CN(C)Cc3cc(OCCCN4CCN(C(=O)C(C)C)CC4)ccc32)cc1,Ki,15.0,7.82,465.64,3.84,1
CHEMBL233470,COc1ccc(C2CN(C)Cc3cc(OCCCN4CCCC(F)(F)C4)ccc32)cc1,Ki,8.2,8.09,430.54,4.77,1
CHEMBL2096878,COc1ccc([C@H]2C3CCC(C[C@H]2c2ccc(C)cc2)N3C)cc1,IC50,1530.0,5.82,321.46,4.74,0
CHEMBL559654,Clc1ccc(Cl)c(OC(c2cccnc2)C2CCNCC2)c1,IC50,7.0,8.15,337.25,4.51,1
CHEMBL443952,CNC[C@@H]1OCc2ccccc2[C@H]1Oc1ccccc1C,IC50,2700.0,5.57,283.37,3.23,0
CHEMBL526669,CNC[C@H]1OCc2ccccc2[C@@H]1Oc1ccccc1C,IC50,960.0,6.02,283.37,3.23,1
CHEMBL6010647,Cc1cc(Oc2cccc(C(F)(F)F)c2)nc(N2CCC3(CC2)CNCCO3)n1,IC50,2630.0,5.58,408.42,3.55,0
CHEMBL5835086,Fc1ccccc1Oc1cc(C(F)(F)F)nc(N2CCC3(CC2)CNCCO3)n1,IC50,661.0,6.18,412.39,3.39,1
CHEMBL404885,Cc1cc(Oc2ccccc2C)c(CN(C)C)cn1,Ki,235.0,6.63,256.35,3.55,1
CHEMBL262357,CNCc1cnc(C)cc1Oc1ccccc1OC,Ki,265.0,6.58,258.32,2.91,1
CHEMBL261465,CCc1ccccc1Oc1cc(C)ncc1CNC,Ki,440.0,6.36,256.35,3.46,1
CHEMBL637,COc1ccc(C(CN(C)C)C2(O)CCCCC2)cc1,Ki,3.814,8.42,277.41,3.04,1
CHEMBL394928,c1cc([C@@H]2CN3CCC[C@@H]3c3cc(OCCCN4CCCCC4)ccc32)cs1,Ki,1.3,8.89,396.6,5.29,1
CHEMBL394732,Clc1ccc(C2CNCc3cc(OCCCN4CCCCC4)ncc32)cc1Cl,Ki,32.0,7.5,420.38,4.88,1
CHEMBL246873,Clc1ccc(C2CNCc3cc(OCCCN4CCCCC4)ncc32)cc1,Ki,141.0,6.85,385.94,4.22,1
CHEMBL493384,COc1ccc(CCN(C)CCN2CCCCC2)cc1,Ki,52647.0,4.28,276.42,2.66,0
CHEMBL460406,COc1ccc(F)cc1CC[C@@H]1CC[C@H](CCN)O1,IC50,17.5,7.76,267.34,2.66,1
CHEMBL230000,O=C(OCCF)C1C2CCC(CC1c1ccc(/C=C\I)cc1)N2,Ki,0.08,10.1,429.27,3.83,1
CHEMBL3215623,Cc1nc(C(=O)NCCCN2CCN(c3cccc(Cl)c3Cl)CC2)c(C)n1-c1ccccc1F.Cl.Cl.Cl.Cl,IC50,13.0,7.89,650.28,4.88,1
CHEMBL3215848,Cc1c(C(=O)NCCCN2CCN(c3cccc(Cl)c3Cl)CC2)nc(-c2ccccc2)n1-c1ccccc1F.Cl.Cl.Cl.Cl,IC50,200.0,6.7,712.35,6.24,1
CHEMBL1831166,COc1cc2c(cc1OC)CN(CCCCn1cc(-c3ccc(F)cc3)c3ccccc31)CC2,Ki,295.0,6.53,458.58,6.3,1
CHEMBL202409,Cc1ccc(C(=O)C(CC(C)C)N2CCCC2)cc1,Ki,2870.0,5.54,259.39,3.69,0
CHEMBL201978,CCC(C(=O)c1ccc(Cl)c(Cl)c1)N1CCCC1,Ki,810.0,6.09,286.2,4.05,1
CHEMBL377498,CCC(CC(=O)c1ccc(Cl)c(Cl)c1)N1CCCC1,Ki,3900.0,5.41,300.23,4.44,0
CHEMBL6055620,Clc1ccc(OC2CNC2)cc1Cl,IC50,1300.0,5.89,218.08,2.34,0
CHEMBL491889,CCN(CC)CCCCCCn1c2ccccc2c(=O)c2ccccc21,IC50,3500.0,5.46,350.51,5.06,0
CHEMBL5929878,CN(C)CC1(c2ccc(Cl)cc2Cl)CCCCC1,IC50,221.0,6.66,286.25,4.76,1
CHEMBL238055,CSc1ccc(C2CN(C)Cc3cc(Oc4ncc(CN5CCCCC5)s4)ccc32)cc1,Ki,20.7,7.68,465.69,6.22,1
CHEMBL1813306,CN1C[C@@H]2CCCC[C@]2(c2ccc(Cl)cc2Cl)C1,IC50,346.74,6.46,284.23,4.37,1
CHEMBL1813318,CN1C[C@H]2CCCC[C@@]2(c2cccc3ccccc23)C1,IC50,33.11,7.48,265.4,4.21,1
CHEMBL1171007,c1cc2[nH]ncc2cc1N1CCNC[C@H]1CC1CCOCC1,Ki,1.0,9.0,300.41,2.16,1
CHEMBL1169916,COCCC1CNCCN1c1ccc2[nH]ncc2c1,Ki,1.995,8.7,260.34,1.38,1
CHEMBL1170795,NC(=O)c1c[nH]c2ccc(N3CCNCC3Cc3ccccc3)cc12,Ki,100.0,7.0,334.42,2.29,1
CHEMBL180630,CN(C)CCCc1c[nH]c2ccc(C#N)cc12,Ki,2.0,8.7,227.31,2.53,1
CHEMBL600220,CNC[C@@H](O)[C@H](c1ccccc1)N1CC(C)(C)c2ccccc21.Cl,IC50,2871.0,5.54,346.9,3.11,0
CHEMBL6033664,CNC[C@H](c1ccc2ccccc2c1)[C@@H](O)c1cc(F)cc(F)c1,Ki,296.0,6.53,327.37,4.15,1
CHEMBL5954037,CNC[C@@H](c1ccc2ccccc2c1)[C@@H](O)c1cccs1,Ki,10.0,8.0,297.42,3.94,1
CHEMBL6048577,NCC(Cc1ccccc1F)c1ccc2ccccc2c1,Ki,31.8,7.5,279.36,4.26,1
CHEMBL5912067,CNC[C@H](Cc1ccccc1F)c1ccc2ccccc2c1,Ki,75.8,7.12,293.38,4.52,1
CHEMBL378536,C=C1CN2C3CCC2C1C(c1ccc(Cl)cc1)C3,Ki,0.82,9.09,259.78,3.85,1
CHEMBL198842,COC(=O)[C@@H]1C2CCC(C[C@@H]1c1ccc(Cl)c(Cl)c1)N2CCNC(=O)CCCN1CCCc2cc3c(cc21)C(C)(C)C1=CC(=[N+](C)C)C=CC1=C3.[O-][Cl+3]([O-])([O-])[O-],Ki,227.0,6.64,830.25,7.34,1
CHEMBL3350391,CN1[C@@H]2CC[C@H]1C[C@@H](NC(c1ccc(F)cc1)c1ccc(F)cc1)C2,Ki,8685.0,5.06,342.43,4.27,0
CHEMBL466538,C=C(Cc1ccccc1)CN1CCN(CCOC(c2ccc(F)cc2)c2ccc(F)cc2)CC1,Ki,430.0,6.37,462.58,5.49,1
CHEMBL511718,CC(Cc1ccccc1)CN1CCN(CCOC(c2ccc(F)cc2)c2ccc(F)cc2)CC1,Ki,190.0,6.72,464.6,5.57,1
CHEMBL282380,O[C@H](Cc1ccccc1)CN1CCN(CCOC(c2ccccc2)c2ccccc2)CC1,Ki,1800.0,5.75,430.59,4.01,0
CHEMBL26320,c1ccc(CCCN2CCN(CCOC(c3ccccc3)c3ccccc3)CC2)cc1,Ki,620.0,6.21,414.59,5.04,1
CHEMBL591829,N#Cc1ccc2[nH]cc(CCC3CCCCN3Cc3cc(C(F)(F)F)cc(C(F)(F)F)c3)c2c1,IC50,46.0,7.34,479.47,7.06,1
CHEMBL91184,COC(=O)C1C(c2ccc(Cl)c(Cl)c2)C[C@H]2C[C@@H](O)C1N2C,IC50,15.0,7.82,344.24,2.7,1
CHEMBL379755,CN1C2CCC1C1COC(=O)CCCCCCCCCCC(=O)Nc3ccc(cc3)C1C2,IC50,1200.0,5.92,440.63,5.65,0
CHEMBL562625,CCN(CC)C[C@H]1CCC[C@@H]1c1c[nH]c2ccc(C#N)cc12,IC50,240.0,6.62,295.43,4.27,1
CHEMBL6011702,CN(C)CC1(c2ccc3ccccc3c2)CCCCC1O,IC50,2.0,8.7,283.42,3.57,1
CHEMBL5949694,CO[C@@H]1CCC[C@](C#N)(c2ccc(Cl)c(Cl)c2)C1,IC50,45.0,7.35,284.19,4.34,1
CHEMBL3770651,CN(C)CC1(c2ccc(Cl)c(Cl)c2)CCCC(O)C1,IC50,426.0,6.37,302.25,3.73,1
CHEMBL6022207,CNCC1(c2ccc(Cl)c(Cl)c2)CCCCC1OC,IC50,6857.0,5.16,302.25,4.04,0
CHEMBL204199,Cc1ccc(Oc2ccccc2CN(C)C)c(N)c1,Ki,0.53,9.28,256.35,3.43,1
CHEMBL5846305,COc1ccc(C2(C(C)N)CCCCC2)cc1,IC50,7115.0,5.15,233.35,3.24,0
CHEMBL1215695,CN(C)CCCC1(c2ccc(F)cc2)OCc2cc(Br)ccc21,IC50,120.0,6.92,378.29,4.7,1
CHEMBL3310484,Fc1cc(C(CC2CNC2)Oc2ccccc2F)ccc1Cl,IC50,46.3,7.33,323.77,4.35,1
CHEMBL641,CNCC[C@@H](Oc1ccccc1C)c1ccccc1,IC50,180.0,6.75,255.36,3.72,1
CHEMBL462402,CNCC1(O)Cc2ccccc2C1Sc1ccccc1C,IC50,1400.0,5.85,299.44,3.34,0
CHEMBL498904,CNC[C@]1(O)Cc2ccccc2[C@@H]1Oc1c(C)cccc1F,IC50,150.0,6.82,301.36,2.76,1
CHEMBL188964,CN(C)Cc1ccccc1Sc1ccc(CCF)cc1N,Ki,8.5,8.07,304.43,3.99,1
CHEMBL2113055,CNC(=O)c1ccccc1Sc1ccccc1[N+](=O)[O-],Ki,83.43,7.08,288.33,3.11,1
CHEMBL340281,OC1(c2ccc3ccccc3c2)c2ccc3ccccc3c2C2=NCCN21,Ki,11.0,7.96,350.42,4.26,1
CHEMBL1271930,CSc1nc(C)cc(C(=O)NCCN2CCN(c3cccc(C)c3C)CC2)n1.Cl,IC50,1014.0,5.99,436.03,2.68,0
CHEMBL492916,Cl.NCC1CC1c1ccccc1Br,Ki,2716.0,5.57,262.58,2.51,0
CHEMBL1258086,Cc1cc2c(cc1OCCCN1CCN(c3cccc4cc(F)ccc34)CC1)C(=O)NC2,Ki,13.6,7.87,433.53,4.12,1
CHEMBL1258879,O=C1NCc2ccc(OCCCCN3CCN(c4cccc5cccc(F)c45)CC3)cc21,Ki,26.0,7.58,433.53,4.2,1
CHEMBL420900,O=C(Cc1ccccc1)NCCCNCCOC(c1ccc(F)cc1)c1ccc(F)cc1,Ki,1150.0,5.94,438.52,4.41,0
CHEMBL1642900,CN(C)[C@@H]1Cc2ccccc2[C@H](c2ccc(Cl)c(Cl)c2)C1,IC50,3.0,8.52,320.26,5.0,1
CHEMBL69380,CN(CCc1ccc(F)cc1)CC1CCCN(CCOC(c2ccccc2)c2ccccc2)C1,Ki,530.0,6.28,460.64,5.82,1
CHEMBL238141,CNCc1cc(CCCCN2CCN(C(C)C)CC2)ccc1Oc1ccc(SC)cc1,Ki,1.4,8.85,441.69,5.27,1
CHEMBL224062,COc1ccc([C@@H]2C3CCC(C[C@@H]2c2ccc(C)cc2)N3C)cc1,Ki,410.0,6.39,321.46,4.74,1
CHEMBL2096874,CN1C2CCC1[C@H](c1ccccc1)[C@H](c1ccccc1)C2,Ki,3700.0,5.43,277.41,4.42,0
CHEMBL426178,Cc1ccc([C@@H]2CC3CCC([C@@H]2c2ccc(C)cc2)N3C)cc1,Ki,910.0,6.04,305.47,5.04,1
CHEMBL241646,CN(C)Cc1cc(OCCO)ccc1Sc1ccc(F)cc1N,Ki,1.2,8.92,336.43,2.99,1
CHEMBL239079,CN(C)Cc1cc(OCCF)ccc1Sc1ccc(Cl)cc1N,Ki,0.03,10.52,354.88,4.48,1
CHEMBL300226,COC(=O)C1C2CC[C@H](C[C@@H]1c1ccc(I)cc1)N2C,IC50,2.53,8.6,385.25,3.03,1
CHEMBL450714,CSc1ccc(Oc2ccccc2CN(C)C)cc1,IC50,1.0,9.0,273.4,4.26,1
CHEMBL488242,CNCc1ccccc1Oc1ccc(Cl)cc1,IC50,13.9,7.86,247.72,3.85,1
CHEMBL488434,CNCc1cc(F)ccc1Oc1ccc(Cl)cc1,IC50,9.47,8.02,265.71,3.99,1
CHEMBL451137,CNCc1ccc(Br)cc1Oc1ccc(Cl)c(Cl)c1,IC50,5.1,8.29,361.07,5.27,1
CHEMBL488435,CNCc1cc(Br)ccc1Oc1ccc(Cl)c(Cl)c1,IC50,4.8,8.32,361.07,5.27,1
CHEMBL451076,CNCc1cc(C#N)ccc1Oc1ccc(Cl)c(Cl)c1,IC50,2.5,8.6,307.18,4.38,1
CHEMBL455425,CNCc1cc(C)c(C)cc1Oc1ccc(Cl)c(Cl)c1,IC50,8.9,8.05,310.22,5.12,1
CHEMBL455426,CNCc1cc(C(N)=O)ccc1Oc1ccc(Cl)c(Cl)c1,IC50,3.78,8.42,325.2,3.6,1
CHEMBL475121,CNCc1ccc(Cl)cc1Oc1ccc(C)c(C)c1,IC50,4.67,8.33,275.78,4.47,1
CHEMBL462225,CNCc1cc(Cl)ccc1Oc1ccc(C)c(C)c1,IC50,9.81,8.01,275.78,4.47,1
CHEMBL461153,CCn1c(=O)n([C@H](CCNC)c2ccccc2)c2ccccc21,IC50,4311.0,5.37,309.41,3.02,0
CHEMBL516965,CNCC[C@H](c1ccccc1)n1c(=O)n(C(C)C)c2cccc(F)c21,IC50,1208.0,5.92,341.43,3.72,0
CHEMBL336100,OC1(c2ccc(Cl)cc2)c2cccc(F)c2C2=NCCN21,Ki,38.1,7.42,302.74,2.75,1
CHEMBL443922,CN(C)Cc1ccccc1Oc1ccc(Cl)c(Cl)c1,IC50,0.35,9.46,296.2,4.85,1
CHEMBL257423,CN(C)Cc1ccccc1Oc1ccc(Cl)cc1,IC50,1.68,8.78,261.75,4.19,1
CHEMBL487053,CC(c1ccccc1Oc1ccc(Cl)c(Cl)c1)N(C)C,IC50,3.27,8.48,310.22,5.41,1
CHEMBL488021,CNCc1cc(F)ccc1Oc1ccc(C)c(C)c1,IC50,7.55,8.12,259.32,3.95,1
CHEMBL488241,CNCc1ccccc1Oc1ccc(C)c(C)c1,IC50,12.8,7.89,241.33,3.82,1
CHEMBL508192,CNC(C)c1ccccc1Oc1ccc(C)cc1,IC50,94.1,7.03,241.33,4.07,1
CHEMBL488437,CNC(C)c1cc(F)ccc1Oc1ccc(Cl)c(Cl)c1,IC50,8.09,8.09,314.19,5.21,1
CHEMBL455511,Cc1ccc(Oc2ccc(Cl)c(Cl)c2)c(CN(C)C)c1,IC50,2.36,8.63,310.22,5.16,1
CHEMBL455675,CNCc1cc(F)c(Cl)cc1Oc1ccc(Cl)c(Cl)c1,IC50,4.37,8.36,334.6,5.3,1
CHEMBL442923,CNCc1cc(F)ccc1Oc1ccc(F)c(Cl)c1,IC50,37.5,7.43,283.7,4.13,1
CHEMBL505091,CNCc1cc(Cl)ccc1Oc1ccc(Cl)c(Cl)c1,IC50,5.73,8.24,316.62,5.16,1
CHEMBL452091,CNCc1ccc(Cl)cc1Oc1ccc(Cl)c(C)c1,IC50,4.27,8.37,296.2,4.81,1
CHEMBL445754,CNCc1ccc(Cl)cc1Oc1ccc(Cl)c(F)c1,IC50,88.0,7.06,300.16,4.64,1
CHEMBL461322,CNCC[C@H](c1ccccc1)n1c(=O)n(C2CC2)c2ccccc21,IC50,4565.0,5.34,321.42,3.34,0
CHEMBL215236,COC(=O)/C=C1/CN2C3CCC2C1C(c1ccc(Cl)cc1)C3,Ki,18.75,7.73,317.82,3.39,1
CHEMBL2326694,COCCN1CC=CC[C@H](c2ccc(Cl)c(Cl)c2)C1,Ki,540.0,6.27,300.23,3.99,1
CHEMBL384649,CCC(=O)N1CC[C@@H](Cc2ccc(F)cc2)C[C@@H]1CCCNC(=O)Nc1cc(C(C)=O)cc(C(C)=O)c1,Ki,224.0,6.65,509.62,5.39,1
CHEMBL386073,CCCN1CC[C@@H](Cc2ccc(F)cc2)C[C@@H]1CCCNC(=O)Nc1cc(C(C)=O)cc(C(C)=O)c1,Ki,166.0,6.78,495.64,5.87,1
CHEMBL220801,CC(=O)c1cccc(NC(=O)NCCC[C@H]2C[C@H](Cc3ccc(F)cc3)CCN2CCO)c1,Ki,50.0,7.3,455.57,4.25,1
CHEMBL236604,CSc1ccc(C2CN(C)Cc3cc(Oc4cccc(CN5CCCCC5)n4)ccc32)cc1,Ki,22.0,7.66,459.66,6.16,1
CHEMBL2332390,CN(CCCN1c2ccccc2CCc2ccccc21)CCOCCOCCOCCN(C)CCCN1c2ccccc2CCc2ccccc21,IC50,5500.0,5.26,690.97,7.55,0
CHEMBL1201237,CC(C)(C)NC[C@H](O)COc1cccc2c1CCCC2=O,IC50,4898.0,5.31,291.39,2.33,0
CHEMBL1277686,CNCCC(c1ccccc1)c1cccc2ccccc12,Ki,2.4,8.62,275.39,4.58,1
CHEMBL1086273,COc1c(F)cccc1CC(c1ccccc1)N1CCNCC1,Ki,2.0,8.7,314.4,3.02,1
CHEMBL1086274,COc1cccc(F)c1CC(c1ccccc1)N1CCNCC1,Ki,9.0,8.05,314.4,3.02,1
CHEMBL3216286,CCCc1nc(C(=O)NCCCN2CCN(c3cccc(Cl)c3C)CC2)c(C)n1-c1ccccc1OC.Cl.Cl.Cl,IC50,55.0,7.26,633.49,5.05,1
CHEMBL3217175,COc1ccccc1-n1c(C)nc(C(=O)NCC(O)CN2CCN(c3cccc(Cl)c3C)CC2)c1C.Cl.Cl.Cl,IC50,19.0,7.72,621.44,3.37,1
CHEMBL3215627,COc1ccc(-n2c(C)nc(C(=O)NCC(O)CN3CCN(c4cccc(C)c4C)CC3)c2C)cc1OC.Cl.Cl,IC50,70.3,7.15,594.58,3.04,1
CHEMBL1642892,N[C@@H]1Cc2ccccc2[C@H](c2ccc(Cl)c(Cl)c2)C1,IC50,84.0,7.08,292.21,4.4,1
CHEMBL1642898,CN(C)[C@H]1Cc2ccccc2[C@H](c2ccc(Cl)c(Cl)c2)C1,IC50,7.0,8.15,320.26,5.0,1
CHEMBL1642906,CNC[C@H]1Cc2ccccc2[C@H](c2ccc(Cl)c(Cl)c2)C1,IC50,9.0,8.05,320.26,4.91,1
CHEMBL1642908,CNC[C@@H]1Cc2ccccc2[C@H](c2ccc(Cl)c(Cl)c2)C1,IC50,23.0,7.64,320.26,4.91,1
CHEMBL605213,CNC[C@@H](O)[C@H](c1cccc(F)c1)N1c2ccccc2CC1C.Cl,IC50,84.0,7.08,350.87,2.9,1
CHEMBL592167,CNC[C@@H](O)[C@H](c1cccc(F)c1)N1C[C@H](C)c2ccccc21.Cl,IC50,194.0,6.71,350.86,3.07,1
CHEMBL597967,CCC1CN([C@@H](c2cccc(F)c2)[C@H](O)CNC)c2ccccc21.Cl,IC50,499.0,6.3,364.89,3.46,1
CHEMBL597968,CNC[C@@H](O)[C@H](c1cccc(F)c1)N1CCc2cc(C)ccc21.Cl,IC50,5.5,8.26,350.87,2.82,1
CHEMBL603920,CNC[C@@H](O)[C@H](c1cccc(F)c1)N1CC(C)(C)c2ccc(F)cc21.Cl,IC50,4992.0,5.3,382.88,3.38,0
CHEMBL1086398,CNCCCN1Cc2ccccc2N(c2ccccc2)S1(=O)=O,IC50,6000.0,5.22,331.44,2.49,0
CHEMBL1204412,CNCCCC1Cc2ccccc2N(c2c(F)cccc2F)S1(=O)=O.Cl,IC50,8000.0,5.1,402.89,3.36,0
CHEMBL1087744,O=C1CCc2ccc(OC3CCN(C[C@@H]4COc5c(ccc6c5CC(=O)N6)O4)CC3)cc2N1,Ki,20.0,7.7,449.51,2.75,1
CHEMBL539656,CN(C)C[C@@H]1CCC[C@@H]1c1c[nH]c2ccc(C#N)cc12,IC50,1.2,8.92,267.38,3.48,1
CHEMBL2337607,Clc1cc(Cl)cc(O[C@@H](c2ccccc2)[C@H]2CCNC2)c1,IC50,6.31,8.2,322.24,4.72,1
CHEMBL504028,NCC1CCC(c2ccc3ccccc3c2)O1,Ki,45.0,7.35,227.31,3.02,1
CHEMBL1169912,CCC[C@H]1CNCCN1c1ccc2[nH]ncc2c1,Ki,31.62,7.5,244.34,2.14,1
CHEMBL486278,COc1ccc(CC(C)(C)NC[C@H](O)COc2cccc3[nH]c(=O)[nH]c23)cc1,IC50,61.0,7.21,385.46,2.22,1
CHEMBL214335,COc1ccccc1CC(c1ccccc1)N1CCNCC1,Ki,4.0,8.4,296.41,2.88,1
CHEMBL1083707,c1ccc(C(Cc2cccc3c2OCC3)N2CCNCC2)cc1,Ki,8.0,8.1,308.43,2.81,1
CHEMBL1084309,Fc1ccccc1C(Cc1ccccc1OC(F)F)N1CCNCC1,Ki,17.0,7.77,350.38,3.62,1
CHEMBL1084577,Fc1cccc(C(Cc2ccccc2OC(F)F)N2CCNCC2)c1,Ki,12.0,7.92,350.38,3.62,1
CHEMBL1224563,O=C(c1cc(F)c2[nH]ccc2c1)C1(Cc2ccccc2)CCNC1,Ki,3.981,8.4,322.38,3.71,1
CHEMBL1224320,CC(C)CCC1(C(=O)c2cc(F)c3[nH]ccc3c2)CCNC1,Ki,0.7943,9.1,302.39,3.91,1
CHEMBL1224319,CC(C)(C)CCC1(C(=O)c2ccc3[nH]ncc3c2)CCNC1,Ki,0.631,9.2,299.42,3.55,1
CHEMBL579254,COC(=O)[C@@H]1C2CCC(C[C@@H]1c1ccc(SC(C)C)cc1)N2C,Ki,23.0,7.64,333.5,3.93,1
CHEMBL401417,CN(C)CC1CC1c1ccc2cc(C#N)c(C#N)cc2c1,IC50,5.9,8.23,275.36,3.25,1
CHEMBL383611,N#CCCCN(Cc1ccccc1C(F)(F)F)C1CCNCC1.O=C(O)C(O)C(O)C(=O)O,Ki,0.58,9.24,475.46,3.56,1
CHEMBL208178,COCCCN(Cc1ccccc1C(F)(F)F)C1CCNCC1.O=C(O)C(O)C(O)C(=O)O,Ki,2.2,8.66,480.48,3.3,1
CHEMBL207480,Fc1ccc(CN(CC2CCC2)C2CCNCC2)c(C(F)(F)F)c1.O=C(O)C(O)C(O)C(=O)O,Ki,2.5,8.6,494.48,4.2,1
CHEMBL207214,Fc1ccc(CN(CC2CC2)C2CCNCC2)c(C(F)(F)F)c1.O=C(O)/C=C/C(=O)O,Ki,0.8,9.1,446.44,3.81,1
CHEMBL1241824,Cc1ccc2c(N3CCN(CCc4cccc5c4OCc4c(C(=O)N(C)C)ncn4-5)CC3)cccc2n1,Ki,15.85,7.8,496.62,3.69,1
CHEMBL331799,CNCC1C2CCC(C2)C1c1ccc2ccccc2c1,Ki,4.9,8.31,265.4,4.19,1
CHEMBL1173341,Clc1ccc([C@]23CNCC[C@H]2C3)cc1Cl,Ki,251.19,6.6,242.15,3.24,1
CHEMBL1084033,Fc1ccc(C(Cc2ccccc2OC(F)(F)F)N2CCNCC2)cc1,Ki,15.0,7.82,368.37,3.91,1
CHEMBL409877,CNCc1cc(C(=O)N2CCN(C3CC3)CC2)ccc1Oc1ccc(SC)c(C)c1,Ki,11.0,7.96,425.6,4.15,1
CHEMBL1224237,CC(C)(C)CCC1(C(=O)c2cc3ccccc3s2)CCNC1,Ki,1.0,9.0,315.48,4.89,1
CHEMBL256293,CCc1cc(Cl)ccc1Oc1cc(C)ncc1CN(C)C,Ki,13.0,7.89,304.82,4.46,1
CHEMBL1224382,CNCC[C@@H](c1ccc(Cl)c(Cl)c1)n1nnc(C)n1,IC50,143.0,6.84,300.19,2.49,1
CHEMBL1813483,CN1C[C@@H]2CCC[C@]2(c2ccc3ccccc3c2)C1,IC50,2.291,8.64,251.37,3.82,1
CHEMBL1813487,CN1C[C@H]2CCCC[C@@]2(Cc2ccc(Cl)c(Cl)c2)C1,IC50,5.495,8.26,298.26,4.66,1
CHEMBL403949,CCN(CC)C(=O)[C@@]1(c2ccc3c(c2)CCO3)C[C@H]1CN,IC50,2100.0,5.68,288.39,1.71,0
CHEMBL247538,COc1cccc(CN(C2CCOCC2)[C@H]2CCNC2)c1C,IC50,11.0,7.96,304.43,2.35,1
CHEMBL440230,Clc1cccc(CN(Cc2ccccn2)[C@@H]2CCNC2)c1Cl,IC50,3.0,8.52,336.27,3.75,1
CHEMBL388605,COc1ccc([C@@H]2C3CCC(C[C@@H]2c2ccc(C)cc2)N3C)cc1OC,Ki,1250.0,5.9,351.49,4.75,0
CHEMBL233471,COc1ccc(C2CN(C)Cc3cc(OCCCN4CCC(CO)CC4)ccc32)cc1,Ki,3.2,8.49,424.59,3.75,1
CHEMBL232299,COC(=O)C1=C(c2ccc(-c3ccccc3)cc2)CCCCC1,Ki,32000.0,4.5,306.4,5.24,0
CHEMBL359447,Cc1nnc(-c2ccc(-c3ccc(C(=O)Nc4ccc(O)c(N5CCN(C)CC5)c4)cc3)c(C)c2)o1,IC50,4700.0,5.33,483.57,4.73,0
CHEMBL326466,CN(C)C[C@H]1C2CCC(C2)[C@@H]1c1ccc2ccccc2c1,IC50,9.0,8.05,279.43,4.53,1
CHEMBL235794,CNCc1ccc(C#CCCN2CCOCC2)cc1Oc1ccc(SC)cc1,Ki,3.4,8.47,396.56,3.99,1
CHEMBL236046,CNCc1cc(C#CCCN2CCOCC2)ccc1Oc1ccc(SC)cc1,Ki,0.8,9.1,396.56,3.99,1
CHEMBL445747,Cc1cccc([C@H]2C[C@@H]2CN)c1.Cl,Ki,5441.0,5.26,197.71,2.06,0
CHEMBL256970,Cc1cc(Oc2ccc(Cl)cc2C)c(CN(C)C)cn1,IC50,6.0,8.22,290.79,4.21,1
CHEMBL402089,NC[C@@H]1C[C@@]1(C(=O)N1C=COc2ccccc21)c1ccsc1,IC50,340.0,6.47,312.39,2.86,1
CHEMBL255663,C=CCN(CC=C)C(=O)[C@@]1(c2ccsc2)C[C@H]1CN,IC50,76.0,7.12,276.41,2.17,1
CHEMBL257130,CCN(CC)C(=O)[C@@]1(c2cc3cc(F)ccc3s2)C[C@H]1CN,IC50,290.0,6.54,320.43,3.13,1
CHEMBL258013,CCN(CC)C(=O)[C@@]1(c2sc(Cl)c(Cl)c2Cl)C[C@H]1CN,IC50,2000.0,5.7,355.72,3.79,0
CHEMBL401804,CCN(CC)C(=O)[C@@]1(c2cc(Cl)c(Cl)s2)C[C@H]1CN,IC50,2200.0,5.66,321.27,3.14,0
CHEMBL207894,FC(F)(F)OCCN(Cc1ccccc1C(F)(F)F)C1CCNCC1.O=C(O)C(O)C(O)C(=O)O,Ki,17.0,7.77,520.42,3.8,1
CHEMBL208191,FC(F)(F)c1ccccc1CN(C1CCCC1)C1CCNCC1.O=C(O)/C=C/C(=O)O,Ki,3.6,8.44,442.48,4.2,1
CHEMBL208121,CCCN(Cc1ccccc1C(F)(F)F)C1CCNCC1.O=C(O)/C=C/C(=O)O,Ki,2.2,8.66,416.44,3.67,1
CHEMBL5911076,CNCC1(c2ccc(Cl)c(Cl)c2)CCC(F)(F)CC1,IC50,704.0,6.15,308.2,4.66,1
CHEMBL1684054,CC(N)C1(c2ccc(-c3ccccc3)cc2)CCCCC1,IC50,255.0,6.59,279.43,4.9,1
CHEMBL377552,CC(C)(O)CCN(Cc1ccc(F)cc1C(F)(F)F)C1CCNCC1.O=C(O)C(O)C(O)C(=O)O,Ki,5.0,8.3,512.5,3.56,1
CHEMBL207854,CCCN(Cc1ccc(F)cc1C(F)(F)F)C1CCNCC1.O=C(O)/C=C/C(=O)O,Ki,0.8,9.1,434.43,3.81,1
CHEMBL611959,CN1C2CCC1[C@@H](C(=O)Nc1ccc(CNC(=O)[C@H]3C4CCC(C[C@@H]3c3ccc(Cl)cc3)N4C)cc1)[C@@H](c1ccc(Cl)cc1)C2,Ki,1500.0,5.82,645.68,7.08,0
CHEMBL150050,COc1cccc2c1O[C@@H](CN1C3C=C(n4ccc5cc(F)ccc54)CC1CC3)CO2,Ki,8.5,8.07,420.48,4.71,1
CHEMBL488911,CN(C)Cc1cc(N)ccc1Oc1ccc(Cl)c(Cl)c1,IC50,4.99,8.3,311.21,4.43,1
CHEMBL322605,COC(=O)[C@@H]1C2CCC(C2)CC1c1ccc2ccccc2c1,IC50,106.0,6.97,294.39,4.53,1
CHEMBL468376,CC(O)(Cc1ccccc1)CN1CCN(CCOC(c2ccc(F)cc2)c2ccc(F)cc2)CC1,Ki,310.0,6.51,480.6,4.68,1
CHEMBL511950,O=C(Cc1ccccc1)CN1CCN(CCOC(c2ccc(F)cc2)c2ccc(F)cc2)CC1,Ki,250.0,6.6,464.56,4.5,1
CHEMBL1771,COC(=O)[C@H](c1ccccc1Cl)N1CCc2sccc2C1,IC50,562.0,6.25,321.83,3.67,1
CHEMBL1078076,CC(C)CN(C(=O)c1ccc(F)cc1Cl)[C@H]1CCNC1,Ki,7.0,8.15,298.79,2.94,1
CHEMBL246920,Clc1cccc(CN(CC2CC2)[C@H]2CCNC2)c1Cl,IC50,6.0,8.22,299.25,3.57,1
CHEMBL1080788,O=C(c1cccc(Cl)c1Cl)N(CC(F)(F)F)[C@H]1CCNC1,Ki,39.0,7.41,341.16,3.36,1
CHEMBL14924,COC(=O)C1C(c2ccc(C=C(Br)Br)cc2)CC2CCC1N2C,Ki,1.35,8.87,443.18,4.51,1
CHEMBL279331,O=C(CCC(=O)OC[C@@H]1C2CCC(C[C@@H]1c1ccc(Cl)c(Cl)c1)S2)OC[C@@H]1C2CCC(C[C@@H]1c1ccc(Cl)c(Cl)c1)S2,IC50,2200.0,5.66,688.57,9.6,0
CHEMBL270659,CN1C2CC[C@@H]1[C@@H](COC(=O)CCC(=O)OC[C@@H]1C3CCC(C[C@@H]1c1ccc(Cl)c(Cl)c1)S3)[C@@H](c1ccc(Cl)c(Cl)c1)C2,IC50,593.0,6.23,685.54,8.8,1
CHEMBL403660,CN1C2CCC1[C@@H](COC(=O)CCCCCCCCCCC(=O)OC[C@@H]1C3CCC(C[C@@H]1c1ccc(Cl)c(Cl)c1)N3C)[C@@H](c1ccc(Cl)c(Cl)c1)C2,IC50,140.0,6.85,794.73,11.12,1
CHEMBL227757,COC(=O)[C@@H]1C2CCC(C[C@@H]1c1ccc(Cl)c(Cl)c1)S2,IC50,3.0,8.52,331.26,4.53,1
CHEMBL5618780,NC(=O)c1cc2cc(N3CCN(CCc4ccc5c(c4)CCC(=O)N5)CC3)ccc2o1,IC50,2642.0,5.58,418.5,2.78,0
CHEMBL5618601,NC(=O)c1cc2cc(N3CCN(CCc4ccc5c(c4)CC(=O)N5)CC3)ccc2o1,IC50,6757.0,5.17,404.47,2.39,0
CHEMBL5618136,Cn1c(=O)oc2cc(CCN3CCN(c4ccc5oc(C(N)=O)cc5c4)CC3)ccc21,IC50,146.0,6.84,420.47,2.34,1
CHEMBL5619076,CNC(=O)c1cc2c(N3CCN(CCc4ccc5ccc(=O)[nH]c5c4)CC3)cccc2s1,IC50,467.0,6.33,446.58,3.47,1
CHEMBL513966,CCCN(CCCc1c[nH]c2ccc(F)cc12)[C@@H]1COc2c(F)ccc(OC)c2C1,IC50,452.0,6.34,414.5,5.1,1
CHEMBL427411,CCCN(CCCc1c[nH]c2ccc(F)cc12)[C@H]1COc2c(F)ccc(C(N)=O)c2C1,IC50,181.0,6.74,427.5,4.19,1
CHEMBL484747,Cl.NC(=O)c1cccc2c1CC(N(CCCc1c[nH]c3ccc(F)cc13)C1CCC1)CO2,IC50,109.0,6.96,457.98,4.2,1
CHEMBL483573,NC(=O)c1ccc(F)c2c1CC(N(CCCc1c[nH]c3ccc(Cl)cc13)C1CCC1)CO2,IC50,612.0,6.21,455.96,4.85,1
CHEMBL485625,NC(=O)c1ccc(F)c2c1CC(N(CCCc1c[nH]c3c(F)cc(F)cc13)C1CCC1)CO2,IC50,225.0,6.65,457.5,4.47,1
CHEMBL519533,NC(=O)c1ccc(F)c2c1CC(N(CCCCn1ccc3c(F)cccc31)C1CCC1)CO2,IC50,103.0,6.99,453.53,4.66,1
CHEMBL485407,NC(=O)c1ccc(F)c2c1C[C@@H](NCC1CCc3[nH]c4ccc(F)cc4c3C1)CO2,IC50,291.0,6.54,411.45,3.24,1
CHEMBL1258882,O=C1NCc2ccc(OCCCN3CCN(c4cccc5ccccc45)CC3)c(Cl)c21,Ki,104.0,6.98,435.95,4.33,1
CHEMBL561599,CC(c1ccccc1)N(c1ccc2[nH]ccc2c1)C1CCNCC1,Ki,39.81,7.4,319.45,4.49,1
CHEMBL133902,OC1(c2ccccc2)c2ccccc2C2=NCCN21,Ki,1760.0,5.75,250.3,1.96,0
CHEMBL476108,O=C(CCCN1CCCN(c2ccc(Cl)cc2)CC1)c1ccc(F)cc1,Ki,56.6,7.25,374.89,4.65,1
CHEMBL462410,O=C(OCCCF)C1C2CCC(CC1c1cccc(/C=C\I)c1)N2,Ki,0.26,9.59,443.3,4.22,1
CHEMBL457967,COc1ccc(F)cc1C1CCC(CN)O1,IC50,9029.0,5.04,225.26,2.01,0
CHEMBL450769,COc1ccc(F)cc1C[C@@H]1CC[C@H](CCN)O1,IC50,23.0,7.64,253.32,2.27,1
CHEMBL558133,Cc1ccc([C@@H](C)N[C@@H]2CC[C@@H](C(=O)N3CCC(C(=O)N4CCCC4)(c4ccccc4)CC3)C(C)(C)C2)cc1,IC50,76.0,7.12,529.77,6.02,1
CHEMBL339401,COC(=O)C1C2CCC(C[C@@H]1OC(c1ccc(Br)cc1)c1ccc(I)cc1)N2C,IC50,4390.0,5.36,570.26,5.18,0
CHEMBL563987,Fc1cccc(OC(c2cccnc2)C2CCNCC2)c1F,IC50,3.0,8.52,304.34,3.48,1
CHEMBL562854,Cc1cccc(OC(c2cccnc2)C2CCNCC2)c1C,IC50,3.0,8.52,296.41,3.82,1
CHEMBL560050,Cc1cccnc1C(Oc1cccc(Cl)c1Cl)C1CCNCC1,IC50,11.0,7.96,351.28,4.82,1
CHEMBL1095777,CCc1cc2c(cc1CC)CC(NC[C@H](O)c1ccc(O)c3[nH]c(=O)ccc13)C2,Ki,770.02,6.11,392.5,3.15,1
CHEMBL5916652,OC1(CN2CCC(F)(F)C2)CCN(c2nc(Oc3cccc(F)c3)cc(C(F)(F)F)n2)CC1,IC50,32359.0,4.49,476.42,4.1,0
CHEMBL5939193,NCC1(O)CCN(c2cc(F)cc(Oc3cccc(F)c3)c2F)CC1,IC50,661.0,6.18,352.36,3.19,1
CHEMBL451652,COc1ccc(C2CCC(CN)O2)cc1,IC50,617.0,6.21,207.27,1.87,1
CHEMBL447750,CC(C)(C)c1ccc(C2CCC(CN)O2)cc1,IC50,636.0,6.2,233.35,3.16,1
CHEMBL456639,NCC1CCC(CCc2ccccc2)O1,IC50,129.0,6.89,205.3,2.13,1
CHEMBL457968,Cc1cc(CCC2CCC(CCN)O2)ccc1F,IC50,30.0,7.52,251.34,2.96,1
CHEMBL455221,COc1ccc(F)cc1CCCC[C@H]1CC[C@H](CN)O1,IC50,84.0,7.08,281.37,3.05,1
CHEMBL5865610,NCC1(O)CCN(c2nc(Oc3cccc(F)c3)cc(C(F)(F)F)n2)C1,IC50,19055.0,4.72,372.32,2.33,0
CHEMBL218847,CCCC(c1ccc(Cl)cc1)C1CCCCN1,Ki,2700.0,5.57,251.8,4.37,0
CHEMBL79151,C[C@H]1C[C@H](c2cc3cc(Cl)ccc3s2)CCN1C[C@H](O)COc1cccc2[nH]ccc12,Ki,0.58,9.24,455.02,6.04,1
CHEMBL300340,COc1cccc2sc(C3CCN(C[C@H](O)COc4cccc5[nH]c(C)cc45)CC3)cc12,Ki,51.16,7.29,450.6,5.32,1
CHEMBL219703,CCCCCC(c1ccc(Cl)cc1)C1CCCCN1,IC50,1700.0,5.77,279.86,5.15,0
CHEMBL203236,CN[C@H]1CC[C@@H](c2ccc(Cl)c(Cl)c2)c2ccc(S(=O)(=O)N(C)C)cc21,IC50,70.0,7.16,413.37,4.43,1
CHEMBL202810,CN[C@H]1CC[C@@H](c2ccc(Cl)c(Cl)c2)c2ccc(C[S+](C)[O-])cc21,IC50,340.0,6.47,382.36,5.06,1
CHEMBL382955,CN1C2CCC1CC(O)(C1c3ccccc3-c3ccccc31)C2,IC50,35400.0,4.45,305.42,3.79,0
CHEMBL3085032,CN1[C@@H]2CC[C@H]1C[C@@H](NC(c1ccc(Cl)c(Cl)c1)c1ccc(Cl)c(Cl)c1)C2,Ki,3010.0,5.52,444.23,6.6,0
CHEMBL1276960,N#Cc1ccc2[nH]cc(C3CCC(NCCc4ccccc4)C3)c2c1,IC50,10.0,8.0,329.45,4.51,1
CHEMBL599241,CSC[C@H]1[C@@H]2CNC[C@@]21c1ccc(Cl)c(Cl)c1,Ki,0.3981,9.4,288.24,3.44,1
CHEMBL1411979,CN(C)CCN(Cc1cccs1)c1ccccn1,Ki,106.0,6.97,261.39,2.71,1
CHEMBL574008,Fc1ccc(COc2ccc(F)cc2C2CCNCC2)cc1,Ki,2.0,8.7,303.35,4.01,1
CHEMBL573971,Fc1ccc(OCc2ccc(Cl)c(Cl)c2)c(C2CCNCC2)c1,Ki,2.0,8.7,354.25,5.18,1
CHEMBL573531,Fc1ccc(COc2ccccc2C2CCNCC2)cc1,Ki,274.0,6.56,285.36,3.87,1
CHEMBL574347,Cc1ccc(C2CCNCC2)c(Oc2ccc(F)cc2)c1,Ki,427.0,6.37,285.36,4.39,1
CHEMBL574428,Fc1cccc(Oc2ccccc2)c1C1CCNCC1,Ki,706.0,6.15,271.33,4.09,1
CHEMBL573972,Fc1ccc(Oc2ccccc2N2CCNCC2)cc1,Ki,994.0,6.0,272.32,3.03,1
CHEMBL157101,CC(=O)N1CCN(c2ccc(OCC3COC(Cn4ccnc4)(c4ccc(Cl)cc4Cl)O3)cc2)CC1,Ki,282.0,6.55,531.44,4.21,1
CHEMBL597134,Fc1cccc(Cl)c1Oc1ncccc1C1CCNCC1,Ki,194.0,6.71,306.77,4.13,1
CHEMBL1080747,Cc1c(C(=O)NCCCN2CCN(c3cccc(Cl)c3)CC2)cc(-c2ccccc2)n1-c1ccc(F)cc1,IC50,80.2,7.1,531.08,6.19,1
CHEMBL1088313,Cc1c(C(=O)NCCCN2CCN(c3cccc(Cl)c3Cl)CC2)cc(-c2ccccc2)n1N1CCCCC1,IC50,298.0,6.53,554.57,5.83,1
CHEMBL607547,CN1C2CCC1[C@@H](C(=O)NCc1ccc(CCNC(=O)[C@H]3C4CCC(C[C@@H]3c3ccc(-c5ccsc5)cc3)N4C)cc1)[C@@H](c1ccc(-c3ccsc3)cc1)C2,Ki,62.0,7.21,769.09,8.95,1
CHEMBL595766,CN1C2CCC1[C@@H](C(=O)NCCCCCCNC(=O)[C@H]1C3CCC(C[C@@H]1c1ccc(-c4ccsc4)cc1)N3C)[C@@H](c1ccc(-c3ccsc3)cc1)C2,Ki,2100.0,5.68,735.08,8.77,0
CHEMBL566172,O=c1[nH]c2cccc(CN3CCN(CC4CCc5[nH]c6ccc(F)cc6c5C4)CC3)c2o1,Ki,41.0,7.39,434.52,3.66,1
CHEMBL30008,Fc1ccc(C(c2ccc(F)cc2)N2CCN(C/C=C/c3ccccc3)CC2)cc1,IC50,499.0,6.3,404.5,5.39,1
CHEMBL1419,CC(C)CC(N(C)C)C1(c2ccc(Cl)cc2)CCC1,IC50,2085.0,5.68,279.86,4.74,0
CHEMBL602235,CC(C)OC[C@H]1[C@@H]2CNC[C@@]21c1ccc(Cl)c(Cl)c1,Ki,0.1995,9.7,300.23,3.51,1
CHEMBL2021577,CCOC[C@H]1[C@@H]2CNC[C@@]21C,Ki,25.12,7.6,155.24,0.88,1
CHEMBL599845,CCCOC[C@H]1[C@@H]2CNC[C@@]21c1ccc(Cl)c(Cl)c1,Ki,0.5012,9.3,300.23,3.51,1
CHEMBL1077209,CNCCCC1Cc2ccccc2N(c2ccccc2)S1(=O)=O,IC50,6900.0,5.16,330.45,3.08,0
CHEMBL1081302,Cc1c(C(=O)NCCCN2CCN(c3cccc(Cl)c3)CC2)cc(-c2ccccc2)n1Cc1ccccc1,IC50,235.0,6.63,527.11,6.11,1
CHEMBL1081644,Cc1cccc(N2CCN(CCCNC(=O)c3cc(-c4ccccc4)n(C)c3C)CC2)c1C,IC50,11.8,7.93,444.62,4.56,1
CHEMBL1080554,Cc1cccc(N2CCN(CCCCNC(=O)c3cc(-c4ccccc4)n(C)c3C)CC2)c1C,IC50,149.0,6.83,458.65,4.95,1
CHEMBL1080884,Fc1ccc(OC[C@@H]2CNCCO2)c2c1CCC2,Ki,21.0,7.68,251.3,1.68,1
CHEMBL1224094,CC(C)(C)CCC1(C(=O)c2ccc3[nH]ncc3c2)CCCN1,Ki,5.012,8.3,299.42,3.69,1
CHEMBL1224164,CCCC1(C(=O)c2ccc3[nH]ccc3c2)CCCN1,Ki,1.995,8.7,256.35,3.27,1
CHEMBL606174,CNC[C@@H](O)[C@H](c1cccc(F)c1)N1CC(C(C)C)c2ccccc21.Cl,IC50,1123.0,5.95,378.92,3.71,0
CHEMBL118,Cc1ccc(-c2cc(C(F)(F)F)nn2-c2ccc(S(N)(=O)=O)cc2)cc1,IC50,6276.0,5.2,381.38,3.51,0
CHEMBL1214113,CCCn1c(-c2ccccc2)cc(C(=O)NCCCN2CCN(c3cccc(OC)c3)CC2)c1C,IC50,322.0,6.49,474.65,4.82,1
CHEMBL1214547,Cc1c(C(=O)NCCCN2CCN(c3cccc(Cl)c3Cl)CC2)cc(-c2ccncc2)n1C,IC50,85.0,7.07,486.45,4.64,1
CHEMBL1214594,CCCn1c(-c2ccncc2)cc(C(=O)NCCCN2CCN(c3cccc(Cl)c3Cl)CC2)c1C,IC50,78.0,7.11,514.5,5.52,1
CHEMBL573844,COC(=O)[C@@H]1C2CCC(C[C@@H]1c1ccc(SC(F)(F)F)cc1)N2C,Ki,8.0,8.1,359.41,4.04,1
CHEMBL574543,COC(=O)[C@@H]1C2CCC(C[C@@H]1c1ccc(S(C)(=O)=O)cc1)N2C,Ki,208.0,6.68,337.44,1.83,1
CHEMBL578219,C=CCN1C2CCC1[C@@H](C(=O)OC)[C@@H](c1ccc(SC)cc1)C2,Ki,5.5,8.26,331.48,3.7,1
CHEMBL3892951,Cc1ccccc1OC(c1ccc(Cl)c(Cl)c1)C1CNC1,IC50,11.6,7.94,322.24,4.64,1
CHEMBL1224224,CN(C)CCC(c1ccc2ccccc2c1)n1ncnn1,IC50,138.0,6.86,281.36,2.37,1
CHEMBL608148,c1ccc(Oc2ncccc2C2CCNCC2)cc1,Ki,1890.0,5.72,254.33,3.34,0
CHEMBL598561,COc1cccc(F)c1Oc1ncccc1C1CCNCC1,Ki,887.0,6.05,302.35,3.49,1
CHEMBL599592,Cc1cccc(F)c1Oc1ncccc1C1CCNCC1,Ki,102.0,6.99,286.35,3.79,1
CHEMBL611960,CN1C2CCC1[C@@H](C(=O)Nc1ccc(CCNC(=O)[C@H]3C4CCC(C[C@@H]3c3ccc(Cl)cc3)N4C)cc1)[C@@H](c1ccc(Cl)cc1)C2,Ki,2600.0,5.58,659.7,7.12,0
CHEMBL595539,CN1C2CCC1[C@@H](C(=O)N[C@H]1CC[C@H](NC(=O)[C@H]3C4CCC(C[C@@H]3c3ccc(Cl)cc3)N4C)CC1)[C@@H](c1ccc(Cl)cc1)C2,Ki,4000.0,5.4,637.7,6.37,0
CHEMBL566379,O=C1Cc2c(ccc3c2OC[C@H](CNCCCC2CCc4c([nH]c5ccc(F)cc45)C2)O3)N1,Ki,4.0,8.4,449.53,4.12,1
CHEMBL1237149,Br.O=c1[nH]c2cccc(N3C[C@H]4C[C@@H]3CN4CC3CCc4[nH]c5ccc(F)cc5c4C3)c2o1,Ki,460.0,6.34,513.41,3.81,1
CHEMBL572917,CNC[C@@H](O)[C@H](c1cccc(F)c1)n1ccc2cc(Br)ccc21,IC50,52.0,7.28,377.26,3.71,1
CHEMBL566090,CNC[C@@H](O)[C@H](c1cccc(F)c1)n1ccc2c(F)cccc21,IC50,417.0,6.38,316.35,3.09,1
CHEMBL130477,OC1(c2ccc(Cl)cc2)c2ccccc2C2=NCCCN21,Ki,39.0,7.41,298.77,3.0,1
CHEMBL100941,COC(=O)C1C2CCC(C2)CC1c1ccc(Cl)c(Cl)c1,IC50,33.4,7.48,313.22,4.69,1
CHEMBL457865,COC(=O)[C@H]1[C@@H](c2ccc(Cl)c(C)c2)C[C@H]2CC[C@H]1N2C.Cl,Ki,0.95,9.02,344.28,3.39,1
CHEMBL458072,COC(=O)[C@H]1[C@@H](c2ccc(OC)c(F)c2)C[C@H]2CC[C@H]1N2C.Cl,Ki,4.8,8.32,343.83,2.57,1
CHEMBL457416,COC(=O)[C@H]1[C@@H](c2cc(I)c(OC)c(I)c2)C[C@H]2CC[C@H]1N2C.Cl,Ki,7.5,8.12,577.63,3.64,1
CHEMBL514424,COc1ccc([C@H]2C[C@H]3CC[C@H]([C@H]2C(=O)OCCc2ccc(N)c(Br)c2)N3C)cc1.Cl,Ki,4.1,8.39,509.87,4.39,1
CHEMBL459391,COc1ccc2ccccc2c1CCC1CCC(CCN)O1,Ki,86.0,7.07,299.41,3.68,1
CHEMBL1258763,O=C1NCc2cc(F)c(OCCCN3CCN(c4cccc5cc(F)ccc45)CC3)cc21,Ki,9.22,8.04,437.49,3.95,1
CHEMBL490,Fc1ccc([C@@H]2CCNC[C@H]2COc2ccc3c(c2)OCO3)cc1,Ki,0.42,9.38,329.37,3.33,1
CHEMBL126424,Fc1ccc2[nH]cc(CCCNCCOc3cccc4[nH]ccc34)c2c1,IC50,24.4,7.61,351.43,4.39,1
CHEMBL1405,C[C@]12CC[C@@H]3c4ccc(O)cc4CC[C@H]3[C@@H]1CCC2=O,IC50,5301.0,5.28,270.37,3.82,0
CHEMBL2338047,Fc1cc(Cl)cc(Cl)c1O[C@@H](c1ccccc1)[C@H]1CCNC1,IC50,0.5012,9.3,340.23,4.86,1
CHEMBL2338045,Fc1cc(F)c(Cl)c(O[C@@H](c2ccccc2)[C@H]2CCNC2)c1Cl,IC50,7.943,8.1,358.21,5.0,1
CHEMBL2338043,Clc1ccc(Cl)c(O[C@H](c2ccccc2)[C@@H]2CCNC2)c1Cl,IC50,3.981,8.4,356.68,5.38,1
CHEMBL2338040,Clc1cc(Cl)c(Cl)c(O[C@@H](c2ccccc2)[C@H]2CCNC2)c1,IC50,25.12,7.6,356.68,5.38,1
CHEMBL2338031,Fc1ccc(O[C@@H](c2ccccc2)[C@H]2CCNC2)c(F)c1,IC50,7.943,8.1,289.32,3.69,1
CHEMBL2337608,Clc1cc(Cl)cc(O[C@H](c2ccccc2)[C@@H]2CCNC2)c1,IC50,0.7943,9.1,322.24,4.72,1
CHEMBL3681362,Cc1cccc(N2CCN(CCNC(=O)c3nc(C(C)C)n(-c4ccccc4)c3C)CC2)c1C,IC50,76.0,7.12,459.64,4.47,1
CHEMBL1852777,Cc1c(C(=O)NCC(O)CN2CCN(c3cccc(Cl)c3Cl)CC2)nc(-c2ccccc2)n1-c1ccccc1,IC50,71.1,7.15,564.52,5.07,1
CHEMBL2333614,CN1CCC(COCc2cc(C(F)(F)F)cc(C3CC3)n2)(c2cccc(Cl)c2)CC1,IC50,9.1,8.04,438.92,5.81,1
CHEMBL1812748,Cc1cc([C@H]2C[C@@H]3CC[C@H]([C@H]2c2cc(-c4ccccc4)no2)N3C)ccc1Cl,IC50,700.0,6.16,392.93,6.04,1
CHEMBL1812743,COc1ccc(-c2cc([C@H]3[C@@H](c4ccc(Cl)cc4)C[C@@H]4CC[C@H]3N4C)on2)cc1,IC50,2000.0,5.7,408.93,5.74,0
CHEMBL1628227,CN(C)CCC=C1c2ccccc2COc2ccccc21,IC50,42.0,7.38,279.38,3.96,1
CHEMBL221753,CC(C)(C)CC(C)(C)c1ccc(OCCOCC[N+](C)(C)Cc2ccccc2)cc1.[Cl-],Ki,1295.0,5.89,448.09,6.07,0
CHEMBL7002,CC1(COc2ccc(CC3SC(=O)NC3=O)cc2)CCCCC1,IC50,14948.0,4.83,333.45,3.93,0
CHEMBL3215849,CCCc1nc(C(=O)NCCCN2CCN(c3cccc(Cl)c3Cl)CC2)cn1-c1ccc(Cl)cc1.Cl.Cl.Cl.Cl.Cl,IC50,715.0,6.15,717.22,5.73,1
CHEMBL2447952,CCCc1nc(C(=O)NCC(O)CN2CCN(c3cccc(C)c3C)CC2)c(C)n1-c1ccc(F)cc1.Cl.Cl,IC50,6.3,8.2,580.58,3.8,1
CHEMBL3215863,CCCc1nc(C(=O)NCCCN2CCN(c3cccc(Cl)c3C)CC2)cn1-c1ccc(Cl)cc1.Cl.Cl.Cl.Cl,IC50,66.0,7.18,660.35,5.38,1
CHEMBL296419,COc1ccc(CCN2CCC(Nc3nc4ccccc4n3Cc3ccc(F)cc3)CC2)cc1,Ki,700.0,6.16,458.58,5.35,1
CHEMBL491394,CN(C)Cc1cnccc1Oc1ccc2c(c1)CCS2,IC50,3.0,8.52,286.4,3.58,1
CHEMBL490382,CSc1ccc(Oc2ccc(NS(C)(=O)=O)cc2CN(C)C)cc1F,IC50,10.0,8.0,384.5,3.77,1
CHEMBL491601,CN(C)Cc1cc(NS(C)(=O)=O)ccc1Oc1ccc2c(c1)OCCS2,IC50,15.0,7.82,394.52,3.4,1
CHEMBL522625,CSc1ccc(Oc2ccc(S(N)(=O)=O)cc2CN(C)C)cc1C,IC50,5.0,8.3,366.51,3.22,1
CHEMBL220766,CC(=O)c1cc(NC(=O)NCCC[C@H]2C[C@H](Cc3ccc(F)cc3)CCN2C(=N)N)cc(C(C)=O)c1,Ki,19.0,7.72,495.6,4.35,1
CHEMBL218581,CC(=O)c1cccc(NC(=O)NCCC[C@H]2C[C@H](Cc3ccccc3)CCN2)c1,Ki,42.0,7.38,393.53,4.4,1
CHEMBL217975,COc1cccc(C(CC(C)C)C2CCCCN2)c1,Ki,3800.0,5.42,261.41,3.97,0
CHEMBL227233,COc1ccc(-c2cnc([C@H]3[C@@H](c4ccc(Cl)cc4)C[C@@H]4CC[C@H]3N4C)s2)cc1,IC50,6700.0,5.17,425.0,6.21,0
CHEMBL136249,Fc1ccc(C(OCCC2CCN(CC#Cc3ccccc3)CC2)c2ccc(F)cc2)cc1,Ki,164.0,6.79,445.55,6.22,1
CHEMBL132082,COc1ccc2c(c1)C(O)(c1ccc(Cl)cc1)N1CCN=C21,Ki,1030.0,5.99,314.77,2.62,0
CHEMBL1818465,N#Cc1ccn(CC23CNCC[C@]2(c2ccc(Cl)c(Cl)c2)C3)c1,Ki,0.631,9.2,346.26,3.99,1
CHEMBL1818543,Cc1nc(C)n(CC23CNCC[C@]2(c2ccc(Cl)c(Cl)c2)C3)n1,Ki,1.995,8.7,351.28,3.52,1
CHEMBL1684047,CC(N(C)C)C1(c2ccc(Cl)c(Cl)c2)CCCCC1,IC50,15.0,7.82,300.27,5.15,1
CHEMBL15928,COc1ccc(NC(=O)c2ccc(-c3ccc(-c4noc(C)n4)cc3C)cc2)cc1N1CCN(C)CC1,IC50,1000.0,6.0,497.6,5.03,1
CHEMBL60889,CCOc1cc(N)c(Cl)cc1C(=O)NCC1CN(Cc2ccc(F)cc2)CCO1,IC50,3811.7,5.42,421.9,3.09,0
CHEMBL1818451,Cc1ccn(CC23CNCC[C@]2(c2ccc(Cl)c(Cl)c2)C3)n1,Ki,19.95,7.7,336.27,3.82,1
CHEMBL1818446,Cc1cc([C@@]23CNCC[C@]2(c2ccc(Cl)c(Cl)c2)C3)no1,Ki,7.943,8.1,323.22,3.86,1
CHEMBL4240083,O=C(NCCCN1CCN(c2ccc(C(F)(F)F)cc2)CC1)c1cc2ccccc2o1,IC50,741.4,6.13,431.46,4.39,1
CHEMBL4240379,Cc1ccc(N2CCN(CCCNC(=O)c3ccc4ccccc4n3)CC2)cc1,IC50,230.0,6.64,388.52,3.49,1
CHEMBL3706923,C[C@H]1CN(c2cccc3cc(F)ccc23)CCN1CC[C@@H]1OCc2cc(C(N)=O)ccc21,Ki,1.3,8.89,433.53,4.25,1
CHEMBL391271,C[C@@H]1CN(c2cccc3cc(F)ccc23)CCN1CC[C@@H]1OCCc2cc(C(N)=O)ccc21,Ki,3.0,8.52,447.55,4.29,1
CHEMBL4647041,CCOC(=O)Cc1nn(CNC(=O)CCN2CCN(c3cccc(C)c3C)CC2)c(=O)c2cc(F)ccc12,IC50,141.0,6.85,523.61,2.54,1
CHEMBL4640505,CCOC(=O)Cc1nn(CNC(=O)CN2CCN(c3ccc(C)c(C)c3)CC2)c(=O)c2ccccc12,IC50,163.0,6.79,491.59,2.01,1
CHEMBL4647962,CCOC(=O)Cc1nn(CNC(=O)CN2CCN(c3ccc(C)c(C)c3)CC2)c(=O)c2cc(F)ccc12,IC50,198.0,6.7,509.58,2.15,1
CHEMBL4632406,CCOC(=O)Cc1nn(CNC(=O)CN2CCN(c3cccc(C)c3C)CC2)c(=O)c2cc(F)ccc12,IC50,721.0,6.14,509.58,2.15,1
CHEMBL4645512,CCOC(=O)Cc1nn(CNC(=O)CCCN2CCN(c3cccc(C)c3C)CC2)c(=O)c2ccccc12,IC50,313.0,6.5,519.65,2.8,1
CHEMBL71,CN(C)CCCN1c2ccccc2Sc2ccc(Cl)cc21,IC50,120.0,6.92,318.87,4.89,1
CHEMBL4093087,CCN(C)CCC[C@@]1(c2ccc(F)cc2)OCc2cc(C#N)ccc21,IC50,280.0,6.55,338.43,4.2,1
CHEMBL4065415,CCN(C)CCC[C@]1(c2ccc(F)cc2)OCc2cc(C#N)ccc21,IC50,2300.0,5.64,338.43,4.2,0
CHEMBL4071311,CN(C)CCCC1(c2cc(Cl)cc(Cl)c2)OCc2ccccc21,IC50,300.0,6.52,350.29,5.11,1
CHEMBL2386165,COc1ccc(O[C@@H](CC(C)C)[C@@H]2CCNC2)c(C)n1,Ki,0.84,9.08,278.4,2.8,1
CHEMBL4878382,CNCCC(Oc1ccc(Cl)c(F)c1)c1ccccc1,Ki,31.0,7.51,293.77,4.21,1
CHEMBL4848149,CNCCC(Oc1ccc(I)cc1F)c1ccccc1,Ki,23.0,7.64,385.22,4.16,1
CHEMBL4876238,CNCCC(Oc1ccc(Br)cc1F)c1ccccc1,Ki,41.0,7.39,338.22,4.32,1
CHEMBL3337895,COc1cccc(CNC(=O)c2nc3scc(CN(C)Cc4ccccc4)c3c(=O)[nH]2)c1,Ki,794.33,6.1,448.55,3.56,1
CHEMBL1645605,Fc1cccc(Oc2cccc(Cl)c2Cl)c1OC1CNC1,Ki,94.0,7.03,328.17,4.28,1
CHEMBL1644600,FC(F)(F)c1cc(O[C@@H]2C[C@H]3CC[C@@H](C2)N3)cc(-c2ccccc2)c1,IC50,4624.0,5.33,347.38,5.03,0
CHEMBL3696475,Cc1c([C@@H](O)CN2CCN(C[C@H](O)c3ccc4c(c3C)COC4=O)CC2)ccc2c1COC2=O,IC50,120.0,6.92,466.53,2.03,1
CHEMBL1213933,Cc1c(C(=O)NCCCN2CCN(c3ccc(F)cc3)CC2)cc(-c2ccccc2)n1C,IC50,183.0,6.74,434.56,4.08,1
CHEMBL1214045,CCCn1c(-c2ccccc2)cc(C(=O)NCCCN2CCN(c3ccc(Cl)c(Cl)c3)CC2)c1C.Cl,IC50,284.0,6.55,549.97,6.12,1
CHEMBL1214178,CCCn1c(-c2ccccc2)cc(C(=O)N(C)CCCN2CCN(c3cccc(Cl)c3Cl)CC2)c1C.Cl,IC50,102.0,6.99,564.0,6.46,1
CHEMBL1214366,Cc1cccc(N2CCN(CCCNC(=O)c3cc(-c4ccc(Cl)cc4)[nH]c3C)CC2)c1C.Cl,IC50,19.0,7.72,501.5,5.2,1
CHEMBL1214427,Cc1[nH]c(-c2ccc(Cl)cc2)cc1C(=O)NCCCN1CCN(c2cccc(Cl)c2Cl)CC1.Cl,IC50,56.0,7.25,542.34,5.89,1
CHEMBL3216259,Cc1c(C(=O)NCCCN2CCN(c3cccc(Cl)c3Cl)CC2)cc(-c2ccccn2)n1C.Cl.Cl.Cl.Cl,IC50,110.0,6.96,632.29,4.64,1
CHEMBL1683891,CN(C)CC1(c2ccc(F)c(F)c2)CCCCC1,IC50,57.0,7.24,253.34,3.73,1
CHEMBL127171,COc1ccc(F)cc1OCCNCCCc1c[nH]c2ccc(F)cc12,IC50,20.5,7.69,360.4,4.06,1
CHEMBL1642896,CN[C@@H]1Cc2ccccc2[C@H](c2ccc(Cl)c(Cl)c2)C1,IC50,8.0,8.1,306.24,4.66,1
CHEMBL1642902,NC[C@@H]1Cc2ccccc2[C@H](c2ccc(Cl)c(Cl)c2)C1,IC50,2.0,8.7,306.24,4.65,1
CHEMBL1087454,O=C1CCc2ccc(OCCCCN3CCN(c4cccc5[nH]c(=O)oc45)CC3)cc2N1,Ki,94.0,7.03,436.51,2.99,1
CHEMBL1642890,N[C@H]1Cc2ccccc2[C@H](c2ccc(Cl)c(Cl)c2)C1,IC50,46.0,7.34,292.21,4.4,1
CHEMBL1642915,CN[C@@H]1CCc2ccccc2[C@@H]1c1ccc(Cl)c(Cl)c1,IC50,1956.0,5.71,306.24,4.66,0
CHEMBL1852361,CCCc1nc(C(=O)NCCCN2CCN(c3cccc(C)c3C)CC2)cn1-c1ccc(Cl)cc1,IC50,67.2,7.17,494.08,5.04,1
CHEMBL1852341,Cc1nc(C(=O)NCCCN2CCN(c3cccc(Cl)c3Cl)CC2)c(C)n1-c1ccccc1,IC50,10.2,7.99,486.45,4.74,1
CHEMBL1852387,Cc1cccc(N2CCN(CC(O)CNC(=O)c3nc(-c4ccccc4)n(-c4ccccc4)c3C)CC2)c1C,IC50,19.1,7.72,523.68,4.38,1
CHEMBL490417,Cc1ccc2c(N3CCN(CCc4ccc5c(c4)NC(=O)CO5)CC3)cccc2n1,Ki,1.259,8.9,402.5,3.24,1
CHEMBL538876,COC(=O)[C@H]1[C@@H](c2ccc(C)cc2)C[C@@H]2CC[C@H]1N2C/C=C/I,Ki,500.0,6.3,425.31,4.05,1
CHEMBL153062,CCCCCCCCCc1ccc(O)cc1,IC50,3380.0,5.47,220.36,4.69,0
CHEMBL1271756,Cc1nc(C(=O)NCCCN2CCN(c3cccc(Cl)c3Cl)CC2)cc(C(C)C)n1.Cl,IC50,644.0,6.19,486.88,4.16,1
CHEMBL1271874,Cc1cc(C(=O)NCCN2CCN(c3cccc(C)c3C)CC2)nc(C(C)(C)C)n1.Cl,IC50,6374.0,5.2,446.04,3.25,0
CHEMBL1204410,CNCCCC1Cc2ccccc2N(c2ccccc2)S1(=O)=O.Cl,IC50,2500.0,5.6,366.91,3.08,0
CHEMBL1729,COc1cc(N)c(Cl)cc1C(=O)NC1CCN(CCCOc2ccc(F)cc2)CC1OC,Ki,204.0,6.69,465.95,3.36,1
CHEMBL1078742,CC(C)CN(C(=O)c1ccc(Cl)c(Cl)c1)[C@H]1CCNC1,Ki,4.0,8.4,315.24,3.45,1
CHEMBL1078163,Cc1c(F)cccc1C(=O)N(CC(C)C)[C@H]1CCNC1,Ki,13.0,7.89,278.37,2.59,1
CHEMBL1078074,CC(C)CN(C(=O)c1cccc(F)c1C(F)(F)F)[C@H]1CCNC1,Ki,25.0,7.6,332.34,3.3,1
CHEMBL1241738,Cc1ccc2c(N3CCN(CCc4cccc5c4OCc4nnc(C)n4-5)CC3)cccc2n1,Ki,199.53,6.7,440.55,3.69,1
CHEMBL1173530,OC[C@@]12CNCC[C@]1(c1ccc(Cl)c(Cl)c1)C2,Ki,7.943,8.1,272.17,2.61,1
CHEMBL1172850,COC[C@@]12CCNC[C@]1(c1ccc(Cl)c(Cl)c1)C2,Ki,158.49,6.8,286.2,3.26,1
CHEMBL1224400,CC(C)(C)CCC1(C(=O)c2ccc(Cl)c(Cl)c2)CCNC1,Ki,2.512,8.6,328.28,4.98,1
CHEMBL1224241,CC(C)(C)CCC1(C(=O)c2cc(Cl)c(Cl)s2)CCNC1,Ki,5.012,8.3,334.31,5.04,1
CHEMBL261076,COc1cc(Cl)ccc1OC(c1ccccc1)C1CNCCO1,Ki,28.0,7.55,333.82,3.46,1
CHEMBL4085259,c1ccc(CCN2CCN(CCn3nnnc3C(c3ccccc3)c3ccccc3)CC2)cc1,IC50,4830.0,5.32,452.61,3.71,0
CHEMBL513715,Cc1ccc2c(N3CCN(CCc4cccc5c4OCC(=O)N5)CC3)cccc2n1,Ki,316.23,6.5,402.5,3.24,1
CHEMBL1289617,Cc1ccc2c(N3CCN(CCc4c(C)ccc5c4ccc(=O)n5C)[C@@H](C)C3)cc(F)cc2n1,Ki,1.0,9.0,458.58,4.6,1
CHEMBL374712,COC(=O)[C@H]1[C@H]2CCC(C[C@H]1c1ccc(Cl)cc1)N2C,IC50,1800.0,5.75,293.79,3.08,0
CHEMBL222705,COC(=O)[C@@H]1C2CCC(C[C@H]1c1ccc(F)cc1)N2C,IC50,5060.0,5.3,277.34,2.57,0
CHEMBL386288,COc1cccc2c1CC(N(CCCc1c[nH]c3ccc(F)cc13)C1CCC1)CO2,IC50,400.0,6.4,408.52,5.11,1
CHEMBL205005,Fc1ccc(C(OCCC2CCN(CC3=Cc4ccccc4CC3)CC2)c2ccc(F)cc2)cc1.O=C(O)C(=O)O,Ki,127.0,6.9,563.64,7.2,1
CHEMBL381842,N[C@@H](Cc1ccccc1)CN1CCC(CCOC(c2ccc(F)cc2)c2ccc(F)cc2)CC1.O=C(O)C(=O)O.O=C(O)C(=O)O,Ki,228.0,6.64,644.67,5.74,1
CHEMBL202860,O=C(O)C(=O)O.O[C@H](CCc1ccccc1)CN1CCC(CCOC(c2ccc(F)cc2)c2ccc(F)cc2)CC1,Ki,19.0,7.72,569.65,6.17,1
CHEMBL263424,COc1cc2c(cc1OC)C1=NO[C@@H](CN3CCN(C/C(C)=C/c4cccc(F)c4)CC3)[C@@H]1CO2,Ki,0.6,9.22,481.57,3.68,1
CHEMBL401677,C=CN(CC)C(=O)[C@@]1(c2ccc3c(c2)OCCO3)C[C@H]1CN,IC50,65.0,7.19,302.37,1.67,1
CHEMBL1224089,CCCC1(C(=O)c2ccc(N)c(Cl)c2)CCCN1,Ki,1.995,8.7,266.77,3.03,1
CHEMBL1224092,CCCC1(C(=O)c2ccc3[nH]ncc3c2)CCCN1,Ki,15.85,7.8,257.34,2.67,1
CHEMBL1224095,O=C(c1ccc2[nH]ccc2c1)C1(Cc2ccccc2)CNC1,Ki,794.33,6.1,290.37,3.18,1
CHEMBL1213934,Cc1c(C(=O)NCCCN2CCN(c3cccc4cccnc34)CC2)cc(-c2ccccc2)n1C,IC50,22.0,7.66,467.62,4.49,1
CHEMBL1214175,CCCn1c(-c2ccccc2)cc(C(=O)NCCCN2CCN(c3cccc4cccnc34)CC2)c1C,IC50,82.0,7.09,495.67,5.36,1
CHEMBL1214302,Cc1[nH]c(-c2ccccc2)c(C)c1C(=O)NCCN1CCN(c2cccc(Cl)c2Cl)CC1.Cl,IC50,162.0,6.79,507.89,5.16,1
CHEMBL1214305,Cc1[nH]c(-c2ccccc2)c(C)c1C(=O)NCCCN1CCN(c2cccc(Cl)c2Cl)CC1.Cl,IC50,36.0,7.44,521.92,5.55,1
CHEMBL1214428,Cc1c(C(=O)NCCCN2CCN(c3cccc(Cl)c3Cl)CC2)cc(-c2ccc(Cl)cc2)n1C,IC50,733.0,6.13,519.9,5.9,1
CHEMBL1214489,CCCn1c(-c2ccc(Cl)cc2)cc(C(=O)NCCCN2CCN(c3cccc(Cl)c3Cl)CC2)c1C.Cl,IC50,1159.0,5.94,584.42,6.78,0
CHEMBL3217141,Cc1[nH]c(-c2ccccn2)cc1C(=O)NCCCN1CCN(c2cccc(Cl)c2Cl)CC1.Cl.Cl.Cl.Cl,IC50,28.0,7.55,618.26,4.63,1
CHEMBL1214546,CCCn1c(-c2cccnc2)cc(C(=O)NCCCN2CCN(c3cccc(Cl)c3Cl)CC2)c1C,IC50,133.0,6.88,514.5,5.52,1
CHEMBL1213673,Cc1[nH]c(C(C)(C)C)cc1C(=O)NCCCN1CCN(c2cccc(Cl)c2Cl)CC1.Cl,IC50,860.0,6.07,487.9,4.87,1
CHEMBL841,CN(C)C(=O)C(CCN1CCC(O)(c2ccc(Cl)cc2)CC1)(c1ccccc1)c1ccccc1,IC50,2202.0,5.66,477.05,5.09,0
CHEMBL2047572,COc1ccc2cc(C(O)CCN3CCC(O)(Cc4ccccc4)CC3)ccc2c1Cl,IC50,427.0,6.37,439.98,4.99,1
CHEMBL2047569,COc1ccc(C(O)CCN2CC=C(Cc3ccccc3)CC2)cc1,IC50,768.0,6.12,337.46,3.99,1
CHEMBL246542,CN1Cc2cc(OCCCN3CCC(F)CC3)ccc2C(c2ccc(C(F)(F)F)cc2)C1,Ki,8.6,8.07,450.52,5.49,1
CHEMBL204490,CCCC(C(=O)c1ccc(C(F)(F)F)cc1)N1CCCC1,IC50,1030.0,5.99,299.34,4.15,0
CHEMBL3309702,Clc1ccc(C(CC2CNC2)Oc2ccccc2)cc1Cl,IC50,83.4,7.08,322.24,4.72,1
CHEMBL426659,CN1C2CCC1CC(O)(c1cccc(-c3ccccc3)c1)C2,IC50,3770.0,5.42,293.41,3.8,0
CHEMBL2112979,C1=C[C@@H]2C(=NO[C@H]2CN2CCN(C/C=C/c3ccccc3)CC2)c2ccccc21,Ki,106.0,6.97,385.51,3.76,1
CHEMBL2112982,COc1ccc2c(c1)C=C[C@@H]1C2=NO[C@H]1CN1CCN(C/C=C/c2ccccc2)CC1,Ki,7.3,8.14,415.54,3.77,1
CHEMBL234291,Cc1ccc2[nH]cc(C3=CCC(N(C)C)CC3)c2c1,IC50,770.0,6.11,254.38,3.97,1
CHEMBL194372,CN[C@@H](CCOc1ccc([N+](=O)[O-])cc1)c1ccc(OC(=O)N(C)C)cc1,IC50,42.0,7.38,373.41,3.38,1
CHEMBL575700,Fc1cccc(OCc2ccccc2N2CCNCC2)c1,Ki,17.0,7.77,286.35,2.81,1
CHEMBL575930,Fc1cccc(OCc2ccccc2)c1C1CCNCC1,Ki,28.0,7.55,285.36,3.87,1
CHEMBL575289,c1ccc(N2CCNCC2)c(COc2ccccc2C2CC2)c1,Ki,53.0,7.28,308.43,3.55,1
CHEMBL574231,Fc1ccc(Oc2cccc(F)c2C2CCNCC2)cc1,Ki,157.0,6.8,289.32,4.22,1
CHEMBL356552,CCN[C@H]1C[C@@H](c2ccc(Cl)c(Cl)c2)c2ccccc21,Ki,4.7,8.33,306.24,5.18,1
CHEMBL516,CN1CCC(=C2c3ccccc3C=Cc3ccccc32)CC1,Ki,4100.0,5.39,287.41,4.7,0
CHEMBL145940,CC(C)(C)N[C@H]1C[C@@H](c2ccc(Cl)c(Cl)c2)c2ccccc21,Ki,1700.0,5.77,334.29,5.96,0
CHEMBL381046,CN1C2C=C(c3ccccc3-c3ccccc3)CC1CC2,IC50,1710.0,5.77,275.4,4.6,0
CHEMBL201223,CN1C2C=C(C3c4ccccc4-c4ccccc43)CC1CC2,IC50,690.0,6.16,287.41,4.59,1
CHEMBL145810,CCCN(C)[C@H]1C[C@@H](c2ccc(Cl)c(Cl)c2)c2ccccc21,Ki,200.0,6.7,334.29,5.91,1
CHEMBL76747,COc1cccc2sc([C@@H]3CCN(C[C@H](O)COc4cccc5[nH]ccc45)[C@@H](C)C3)cc12,Ki,0.27,9.57,450.6,5.4,1
CHEMBL379021,[2H]C([2H])([2H])Oc1cccc([C@@]2(O)CCCC[C@@H]2CN(C([2H])([2H])[2H])C([2H])([2H])[2H])c1,IC50,1100.0,5.96,272.44,2.63,0
CHEMBL607377,COC(=O)C1C2CC[C@H](C[C@H]1OC(c1ccc(F)cc1)c1ccc(F)cc1)N2C,IC50,4087.0,5.39,401.45,4.1,0
CHEMBL383879,CC(=O)c1cc(NC(=O)NCCC[C@H]2C[C@H](Cc3ccc(F)cc3)CCN2C(C)=O)cc(C(C)=O)c1,Ki,5465.0,5.26,495.6,5.0,0
CHEMBL385607,CC(=O)c1cc(NC(=O)NCCC[C@H]2C[C@H](Cc3ccc(F)cc3)CCN2CC(N)=O)cc(C(C)=O)c1,Ki,710.0,6.15,510.61,3.94,1
CHEMBL218262,C=CCN1CC[C@@H](Cc2ccc(F)cc2)C[C@@H]1CCCNC(=O)Nc1cc(C(C)=O)cc(C(C)=O)c1,Ki,69.0,7.16,493.62,5.64,1
CHEMBL601879,CNC[C@@H](O)[C@H](c1cccc(F)c1)N1CCc2cc(OCc3ccccc3)ccc21.Cl,IC50,813.0,6.09,442.96,4.09,1
CHEMBL601880,CNC[C@@H](O)[C@H](c1cccc(F)c1)N1CC(C)(C)c2ccccc21.Cl,IC50,4519.0,5.34,364.89,3.24,0
CHEMBL3703729,CC1(C)NCC(c2ccc(Cl)c(Cl)c2)c2ccc(-c3ccc(C(F)(F)F)nn3)cc21,IC50,26.0,7.58,452.31,6.44,1
CHEMBL3703741,NC(=O)c1ccc(-c2cc3c(cc2F)C(c2ccc(Cl)cc2)CNC3)cc1,IC50,100.7,7.0,380.85,4.48,1
CHEMBL231684,COC(=O)[C@@H]1CCCCC[C@@H]1c1ccc(-c2ccccc2)cc1,Ki,73000.0,4.14,308.42,5.19,0
CHEMBL590472,Clc1ccc([C@@]2(COC3CCC3)[C@@H]3CNC[C@@H]32)cc1Cl,Ki,0.3981,9.4,312.24,3.65,1
CHEMBL603480,Cc1csc(C[C@@H]2[C@H]3CNC[C@]32c2ccc(Cl)c(Cl)c2)n1,Ki,15.85,7.8,339.29,4.09,1
CHEMBL596795,Cc1cnc([C@H]2[C@@H]3CNC[C@@]32c2ccc(Cl)c(Cl)c2)o1,Ki,15.85,7.8,309.2,3.54,1
CHEMBL598215,COC[C@@H]1[C@H]2CNC[C@]21c1ccc2ccccc2c1,Ki,0.07943,10.1,253.34,2.57,1
CHEMBL611379,COC[C@H]1[C@@H]2CNC[C@@]21c1ccc2ccccc2c1,Ki,0.1585,9.8,253.34,2.57,1
CHEMBL598202,FC(F)(F)COC[C@H]1[C@@H]2CNC[C@@]21c1ccc(Cl)c(Cl)c1,Ki,56.23,7.25,340.17,3.66,1
CHEMBL607871,Clc1ccc([C@]23CNC[C@H]2[C@H]3COCC2CC2)cc1Cl,Ki,31.62,7.5,312.24,3.51,1
CHEMBL307314,CN1C2CCC1C(C(=O)NCCCCCCCCNC(=O)C1C(c3ccc(Cl)cc3)CC3CCC1N3C)C(c1ccc(Cl)cc1)C2,Ki,7.9,8.1,667.77,7.4,1
CHEMBL139245,CNCCC(Oc1cccc2ccccc12)c1ccc(Cl)cc1,Ki,3.8,8.42,325.84,5.22,1
CHEMBL595677,COC(=O)[C@@H]1C2CCC(C[C@@H]1c1ccc(-c3ccsc3)cc1)N2C,Ki,0.58,9.24,341.48,4.15,1
CHEMBL595190,CN1C2CCC1[C@@H](C(=O)OCc1cn(CCCCCCCOC(=O)[C@H]3C4CCC(C[C@@H]3c3ccc(Cl)cc3)N4C)nn1)[C@@H](c1ccc(Cl)cc1)C2,Ki,3.5,8.46,736.78,7.65,1
CHEMBL5598295,CSc1ccccc1N1CCN(CCCc2c[nH]c3ccc(F)cc23)CC1.Cl,IC50,1.9,8.72,420.0,4.78,1
CHEMBL3799416,CN(C)CCCN1c2ccccc2CCc2ccc(CCCOCc3cccc4ccccc34)cc21,Ki,5000.0,5.3,478.68,7.18,0
CHEMBL1684056,CNC(C)C1(c2ccc3ccccc3c2)CCCCC1,IC50,6.0,8.22,267.42,4.65,1
CHEMBL1683870,CNCC1(c2ccc(Cl)c(Cl)c2)CCCCC1,IC50,169.0,6.77,272.22,4.41,1
CHEMBL1683898,CNCC1(c2cccc3ccccc23)CCCCC1,IC50,1079.0,5.97,253.39,4.26,0
CHEMBL1683876,CCN(CC)CC1(c2ccc(Cl)c(Cl)c2)CCCCC1,IC50,2240.0,5.65,314.3,5.54,0
CHEMBL81,O=C(c1ccc(OCCN2CCCCC2)cc1)c1c(-c2ccc(O)cc2)sc2cc(O)ccc12,Ki,1900.0,5.72,473.59,6.08,0
CHEMBL83,CC/C(=C(\c1ccccc1)c1ccc(OCCN(C)C)cc1)c1ccccc1,IC50,2334.0,5.63,371.52,6.0,0
CHEMBL125954,COC(=O)C1C2CCC(C[C@@H]1OC(c1ccc(F)cc1)c1ccc(F)cc1)N2CCCc1ccccc1,IC50,19.7,7.71,505.61,6.1,1
CHEMBL2207492,CCCN1CCC(n2cnc3ccccc32)CC1,Ki,122.0,6.91,243.35,3.08,1
CHEMBL2207489,CCCN1CCC(c2noc3cc(F)ccc23)CC1,Ki,29830.0,4.53,262.33,3.56,0
CHEMBL313664,COC(=O)C1C2CCC(CC1c1ccc(I)cc1)O2,IC50,72.0,7.14,372.2,3.12,1
CHEMBL14391,COC(=O)C1C(c2ccc(I)cc2)CC2CCC1N2C,IC50,64.9,7.19,385.25,3.03,1
CHEMBL596714,Cc1ccccc1Oc1ncccc1C1CCNCC1,Ki,292.0,6.54,268.36,3.65,1
CHEMBL600854,Clc1cccc(Oc2ncccc2C2CCNCC2)c1Cl,Ki,2.0,8.7,323.22,4.65,1
CHEMBL86590,CCOC(=O)C1C(c2ccc(Cl)c(Cl)c2)CC2C[C@@H](O)C1N2C,IC50,2520.0,5.6,358.27,3.09,0
CHEMBL322067,CN(C)C[C@@H]1C2CCC(CC2)[C@@H]1c1ccc(Cl)c(Cl)c1,Ki,57.0,7.24,312.28,5.07,1
CHEMBL469345,Cc1ccc2c(N3CCN(CCc4cccc5c4OCC(=O)N5C)CC3)cccc2n1,Ki,10.0,8.0,416.53,3.26,1
CHEMBL23034,CN(C)Cc1ccccc1Sc1ccc(I)cc1N,Ki,0.013,10.89,384.29,4.09,1
CHEMBL143707,CN(C)Cc1ccccc1Sc1ccc(CF)cc1N,Ki,1.04,8.98,290.41,3.95,1
CHEMBL2112353,COc1cccc2ccc([C@@H]3CCN(C[C@H](O)COc4cccc5[nH]c(C)cc45)[C@@H](C)C3)cc12,Ki,0.34,9.47,458.6,5.65,1
CHEMBL6437,CN1CCN2c3ccccc3Cc3ccccc3C2C1,Ki,1098.0,5.96,264.37,3.08,0
CHEMBL3799596,CN(C)CCCN1c2ccccc2CCc2ccc(CCCOCCOCCc3cccc4ccccc34)cc21,IC50,280.0,6.55,536.76,7.24,1
CHEMBL3798035,C#Cc1ccc2c(c1)N(CCCN(C)C)c1ccccc1CC2,IC50,40.0,7.4,304.44,3.86,1
CHEMBL1080726,Cc1c(C(=O)NCCCN2CCN(c3cccc(Cl)c3)CC2)cc(-c2ccccc2)n1C,IC50,11.0,7.96,451.01,4.6,1
CHEMBL1086754,Cc1c(C(=O)NCCCN2CCN(c3cccc(Cl)c3Cl)CC2)cc(-c2ccccc2)n1C,IC50,62.0,7.21,485.46,5.25,1
CHEMBL1257146,O=C1NCc2ccc(OCCCN3CCN(c4cccc5cccc(F)c45)CC3)c(Cl)c21,Ki,230.0,6.64,453.95,4.47,1
CHEMBL1258427,O=C1NCc2ccc(OCCCCN3CCN(c4cccc5cc(F)ccc45)CC3)c(F)c21,Ki,2720.0,5.57,451.52,4.34,0
CHEMBL1258087,Cc1cc2c(cc1OCCCCN1CCN(c3cccc4cc(F)ccc34)CC1)C(=O)NC2,Ki,8.81,8.05,447.55,4.51,1
CHEMBL424660,CNCCC(Oc1cccc2ccccc12)c1cccs1,Ki,1.4,8.85,297.42,4.63,1
CHEMBL452861,CC(C)NC[C@H](O)COc1cccc2ccccc12,Ki,659.0,6.18,259.35,2.58,1
CHEMBL27,CC(C)NCC(O)COc1cccc2ccccc12,IC50,380.0,6.42,259.35,2.58,1
CHEMBL242920,COC(=O)[C@@H]1CN(C)CC[C@H]1c1ccc(I)cc1,Ki,2810.0,5.55,359.21,2.5,0
CHEMBL184252,O=C1O[C@]2(CC[C@@H](N3CCC(Cc4cc(Cl)ccc4Cl)CC3)CC2)c2ccc3c(c21)OCO3,IC50,92.0,7.04,488.41,5.99,1
CHEMBL114275,CN(C)Cc1ccccc1Sc1ccc(I)cc1CO,Ki,0.09,10.05,399.3,4.0,1
CHEMBL132954,COc1cccc2c1C(O)(c1ccc(Cl)cc1)N1CCN=C21,IC50,3600.0,5.44,314.77,2.62,0
CHEMBL400830,CSc1ccc(C2CN(C)Cc3cccc(Oc4cncc(CN5CCCCC5)c4)c32)cc1,Ki,262.0,6.58,459.66,6.16,1
CHEMBL236782,CSc1ccc(C2CN(C)Cc3cccc(Oc4ccnc(CN5CCCCC5)c4)c32)cc1,Ki,265.0,6.58,459.66,6.16,1
CHEMBL342716,CNCCC(Oc1cccc2ccccc12)c1ccc(F)cc1,Ki,0.95,9.02,309.38,4.71,1
CHEMBL3094161,COc1ccc2[nH]cc(CN(C)CCCC3(c4ccc(F)cc4)OCc4cc(C#N)ccc43)c2c1,IC50,5800.0,5.24,469.56,5.87,0
CHEMBL104,Clc1ccccc1C(c1ccccc1)(c1ccccc1)n1ccnc1,IC50,5760.0,5.24,344.85,5.38,0
CHEMBL137936,CNCCC(Oc1cccc2ccccc12)c1ccc(C(F)(F)F)cc1,Ki,14.5,7.84,359.39,5.59,1
CHEMBL2430686,O=C1NCC(c2cccc(Cl)c2)C1c1ccc(Cl)c(Cl)c1,IC50,3757.0,5.42,340.64,4.64,0
CHEMBL479,CSc1ccc2c(c1)N(CCC1CCCCN1C)c1ccccc1S2,Ki,399.0,6.4,370.59,5.89,1
CHEMBL323678,COc1ccc2cc([C@H]3C4CCC(C4)[C@@H]3CN(C)C)ccc2c1,Ki,25.0,7.6,309.45,4.54,1
CHEMBL53200,COC(=O)[C@@H]1C2CCC(C[C@@H]1OC(c1ccc(F)cc1)c1ccc(F)cc1)N2CCCCCc1ccccc1,IC50,550.0,6.26,533.66,6.88,1
CHEMBL595063,NCC[C@H](Oc1cccc2ccccc12)c1cccs1,Ki,18.0,7.75,283.4,4.37,1
CHEMBL596175,COc1ccc(C2=NN(CCCCCNCC[C@@H](Oc3cccc4ccccc34)c3cccs3)C(=O)[C@@H]3CC=CC[C@H]23)cc1OC,Ki,127.0,6.9,637.85,8.02,1
CHEMBL569014,O[C@@H](CNCC1CCCCC1)[C@H](c1ccccc1)n1ccc2ccccc21,IC50,2833.0,5.55,362.52,4.76,0
CHEMBL565309,CNC[C@H](O)[C@@H](c1ccccc1)n1ccc2ccccc21,IC50,74.0,7.13,280.37,2.81,1
CHEMBL258063,CNCc1cc(C#N)ccc1Oc1ccc(Cl)cc1Cl,IC50,28.0,7.55,307.18,4.38,1
CHEMBL257424,CN(C)Cc1ccccc1Oc1cccc(Cl)c1,IC50,238.0,6.62,261.75,4.19,1
CHEMBL403148,CNCc1cc(C(=O)N2CCN(C(C)C)CC2)ccc1Oc1cccc(OC)c1,Ki,28.0,7.55,397.52,3.37,1
CHEMBL257738,CNCc1cc(C(=O)N2CCCN(C3CC3)CC2)ccc1Oc1ccc(Cl)c(Cl)c1,Ki,9.0,8.05,448.39,4.82,1
CHEMBL257009,CNCc1cc(C(=O)N2CCCN(C3CC3)CC2)ccc1Oc1ccccc1C#N,Ki,797.0,6.1,404.51,3.38,1
CHEMBL401867,CNCc1cc(C(=O)N2CCCN(C3CC3)CC2)ccc1Oc1cccc(F)c1,Ki,236.0,6.63,397.49,3.65,1
CHEMBL402949,CNCc1cc(C(=O)N2CCCN(C3CC3)CC2)ccc1Oc1ccccc1F,Ki,562.0,6.25,397.49,3.65,1
CHEMBL272699,CNCc1cc(C(=O)N2CCCN(C3CC3)CC2)ccc1Oc1cccc(Cl)c1,Ki,47.0,7.33,413.95,4.16,1
CHEMBL256557,C=CCN(CC=C)C(=O)[C@@]1(c2ccc3c(c2)OCCO3)C[C@H]1CN,IC50,32.0,7.5,328.41,1.87,1
CHEMBL257335,C=C(F)CN(C)C(=O)[C@@]1(c2ccc3c(c2)OCCO3)C[C@H]1CN,IC50,100.0,7.0,320.36,1.62,1
CHEMBL411655,NC[C@@H]1C[C@@]1(C(=O)N1CCOc2ccccc21)c1ccc2c(c1)OCO2,IC50,320.0,6.5,352.39,2.06,1
CHEMBL404013,C=CCN(CC=C)C(=O)[C@@]1(c2ccc3c(c2)CCO3)C[C@H]1CN,IC50,270.0,6.57,312.41,2.04,1
CHEMBL258180,C=CCN(CC)C(=O)[C@@]1(c2ccc3c(c2)CCO3)C[C@H]1CN,IC50,430.0,6.37,300.4,1.87,1
CHEMBL405462,CCN(CC)C(=O)C1(c2ccccc2)CC1(C)CN,IC50,6900.0,5.16,260.38,2.16,0
CHEMBL133070,COC(=O)C1C(c2ccc(C(C)=O)c(C(C)=O)c2)CC2CCC1N2C,IC50,330.0,6.48,343.42,2.83,1
CHEMBL264174,COc1cc(Cl)ccc1O[C@@H](c1ccccc1C)[C@@H]1CNCCO1,Ki,70.0,7.16,347.84,3.77,1
CHEMBL264158,COc1cc(Cl)ccc1O[C@@H](c1ccccc1F)[C@@H]1CNCCO1,Ki,70.0,7.16,351.81,3.6,1
CHEMBL427563,Cc1cc(F)ccc1O[C@@H](c1ccccc1)[C@@H]1CNCCO1,Ki,185.0,6.73,301.36,3.24,1
CHEMBL405349,CCOc1cc(Cl)ccc1OC(c1ccccc1)C1CNCCO1,Ki,60.0,7.22,347.84,3.85,1
CHEMBL4129019,COC(=O)c1ccc2[nH]cc(CCCCN3CCN(c4cccc5nc6c(c(N)c45)CCCC6)CC3)c2c1,IC50,314.1,6.5,511.67,5.11,1
CHEMBL3216963,CCCc1nc(C(=O)NCCCN2CCN(c3cccc(C)c3C)CC2)c(C)n1-c1ccc(OC)cc1.Cl.Cl,IC50,13.0,7.89,576.61,4.7,1
CHEMBL3216291,COc1ccc(-n2c(-c3ccccc3)nc(C(=O)NCCCN3CCN(c4cccc(C)c4C)CC3)c2C)cc1.Cl.Cl,IC50,12.0,7.92,610.63,5.42,1
CHEMBL3216517,CCCc1nc(C(=O)NCCCN2CCN(c3cccc(C)c3C)CC2)cn1-c1ccc(Cl)cc1.Cl.Cl.Cl,IC50,67.2,7.17,603.47,5.04,1
CHEMBL3216299,Cc1cccc(N2CCN(CC(O)CNC(=O)c3nc(C)n(-c4ccccc4)c3C)CC2)c1C.Cl.Cl,IC50,5.0,8.3,534.53,3.02,1
CHEMBL565594,CC(C)CC(NC(C)(C)C)C(=O)c1cccc(Cl)c1,Ki,6200.0,5.21,281.83,4.33,0
CHEMBL357321,COc1cccc2c1O[C@@H](CN1C3C=C(c4ccc5ccccc5c4)CC1CC3)CO2,Ki,1.4,8.85,413.52,5.31,1
CHEMBL3818478,O=C1NCN(c2ccccc2)C12CCN(CCCCc1c[nH]c3ccccc13)CC2,Ki,4.677,8.33,402.54,3.92,1
CHEMBL339810,Fc1cc2c(c(OCCNCCCc3c[nH]c4ccc(F)cc34)c1)OCC2,IC50,61.5,7.21,372.42,3.98,1
CHEMBL109776,O=C(CC1CCN(Cc2ccc(F)cc2)CC1)NC(c1ccccc1)c1ccccc1,IC50,49179.0,4.31,416.54,5.33,0
CHEMBL1275669,CCCNC1CCC(c2c[nH]c3ccc(C#N)cc23)C1,IC50,30.0,7.52,267.38,3.68,1
CHEMBL1277048,CN(CCc1ccccc1)C1CCC(c2c[nH]c3ccc(C#N)cc23)C1,IC50,6.2,8.21,343.47,4.85,1
CHEMBL1275729,CN(C)[C@H]1CC[C@H](c2c[nH]c3ccc(C#N)cc23)C1,IC50,0.97,9.01,253.35,3.24,1
CHEMBL2112978,C(=C/c1ccccc1)\CN1CCN(C[C@@H]2ON=C3c4ccccc4OC[C@H]32)CC1,Ki,16.0,7.8,389.5,3.13,1
CHEMBL2112971,COc1cc2c(cc1OC)C1=NO[C@@H](CN3CCN(C/C=C(\C)c4ccccc4)CC3)[C@@H]1CN2,Ki,15.0,7.82,462.59,3.57,1
CHEMBL1164191,CSc1ccc(CC(N)Cc2ccc(SC)cc2)cc1,IC50,2500.0,5.6,303.5,4.24,0
CHEMBL3770663,CNC[C@]1(c2ccc3ccccc3c2)CC[C@@](C)(O)CC1,IC50,11.0,7.96,283.42,3.62,1
CHEMBL3334794,CN(C)CCC(c1cc2ccccc2s1)N1CCCC1,IC50,401.0,6.4,288.46,3.99,1
CHEMBL1215661,N#Cc1c[nH]c2c(C(=O)N3CCN(CCc4ccc(F)cc4)CC3)cccc12,Ki,1100.27,5.96,376.44,3.18,0
CHEMBL3310490,Cc1ccc(OC(CC2CNC2)c2ccc(Cl)c(F)c2)cc1,IC50,38.5,7.42,319.81,4.52,1
CHEMBL1914699,CN1C2CCC1[C@@H](CNc1cccc(F)n1)[C@@H](c1ccc(Cl)cc1)C2,Ki,20.6,7.69,359.88,4.55,1
CHEMBL2037526,O=C(CCCCN1CCC2(CC1)C(=O)NCN2c1ccccc1)c1nc2ccccc2s1,Ki,284.0,6.55,448.59,4.08,1
CHEMBL2012116,COC(=O)[C@H]1C2CCC(C[C@H]1c1ccc(-c3ccccc3)s1)O2,IC50,78.0,7.11,328.43,4.24,1
CHEMBL3310483,Fc1cc(C(CC2CNC2)Oc2cccc(Cl)c2)ccc1Cl,IC50,47.1,7.33,340.23,4.86,1
CHEMBL609904,Clc1ccccc1Oc1ncccc1C1CCNCC1,Ki,57.0,7.24,288.78,3.99,1
CHEMBL599371,Cc1ccc(Oc2ncccc2C2CCNCC2)c(F)c1,Ki,36.0,7.44,286.35,3.79,1
CHEMBL488260,CNCc1ccc(C(F)(F)F)cc1Oc1ccc(Cl)c(Cl)c1,IC50,29.6,7.53,350.17,5.52,1
CHEMBL444203,CNC(C)c1cc(F)ccc1Oc1ccc(Cl)cc1,IC50,34.8,7.46,279.74,4.55,1
CHEMBL507884,CNCc1cc(C(F)(F)F)ccc1Oc1ccc(Cl)c(Cl)c1,IC50,21.8,7.66,350.17,5.52,1
CHEMBL453630,CNC(C)c1cc(C(F)(F)F)ccc1Oc1ccc(Cl)c(Cl)c1,IC50,61.2,7.21,364.19,6.08,1
CHEMBL461631,CNC(C)c1ccc(Cl)cc1Oc1ccc(C)cc1,IC50,187.0,6.73,275.78,4.72,1
CHEMBL1276224,CN(C)C1CCC(c2c[nH]c3ccc(Cl)cc23)C1,IC50,3.0,8.52,262.78,4.02,1
CHEMBL1276227,CN(C)C1CCC(c2c[nH]c3cc(Cl)ccc23)C1,IC50,6.5,8.19,262.78,4.02,1
CHEMBL1276250,CN(C)C1CCC(c2c[nH]c3c(F)cccc23)C1,IC50,3.3,8.48,246.33,3.5,1
CHEMBL1276298,CNC1CCC(c2c[nH]c3ccc(C#N)cc23)C1,IC50,8.5,8.07,239.32,2.9,1
CHEMBL1276299,CCNC1CCC(c2c[nH]c3ccc(C#N)cc23)C1,IC50,6.6,8.18,253.35,3.29,1
CHEMBL1276961,CCN(CC)C1CCC(c2c[nH]c3ccc(C#N)cc23)C1,IC50,6.2,8.21,281.4,4.02,1
CHEMBL1275794,CN(C)[C@@H]1CC[C@@H](c2c[nH]c3ccc(F)cc23)C1,IC50,2.8,8.55,246.33,3.5,1
CHEMBL540978,Clc1ccc(OC(c2cccnc2)C2CCNCC2)c(Cl)c1,IC50,5.0,8.3,337.25,4.51,1
CHEMBL319530,COc1cc2c(cc1OC)C1=NO[C@@H](CN3CCN(C/C=C(\C)c4ccco4)CC3)[C@@H]1CO2,Ki,22.0,7.66,453.54,3.13,1
CHEMBL311617,C[n+]1ccc(-c2ccccc2)cc1,Ki,48000.0,4.32,170.24,2.18,0
CHEMBL2096876,Cc1ccc([C@H]2C3CCC(C[C@H]2c2ccccc2)N3C)cc1,Ki,1000.0,6.0,291.44,4.73,1
CHEMBL2096875,Cc1ccc([C@@H]2CC3CCC([C@@H]2c2ccccc2)N3C)cc1,Ki,1500.0,5.82,291.44,4.73,0
CHEMBL195437,CCCCCCCCc1ccc(O)cc1,Ki,3704.0,5.43,206.33,4.3,0
CHEMBL202910,CN[C@H]1CC[C@@H](c2ccc(Cl)c(Cl)c2)c2cc(C(=O)O)ccc21,IC50,60.0,7.22,350.25,4.88,1
CHEMBL206649,CN[C@H]1CC[C@@H](c2ccc(Cl)c(Cl)c2)c2ccc(O)cc21,IC50,6.0,8.22,322.24,4.89,1
CHEMBL203331,CN[C@@H]1CC[C@H](c2ccc(Cl)c(Cl)c2)c2ccc(S(N)(=O)=O)cc21,IC50,240.0,6.62,385.32,3.83,1
CHEMBL1289394,Cc1ccc2c(N3CCN(CCc4cccc5c4ccc(=O)n5C)[C@H](C)C3)cc(F)cc2n1,Ki,0.5012,9.3,444.55,4.29,1
CHEMBL3085025,CN1[C@@H]2CC[C@H]1C[C@@H](NC(c1ccccc1)c1ccc(Cl)cc1)C2,Ki,13600.0,4.87,340.9,4.64,0
CHEMBL382783,O=C(O)C(=O)O.O[C@H](Cc1ccccc1)CN1CCC(CCOC(c2ccccc2)c2ccccc2)CC1,Ki,286.0,6.54,519.64,5.5,1
CHEMBL210514,COc1nc(NCCCN2CCOCC2)nc(OC)c1NC(=O)c1ccc(Oc2cc3c(cc2C)CCC3(C)C)o1,Ki,1430.0,5.84,565.67,4.8,0
CHEMBL1162965,CN(C)CC1CC1c1c[nH]c2ccc(C#N)cc12,Ki,7.1,8.15,239.32,2.7,1
CHEMBL197315,CN(C)C[C@@H]1C[C@H]1c1c[nH]c2ccc(F)cc12,Ki,41.0,7.39,232.3,2.97,1
CHEMBL194910,CN(C)C[C@@H]1C[C@@H]1c1c[nH]c2ccc(C#N)cc12,Ki,17.0,7.77,239.32,2.7,1
CHEMBL361259,CSc1ccc([C@H]2CN3CCC[C@H]3c3ccccc32)cc1,Ki,0.01,11.0,295.45,4.69,1
CHEMBL194960,CN(C)C[C@H]1C[C@@H]1c1c[nH]c2cc(F)ccc12,Ki,38.0,7.42,232.3,2.97,1
CHEMBL114453,OC(CCc1ccccc1)CN1CCC2(CC1)OCc1c2ccc2ccccc12,Ki,10.0,8.0,387.52,4.65,1
CHEMBL391605,c1ccc(C2CNCc3cc(OCCCN4CCOCC4)ncc32)cc1,Ki,4767.0,5.32,353.47,2.42,0
CHEMBL241712,CN1Cc2cc(OCCCN3CCCCC3)ncc2C(c2ccc(F)cc2)C1,Ki,362.0,6.44,383.51,4.05,1
CHEMBL3818959,Cc1cccc(CN(C2CCOCC2)C2CCNC2)c1Cl,IC50,5.0,8.3,308.85,2.99,1
CHEMBL3799319,CN(C)CCCN1c2ccccc2CCc2ccc(CCCOCCCOCCCN3c4ccccc4CCc4ccccc43)cc21,Ki,640.0,6.19,631.91,8.56,1
CHEMBL1289721,Cc1ccc2c(C3CCN(CCc4c(C)ccc5c4ccc(=O)n5C)CC3)cccc2n1,Ki,1.259,8.9,425.58,5.13,1
CHEMBL3323091,CN1Cc2ccccc2C(c2cc3ccccc3o2)C1,Ki,92.3,7.04,263.34,4.01,1
CHEMBL1644481,FC(F)(F)c1cccc(O[C@@H]2C[C@H]3CC[C@@H](C2)N3)c1,IC50,99.0,7.0,271.28,3.37,1
CHEMBL1644482,COc1cccc(O[C@@H]2C[C@H]3CC[C@@H](C2)N3)c1,IC50,369.0,6.43,233.31,2.36,1
CHEMBL1644603,Fc1cc(O[C@@H]2C[C@H]3CC[C@@H](C2)N3)cc(-c2ccccc2)c1,IC50,905.0,6.04,297.37,4.15,1
CHEMBL1683875,CCN(C)CC1(c2ccc(Cl)c(Cl)c2)CCCCC1,IC50,156.0,6.81,300.27,5.15,1
CHEMBL1683872,CCNCC1(c2ccc(Cl)c(Cl)c2)CCCCC1,IC50,158.0,6.8,286.25,4.8,1
CHEMBL1683903,NCC1(c2ccc(-c3ccccc3)cc2)CCCCC1,IC50,855.0,6.07,265.4,4.51,1
CHEMBL1684044,CC(C)CC(N)C1(c2ccc(Cl)c(Cl)c2)CCCCC1,IC50,330.0,6.48,314.3,5.57,1
CHEMBL1684045,CNC(C)C1(c2ccc(Cl)c(Cl)c2)CCCCC1,IC50,65.0,7.19,286.25,4.8,1
CHEMBL1684046,CNC(CC(C)C)C1(c2ccc(Cl)c(Cl)c2)CCCCC1,IC50,5900.0,5.23,328.33,5.83,0
CHEMBL1213931,Cc1c(C(=O)NCCCN2CCN(c3ccccc3Br)CC2)cc(-c2ccccc2)n1C,IC50,225.0,6.65,495.47,4.71,1
CHEMBL1214116,CCCn1c(-c2ccccc2)cc(C(=O)NCCCN2CCN(c3cccc(C(F)(F)F)c3)CC2)c1C.Cl,IC50,381.0,6.42,549.08,5.83,1
CHEMBL1086626,Cc1[nH]c(-c2ccccc2)cc1C(=O)NCCCN1CCN(c2cccc(Cl)c2Cl)CC1,IC50,137.0,6.86,471.43,5.24,1
CHEMBL3216702,CCCn1c(-c2ccccn2)cc(C(=O)NCCCN2CCN(c3cccc(Cl)c3Cl)CC2)c1C.Cl.Cl.Cl.Cl,IC50,397.0,6.4,660.35,5.52,1
CHEMBL1242904,Cc1ccc2c(N3CCN(CCc4cccc5c4OCc4nccn4-5)CC3)cccc2n1,Ki,19.95,7.7,425.54,3.99,1
CHEMBL1241548,Cc1ccc2c(N3CCN(CCc4cccc5c4OCc4nc(C)c(C)n4-5)CC3)cccc2n1,Ki,15.85,7.8,453.59,4.6,1
CHEMBL1242257,Cc1ccc2c(N3CCN(CCc4cccc5c4OCc4c(C(=O)NC6CCCC6)ncn4-5)CC3)cccc2n1,Ki,10.0,8.0,536.68,4.66,1
CHEMBL568140,CC(NC(C)(C)C)C(=O)c1ccc(Cl)c(Cl)c1,IC50,8800.0,5.06,274.19,3.95,0
CHEMBL30713,CC(N)Cc1c[nH]c2ccccc12,Ki,1127.0,5.95,174.25,2.06,0
CHEMBL3331486,Clc1ccc(CN(CC2CNC2)c2ccccc2)cc1,IC50,14.6,7.84,286.81,3.57,1
CHEMBL3331500,Fc1ccc(CN(CC2CNC2)c2ccccc2)cc1.O=C(O)C(F)(F)F,IC50,17.9,7.75,384.37,3.05,1
CHEMBL3331503,CC(C)N(Cc1ccc(Cl)c(Cl)c1)CC1CNC1.Cl,IC50,7.6,8.12,323.7,3.42,1
CHEMBL5271116,COC(=O)[C@H]1[C@@H](c2ccc(Cl)c(Cl)c2)C[C@@H]2CC[C@H]1O2,IC50,4.67,8.33,315.2,3.82,1
CHEMBL1643509,NC1CCN(c2ccc(Cl)c(Cl)c2)c2ccccc21,IC50,650.0,6.19,293.2,4.54,1
CHEMBL1479,C#C[C@]1(O)CC[C@H]2[C@@H]3CCC4=Cc5oncc5C[C@]4(C)[C@H]3CC[C@@]21C,Ki,8193.0,5.09,337.46,4.22,0
CHEMBL5991123,Fc1cccc(Oc2cc(N3CCC4(CC3)CNCCO4)c(F)cc2F)c1,IC50,1072.0,5.97,378.39,3.86,0
CHEMBL707,COc1cc2nc(N3CCN(C(=O)C4COc5ccccc5O4)CC3)nc(N)c2cc1OC,IC50,2688.0,5.57,451.48,1.72,0
CHEMBL3924225,COc1ccc(Br)c(CC2CCN(CCc3ccccc3OC)CC2)c1,Ki,37.6,7.42,418.38,4.96,1
CHEMBL1683892,CNCC1(c2ccc(F)c(F)c2)CCCCC1,IC50,2723.0,5.57,239.31,3.39,0
CHEMBL1683879,Clc1ccc(C2(CN3CCOCC3)CCCCC2)cc1Cl,IC50,7932.0,5.1,328.28,4.53,0
CHEMBL1909072,NC(=O)C1CCN(CCCN2c3ccccc3Sc3ccc(Cl)cc32)CC1,IC50,651.0,6.19,401.96,4.53,1
CHEMBL2206508,Cc1ccc2c(c1)CN(C)CC2c1cc(F)cc(F)c1,Ki,2149.0,5.67,273.33,3.85,0
CHEMBL1644478,Fc1cccc(O[C@@H]2C[C@H]3CC[C@@H](C2)N3)c1,IC50,1245.0,5.91,221.28,2.49,0
CHEMBL1644609,N#Cc1ccccc1-c1cccc(O[C@@H]2C[C@H]3CC[C@@H](C2)N3)n1,IC50,8981.0,5.05,305.38,3.28,0
CHEMBL282575,C[C@]12CC[C@@H]3c4ccc(OC(=O)c5ccccc5)cc4CC[C@H]3[C@@H]1CC[C@@H]2O,IC50,3672.0,5.43,376.5,5.12,0
CHEMBL4074417,CC(=O)c1cccc(-c2nnnn2CCN2CCC(Cc3ccccc3)CC2)c1,IC50,4050.0,5.39,389.5,3.5,0
CHEMBL4083969,Clc1ccccc1-c1nnnn1CCCN1CCC(Cc2ccccc2)CC1,IC50,1320.0,5.88,395.94,4.34,0
CHEMBL2219829,COC(c1ccc(Cl)c(Cl)c1)C1CNC1,IC50,271.0,6.57,246.14,2.9,1
CHEMBL3917777,COC(c1ccccc1C)C1CNC1,IC50,112.0,6.95,191.27,1.9,1
CHEMBL1852372,CCCc1nc(C(=O)NCCCN2CCN(c3cccc(Cl)c3Cl)CC2)c(C)n1-c1ccccc1,IC50,13.0,7.89,514.5,5.38,1
CHEMBL3681366,Cc1cccc(N2CCN(CCCNC(=O)c3nc(C)n(-c4ccccn4)c3C)CC2)c1C,IC50,12.0,7.92,446.6,3.44,1
CHEMBL1852666,Cc1nc(C(=O)NCC(O)CN2CCN(c3cccc(Cl)c3Cl)CC2)c(C)n1-c1ccc2c(c1)OCCO2,IC50,12.0,7.92,560.48,3.48,1
CHEMBL1224492,CCCCC1(C(=O)c2cc(F)c3[nH]ccc3c2)CCNC1,Ki,1.259,8.9,288.37,3.66,1
CHEMBL1645596,c1ccc(Oc2ccccc2OC2CNC2)cc1,Ki,2670.0,5.57,241.29,2.83,0
CHEMBL1644604,N#Cc1cc(O[C@@H]2C[C@H]3CC[C@@H](C2)N3)cc(-c2ccccc2)c1,IC50,100.0,7.0,304.39,3.89,1
CHEMBL593865,O=C1NCCc2ccc3c(c21)CC(N(CCCc1c[nH]c2ccc(F)cc12)CC1CC1)CO3,Ki,26.0,7.58,447.55,4.24,1
CHEMBL2430681,O=C1NCC(c2ccc(Cl)cc2)C1c1ccc(Cl)cc1,IC50,99.2,7.0,306.19,3.99,1
CHEMBL3906576,COCCOc1ccc(Br)c(CC2CCN(CCc3cc4c(cc3Cl)OCCO4)CC2)c1.Cl,Ki,32.7,7.49,561.34,5.4,1
CHEMBL4226281,COCCOc1cc(CC2CCN(CCc3ccc4c(c3)C(=O)CCO4)CC2)ccc1Br,Ki,1.02,8.99,502.45,4.94,1
CHEMBL2115225,COC(=O)[C@H]1C2C(=O)CC(C[C@H]1c1ccc(Cl)c(Cl)c1)N2C,IC50,7038.0,5.15,342.22,2.91,0
CHEMBL103504,CCC[C@@]1(O)CN2C3CC[C@@H]2C[C@H](c2ccc(C)cc2)C31,IC50,41.0,7.39,285.43,3.48,1
CHEMBL169471,COC(=O)C1C2CCC(CC1c1ccc(Cl)c(Cl)c1)N2,IC50,1.24,8.91,314.21,3.39,1
CHEMBL1242533,Cc1ccc2c(N3CCN(CCc4cccc5c4OCc4c(C(=O)N6CCCC6)ncn4-5)CC3)cccc2n1,Ki,12.59,7.9,522.65,4.22,1
CHEMBL1242717,Cc1ccc2c(N3CCN(CCc4cccc5c4OCc4c(C(=O)N6CCOCC6)ncn4-5)CC3)cccc2n1,Ki,50.12,7.3,538.65,3.46,1
CHEMBL551818,Fc1ccc(CN(c2ccc3[nH]ccc3c2)C2CCNCC2)cc1,Ki,1.995,8.7,323.42,4.07,1
CHEMBL564094,Fc1cccc(CN(c2ccc3[nH]ccc3c2)C2CCNCC2)c1,Ki,1.259,8.9,323.42,4.07,1
CHEMBL561598,c1ccc(CN(c2ccc3[nH]ncc3c2)C2CCNCC2)cc1,Ki,1.259,8.9,306.41,3.32,1
CHEMBL511163,NCC1CCC(CCc2cccc3ccccc23)O1,IC50,23.0,7.64,255.36,3.28,1
CHEMBL508678,NCC1CCC(CCc2cccnc2)O1,IC50,2721.0,5.57,206.29,1.52,0
CHEMBL456638,NCC1CCC(c2cccc3ccccc23)O1,Ki,174.0,6.76,227.31,3.02,1
CHEMBL559081,Cc1ccc(C(Oc2cccc(Cl)c2Cl)C2CCNCC2)cn1,IC50,14.0,7.85,351.28,4.82,1
CHEMBL781,OC1(c2ccc(Cl)cc2)c2ccccc2C2=NCCN21,Ki,50.0,7.3,284.75,2.61,1
CHEMBL562248,Cc1ccc2c3c(ccc2n1)OC[C@H](CN1CC=C(c2c[nH]c4ccccc24)CC1)O3,IC50,145.0,6.84,411.51,4.95,1
CHEMBL1078170,CC(C)CN(C(=O)c1cccc(Cl)c1Cl)[C@@H]1CCNC1,Ki,13.0,7.89,315.24,3.45,1
CHEMBL2112594,O=C(CCc1ccccc1)NCCNCCOC(c1ccc(F)cc1)c1ccc(F)cc1,IC50,1140.0,5.94,438.52,4.41,0
CHEMBL2207486,CCCN1CCC(c2cn(C)c3ccc(F)cc23)CC1,Ki,58.0,7.24,274.38,3.91,1
CHEMBL565638,CCCN(C(=O)c1ccc2ccccc2c1)C1CCNCC1,IC50,28.3,7.55,296.41,3.44,1
CHEMBL576821,Cc1c(CN([C@@H]2CCNC2)S(C)(=O)=O)ccc2cc(F)ccc12,IC50,4.6,8.34,336.43,2.41,1
CHEMBL576036,CCC(=O)N(Cc1ccc2ccccc2c1)[C@@H]1CCNC1,IC50,2.4,8.62,282.39,2.94,1
CHEMBL566418,CC(NC1CCC1)C(=O)c1cccc(Cl)c1,IC50,185.0,6.73,237.73,3.05,1
CHEMBL523965,CC(C)Oc1ccccc1N1CCN(CCCCn2nc(-n3ccc4ccccc43)ccc2=O)CC1,Ki,1040.0,5.98,485.63,4.58,0
CHEMBL213652,CCCN(CCCc1c[nH]c2ccc(F)cc12)C1COc2c(F)ccc(C(N)=O)c2C1,IC50,128.0,6.89,427.5,4.19,1
CHEMBL211363,COc1cccc2c1C[C@@H](N(CCCc1c[nH]c3ccc(F)cc13)C1CCC1)CO2,IC50,732.0,6.13,408.52,5.11,1
CHEMBL483370,CC(CCc1c[nH]c2ccc(F)cc12)N(CC1CC1)C1COc2c(F)ccc(C(N)=O)c2C1,IC50,162.0,6.79,453.53,4.58,1
CHEMBL520760,CSc1ccc(Sc2ccc(S(N)(=O)=O)cc2CN(C)C)cc1,IC50,20.0,7.7,368.55,3.27,1
CHEMBL481306,CNCc1cc(S(N)(=O)=O)ccc1Cc1ccc(Cl)c(Cl)c1,IC50,6.0,8.22,359.28,2.95,1
CHEMBL502129,CN(C)Cc1cc(C(=O)N(C)C)ccc1Oc1ccc(OC(F)(F)F)cc1,IC50,100.0,7.0,382.38,4.14,1
CHEMBL525249,CN[C@H]1Cc2ccccc2[C@@H](Oc2ccccc2C)C1,IC50,1100.0,5.96,267.37,3.65,0
CHEMBL482294,CN(C)Cc1cc(S(N)(=O)=O)ccc1[S+]([O-])c1ccc(C(F)(F)F)cc1,IC50,1900.0,5.72,406.45,2.58,0
CHEMBL482295,CN(C)Cc1cc(NS(C)(=O)=O)ccc1Sc1ccc(C(F)(F)F)cc1,IC50,3.0,8.52,404.48,4.29,1
CHEMBL492841,CNCc1ccccc1Cc1ccc(SC)cc1,IC50,4.0,8.4,257.4,3.72,1
CHEMBL484260,Cc1cc(N2CCN(CCc3ccc4c(c3)NC(=O)CO4)CC2)c2ccc(C)nc2c1,Ki,15.85,7.8,416.53,3.55,1
CHEMBL489393,CCN1C(=O)COc2ccc(CCN3CCN(c4cccc5nc(C)ccc45)CC3)cc21,Ki,79.43,7.1,430.55,3.65,1
CHEMBL180101,CCOc1ccccc1O[C@@H](c1ccccc1)[C@@H]1CNCCO1,Ki,661.0,6.18,313.4,3.19,1
CHEMBL3898537,CC(C)Oc1ccc(Br)c(CC2CCN(CCc3cc4c(cc3Cl)OCCO4)CC2)c1,Ki,13.9,7.86,508.88,6.16,1
CHEMBL6015461,CCc1cccc([C@@H](O)[C@H](CNC)c2ccc(Cl)c(Cl)c2)c1,Ki,69.5,7.16,338.28,4.59,1
CHEMBL5943550,CN1CCCNCC12CCN(c1nc(Oc3cccc(F)c3)cc(C(F)(F)F)n1)CC2,IC50,5012.0,5.3,439.46,3.69,0
CHEMBL5976815,Fc1cccc(Oc2cc(C(F)(F)F)nc(N3CCC4(CCNCC45OCCO5)C3)n2)c1,IC50,513.0,6.29,454.42,3.36,1
CHEMBL5915514,CN1CCNCC12CCN(c1nc(Oc3cccc(F)c3)cc(C(F)(F)F)n1)CC2,IC50,11220.0,4.95,425.43,3.3,0
CHEMBL4094228,Brc1ccccc1-c1nnnn1CCCN1CCC(Cc2ccccc2)CC1,IC50,5130.0,5.29,440.39,4.45,0
CHEMBL3612829,O=C(NCCCN1CCC(Cc2ccccc2)CC1)c1ccc(-c2ccccc2)cc1,IC50,56.0,7.25,412.58,5.43,1
CHEMBL333667,O=C(Cc1ccccc1)NCCNCCOC(c1ccc(F)cc1)c1ccc(F)cc1,IC50,1300.0,5.89,424.49,4.02,0
CHEMBL175911,C/C(=C\c1ccccc1)CN1CCN(C[C@@H]2ON=C3c4ccc(OC(=O)C5CC5)cc4OC[C@H]32)CC1,Ki,26.0,7.58,487.6,3.83,1
CHEMBL178588,C/C(=C\c1ccccc1)CN1CCN(C[C@@H]2ON=C3c4ccc(OC(=O)C(C)(C)C)cc4OC[C@H]32)CC1,Ki,12.0,7.92,503.64,4.47,1
CHEMBL1262,Clc1ccc(CO/N=C(\Cn2ccnc2)c2ccc(Cl)cc2Cl)c(Cl)c1,IC50,800.1,6.1,429.13,6.12,1
CHEMBL3681351,CCCc1nc(C(=O)NCCN2CCN(c3cccc(Cl)c3Cl)CC2)cn1-c1ccc(Cl)cc1,IC50,1093.0,5.96,520.89,5.34,0
CHEMBL3681357,Cc1cccc(N2CCN(CCCCNC(=O)c3nc(C)n(-c4ccccc4Cl)c3C)CC2)c1C,IC50,30.0,7.52,494.08,5.09,1
CHEMBL3681370,Cc1ccc(-n2c(C)nc(C(=O)NCC(O)CN3CCN(c4cccc(C)c4C)CC3)c2C)cc1,IC50,3.89,8.41,475.64,3.33,1
CHEMBL1852370,Cc1nc(C(=O)NCCCN2CCN(c3cccc(Cl)c3Cl)CC2)c(C)n1-c1ccccc1F,IC50,13.0,7.89,504.44,4.88,1
CHEMBL253376,CN(Cc1cc(Br)cc(Br)c1N)C1CCCCC1,IC50,2091.0,5.68,376.14,4.56,0
CHEMBL1643896,CN1[C@H]2CC[C@@H]1[C@@H](C(=O)N1CCCC1)[C@@H](c1ccc(I)cc1)C2,IC50,991.0,6.0,424.33,3.48,1
CHEMBL3798819,CN(C)CCCN1c2ccccc2CCc2ccc(C#CCOCCOc3cccc4ccccc34)cc21,Ki,3500.0,5.46,504.67,6.48,0
CHEMBL248825,O=C(OCc1ccco1)C1=C(c2ccc(Cl)c(Cl)c2)CCC1,Ki,24000.0,4.62,337.2,5.27,0
CHEMBL256646,CCN(Cc1ccccc1)C(=O)C1(c2ccccc2)CC1CN,IC50,160.0,6.8,308.43,2.95,1
CHEMBL272744,CCNCC1CC1(C(=O)N(CC)CC)c1ccccc1,IC50,1300.0,5.89,274.41,2.42,0
CHEMBL196513,CN(C)C[C@@H]1C[C@@H]1c1c[nH]c2ccc(F)cc12,Ki,24.0,7.62,232.3,2.97,1
CHEMBL271707,CN1C2CCC1[C@@H](COC(=O)CCCCCCCCC(=O)OC[C@@H]1C3CCC(C[C@@H]1c1ccc(Cl)c(Cl)c1)N3C)[C@@H](c1ccc(Cl)c(Cl)c1)C2,IC50,17.0,7.77,766.68,10.34,1
CHEMBL258292,CCCc1ccccc1Oc1cc(C)ncc1CNC,Ki,821.0,6.09,270.38,3.85,1
CHEMBL403956,CNCc1cnc(C)cc1Oc1ccccc1SC,Ki,133.0,6.88,274.39,3.62,1
CHEMBL429759,CCOc1ccccc1Oc1cc(C)ncc1CN(C)C,Ki,4750.0,5.32,286.38,3.64,0
CHEMBL408329,CCOc1ccccc1Oc1cc(C)ncc1CNC,Ki,218.0,6.66,272.35,3.3,1
CHEMBL2031885,C[C@@H]1CCCN1CCN1CCc2cc(-c3ccc(C(=O)N4CCCC4)cc3)ccc2C1=O,Ki,810.0,6.09,431.58,4.07,1
CHEMBL256390,CNCc1cc(C(=O)N2CCN(C3CCCC3)CC2)ccc1Oc1ccc(Cl)cc1,Ki,24.0,7.62,427.98,4.55,1
CHEMBL272077,CNCc1cc(C(=O)N2CCCN(C(C)C)CC2)ccc1Oc1ccc(Cl)cc1,Ki,6.4,8.19,415.97,4.41,1
CHEMBL439246,CNCc1cc(C(=O)N2CCCN(C3CC3)CC2)ccc1Oc1ccccc1C(F)(F)F,Ki,1400.0,5.85,447.5,4.53,0
CHEMBL273136,CNCc1cc(C(=O)N2CCCN(C3CC3)CC2)ccc1Oc1cccc(OC)c1,Ki,13.0,7.89,409.53,3.52,1
CHEMBL249951,CN(C)CC1CC1c1ccc2ccccc2c1,IC50,8.6,8.07,225.34,3.5,1
CHEMBL249121,CCNCC1CC1c1cccc2cc(C#N)ccc12,IC50,37.0,7.43,250.34,3.42,1
CHEMBL208420,CC(C)(C)CN(Cc1ccccc1C(F)(F)F)C1CCNCC1.O=C(O)/C=C/C(=O)O,Ki,4.3,8.37,444.49,4.31,1
CHEMBL377057,CC(C)N(Cc1ccccc1C(F)(F)F)C1CCNCC1.O=C(O)/C=C/C(=O)O,Ki,5.6,8.25,416.44,3.67,1
CHEMBL377574,CCOCCN(Cc1ccc(F)cc1C(F)(F)F)C1CCNCC1.O=C(O)C(O)C(O)C(=O)O,Ki,2.8,8.55,498.47,3.44,1
CHEMBL426316,CCCCN(Cc1ccc(F)cc1C(F)(F)F)C1CCNCC1.O=C(O)/C=C/C(=O)O,Ki,1.3,8.89,448.46,4.2,1
CHEMBL207810,COc1ccc(F)cc1CN(CC(C)C)C1CCNCC1.O=C(O)/C=C/C(=O)O,Ki,1.4,8.85,410.49,3.04,1
CHEMBL207807,CC(C)CN(Cc1ccc(F)cc1F)C1CCNCC1.O=C(O)/C=C/C(=O)O,Ki,3.1,8.51,398.45,3.17,1
CHEMBL2181744,Cc1c(Sc2ccc(Cl)cc2)c2ncccc2n1CC(=O)O,Ki,143.0,6.84,332.81,4.23,1
CHEMBL1241546,Cc1ccc2c(N3CCN(CCc4cccc5c4OCc4c(C)nnn4-5)CC3)cccc2n1,Ki,10.0,8.0,440.55,3.69,1
CHEMBL2206511,Cc1ccc2c(c1)CN(C)C[C@H]2c1cccc(F)c1,Ki,2310.0,5.64,255.34,3.71,0
CHEMBL2206534,CN1Cc2cc(O)ccc2C(c2ccc(F)c(F)c2)C1,Ki,287.0,6.54,275.3,3.25,1
CHEMBL2206520,Cc1ccc2c(c1)C(c1ccccc1)CN(C)C2,Ki,2850.0,5.54,237.35,3.57,0
CHEMBL2206516,Cc1ccc2c(c1)CN(C)CC2c1ccccc1,Ki,1220.0,5.91,237.35,3.57,0
CHEMBL3681356,COc1ccccc1-n1c(C)nc(C(=O)NCC(O)CN2CCN(c3cccc(C)c3C)CC2)c1C,IC50,12.0,7.92,491.64,3.03,1
CHEMBL1852422,COc1ccccc1-n1c(C)nc(C(=O)NCCCN2CCN(c3cccc(Cl)c3Cl)CC2)c1C,IC50,15.8,7.8,516.47,4.75,1
CHEMBL2012107,COC(=O)[C@@H]1C2CCC(C[C@H]1c1cccc(-c3cccs3)c1)O2,IC50,287.0,6.54,328.43,4.24,1
CHEMBL1214007,COC(=O)[C@@H]1C2CCC(C[C@@H]1c1ccc(Br)cc1)N2C/C=C/CF,Ki,8.5,8.07,396.3,4.08,1
CHEMBL3673141,Cc1ccc(-c2ccc3c(c2)CN2CCC3(c3ccc(Cl)cc3)CC2)nn1,IC50,2.6,8.59,375.9,5.0,1
CHEMBL3673148,O=c1n(-c2ccc3c(c2)CN2CCC3(c3ccc(Cl)cc3)CC2)nc2ccccn12,IC50,1.5,8.82,416.91,4.03,1
CHEMBL598767,Fc1ccc(Oc2ncccc2C2CCNCC2)c(F)c1,Ki,30.0,7.52,290.31,3.62,1
CHEMBL1241913,Cc1ccc2c(N3CCN(CCc4cccc5c4OCc4c(C(N)=O)ncn4-5)CC3)cccc2n1,Ki,31.62,7.5,468.56,3.08,1
CHEMBL1242081,Cc1ccc2c(N3CCN(CCc4cccc5c4OCc4c(C(=O)NC6CC6)ncn4-5)CC3)cccc2n1,Ki,15.85,7.8,508.63,3.88,1
CHEMBL124638,Fc1cc2c(c(OCCNCCc3c[nH]c4ccccc34)c1)OCCC2,IC50,42.2,7.38,354.43,3.84,1
CHEMBL5620061,NC(=O)c1cc2cc(N3CCN(CCCc4ccc5c(c4)CC(=O)N5)CC3)ccc2o1,IC50,139.0,6.86,418.5,2.78,1
CHEMBL2179217,COc1ccc(S(=O)(=O)n2cc(C)c3cc(Cl)ccc32)cc1NC1CCN(C)CC1,Ki,1942.0,5.71,447.99,4.35,0
CHEMBL535371,CN(C)CCN(Cc1ccc(-c2ccc(CNCCc3ccccc3)cc2)cc1)C(=O)CCC1CCCC1.Cl.Cl,Ki,25.12,7.6,584.68,6.55,1
CHEMBL328114,COc1cc2c(cc1OC)C1=NO[C@@H](CN3CCN(C/C=C/c4ccccc4)CC3)[C@@H]1CO2,Ki,8.3,8.08,449.55,3.15,1
CHEMBL218568,CC(=O)c1cc(NC(=O)NCCC[C@H]2C[C@H](Cc3ccc(F)cc3)CCN2CCO)cc(C(C)=O)c1,Ki,40.0,7.4,497.61,4.45,1
CHEMBL3764774,O=C(Cn1cnc2ccccc2c1=O)Nc1ccc(C[C@@H]2CC[C@H]([C@H](O)c3ccccc3)N2)cc1,IC50,200.0,6.7,468.56,3.43,1
CHEMBL1290487,Cc1ccc2c(N3CCN(CCc4cccc5c4CCC(=O)N5C)CC3)cccc2n1,Ki,12.59,7.9,414.55,3.82,1
CHEMBL205505,CN[C@H]1CC[C@@H](c2ccc(Cl)c(Cl)c2)c2cc(C(=O)N(C)C)ccc21,IC50,7.0,8.15,377.32,4.88,1
CHEMBL204285,CN[C@H]1CC[C@@H](c2ccc(Cl)c(Cl)c2)c2cc(S(N)(=O)=O)ccc21,IC50,6.0,8.22,385.32,3.83,1
CHEMBL206697,CN[C@H]1CC[C@@H](c2ccc(Cl)c(Cl)c2)c2ccc(CO)cc21,IC50,1.0,9.0,336.26,4.67,1
CHEMBL383427,CN[C@H]1CC[C@@H](c2ccc(Cl)c(Cl)c2)c2ccc(-n3cncn3)cc21,IC50,4.0,8.4,373.29,4.76,1
CHEMBL203776,CN[C@H]1CC[C@@H](c2ccc(Cl)c(Cl)c2)c2ccc(S(=O)(=O)NC)cc21,IC50,5.0,8.3,399.34,4.09,1
CHEMBL204323,CN[C@@H]1CC[C@@H](c2ccc(Cl)c(Cl)c2)c2ccc(S(N)(=O)=O)cc21,IC50,290.0,6.54,385.32,3.83,1
CHEMBL206598,CN[C@H]1CC[C@@H](c2ccc(Cl)c(Cl)c2)c2ccc(CNS(C)(=O)=O)cc21,IC50,10.0,8.0,413.37,4.23,1
CHEMBL203674,CN[C@H]1CC[C@@H](c2ccc(Cl)c(Cl)c2)c2ccc(CC(N)=O)cc21,IC50,10.0,8.0,363.29,4.21,1
CHEMBL378804,CN[C@H]1CC[C@@H](c2ccc(Cl)c(Cl)c2)c2ccc(CC(=O)O)cc21,IC50,30.0,7.52,364.27,4.81,1
CHEMBL264262,NCCc1c[nH]c2ccc(OCCOCCOCCS)cc12,IC50,99000.0,4.0,324.45,2.01,0
CHEMBL3085029,CCCCN1[C@@H]2CC[C@H]1C[C@@H](NC(c1ccc(F)cc1)c1ccc(F)cc1)C2,Ki,2640.0,5.58,384.51,5.44,0
CHEMBL1214059,COC(=O)[C@@H]1C2CCC(C[C@@H]1c1ccc(I)cc1)N2C/C=C/CF,Ki,2.2,8.66,443.3,3.93,1
CHEMBL205028,CCCCNC(CCC)C(=O)c1ccc(Cl)c(Cl)c1,Ki,5080.0,5.29,302.25,4.73,0
CHEMBL202348,C=CCC(C(=O)c1ccc(Cl)c(Cl)c1)N1CCCC1,Ki,1060.0,5.97,298.21,4.22,0
CHEMBL203403,CCCC(C(=O)c1ccccc1C)N1CCCC1,Ki,3720.0,5.43,245.37,3.44,0
CHEMBL206128,Fc1ccc(C(OCCC2CCN(C[C@H]3C[C@@H]3c3ccccc3)CC2)c2ccc(F)cc2)cc1.O=C(O)C(=O)O,Ki,136.0,6.87,551.63,6.98,1
CHEMBL383682,O=C(O)C(=O)O.O[C@H](CCN1CCC(CCOC(c2ccc(F)cc2)c2ccc(F)cc2)CC1)c1ccccc1,Ki,43.0,7.37,555.62,6.3,1
CHEMBL444540,C[C@H](Cc1ccccc1)CN1CCC(CCOC(c2ccc(F)cc2)c2ccc(F)cc2)CC1.O=C(O)C(=O)O,Ki,53.0,7.28,553.65,7.05,1
CHEMBL204814,N[C@H](Cc1ccccc1)CN1CCC(CCOC(c2ccc(F)cc2)c2ccc(F)cc2)CC1.O=C(O)C(=O)O.O=C(O)C(=O)O,Ki,68.0,7.17,644.67,5.74,1
CHEMBL383464,O=C(O)C(=O)O.O[C@@H](CCc1ccccc1)CN1CCC(CCOC(c2ccc(F)cc2)c2ccc(F)cc2)CC1,Ki,38.0,7.42,569.65,6.17,1
CHEMBL361949,CN(C)CCCc1c[nH]c2ccc(F)cc12,Ki,4.0,8.4,220.29,2.8,1
CHEMBL197966,CN(C)C[C@H]1C[C@@H]1c1c[nH]c2cc(C#N)ccc12,Ki,7.4,8.13,239.32,2.7,1
CHEMBL361836,COc1ccc(F)c(CC2CCN([C@H]3CC[C@]4(CC3)OC(=O)c3c5c(ccc34)OCCO5)CC2)c1,IC50,430.0,6.37,481.56,4.87,1
CHEMBL363507,O=C1O[C@]2(CC[C@@H](N3CCC(Cc4ccccc4F)CC3)CC2)c2ccc3c(c21)OCO3,IC50,410.0,6.39,437.51,4.82,1
CHEMBL363768,COc1ccccc1CC1CCN([C@H]2CC[C@]3(CC2)OC(=O)c2c4c(ccc23)OCO4)CC1,IC50,150.0,6.82,449.55,4.69,1
CHEMBL434728,COc1ccccc1CC1CCN([C@H]2CC[C@]3(CC2)OC(=O)c2c4c(ccc23)OCCO4)CC1,IC50,59.0,7.23,463.57,4.73,1
CHEMBL146332,CN[C@H]1C[C@@H](c2ccc(Cl)c(Cl)c2)c2ccccc21,Ki,4.0,8.4,292.21,4.79,1
CHEMBL1202031,CN(C)[C@@H]1C[C@@H](c2ccc(Cl)c(Cl)c2)c2ccc(I)cc21.O=C(O)C(=O)O,Ki,3700.0,5.43,522.17,5.74,0
CHEMBL63703,c1ccc(CN2CCC(NCCOC(c3ccccc3)c3ccccc3)CC2)cc1,Ki,2160.0,5.67,400.57,5.05,0
CHEMBL607431,COC(=O)[C@@H]1[C@H]2CCC(C[C@H]1OC(c1ccc(F)cc1)c1ccc(F)cc1)N2C,IC50,1830.0,5.74,401.45,4.1,0
CHEMBL1642891,N[C@@H]1Cc2ccccc2[C@@H](c2ccc(Cl)c(Cl)c2)C1,IC50,1830.0,5.74,292.21,4.4,0
CHEMBL1642895,CN[C@@H]1Cc2ccccc2[C@@H](c2ccc(Cl)c(Cl)c2)C1,IC50,125.0,6.9,306.24,4.66,1
CHEMBL1642897,CN[C@H]1Cc2ccccc2[C@@H](c2ccc(Cl)c(Cl)c2)C1,IC50,107.0,6.97,306.24,4.66,1
CHEMBL1642916,CN[C@@H]1CCc2ccccc2[C@H]1c1ccc(Cl)c(Cl)c1,IC50,2495.0,5.6,306.24,4.66,0
CHEMBL237862,CSc1ccc(C2CN(C)Cc3cc(Oc4ccc(CN5CCCCC5)cn4)ccc32)cc1,Ki,8.2,8.09,459.66,6.16,1
CHEMBL1201151,C#C[C@]1(O)CC[C@H]2[C@@H]3CCc4cc(OC)ccc4[C@H]3CC[C@@]21C,Ki,22.0,7.66,310.44,3.92,1
CHEMBL5092328,CCS(=O)(=O)[C@]1(C)CC[C@@](CF)(c2cc(NC(=O)c3cc4c(cn3)OC(F)(F)O4)ccc2F)N=C1N,Ki,1100.0,5.96,530.5,3.3,0
CHEMBL723,COc1ccccc1OCCNCC(O)COc1cccc2[nH]c3ccccc3c12,IC50,221.0,6.66,406.48,3.74,1
CHEMBL121611,Fc1ccc(C(OCCNCCCNCCc2ccccc2)c2ccc(F)cc2)cc1,Ki,125.0,6.9,424.54,4.88,1
CHEMBL1172,Clc1ccc2c(c1)CCc1cccnc1C2=C1CCNCC1,IC50,230.0,6.64,310.83,4.02,1
CHEMBL3704755,C[C@H](CCNCCCC(N)=O)CC1(c2ccc(Cl)c(Cl)c2)CCC1,Ki,299.7,6.52,371.35,4.69,1
CHEMBL512851,C=CCN(CC=C)C(=O)[C@@]1(c2cccs2)C[C@H]1CN,IC50,32.0,7.5,276.41,2.17,1
CHEMBL471002,C=CCN(CC)C(=O)[C@@]1(c2cccs2)C[C@H]1CN,IC50,140.0,6.85,264.39,2.0,1
CHEMBL954,CCN(CC)CCOc1ccc(/C(=C(/Cl)c2ccccc2)c2ccccc2)cc1,IC50,638.0,6.2,405.97,6.56,1
CHEMBL2112977,COc1cc2c(cc1OC)N(C)C[C@@H]1C2=NO[C@H]1CN1CCN(CCC/C(C)=C/c2ccccc2)CC1,Ki,104.0,6.98,504.68,4.37,1
CHEMBL179237,CCOCCOCCOc1ccc2c(c1)OC[C@@H]1C2=NO[C@H]1CN1CCN(C/C(C)=C/c2ccccc2)CC1,Ki,17.0,7.77,535.69,3.95,1
CHEMBL378073,CCCN(CCCc1c[nH]c2ccc(F)cc12)C1COc2cccc(OC)c2C1,IC50,386.0,6.41,396.51,4.96,1
CHEMBL457751,CCCN(CCCc1c[nH]c2ccc(F)cc12)[C@H]1COc2c(F)ccc(C(=O)NC)c2C1,IC50,47.0,7.33,441.52,4.45,1
CHEMBL484572,NC(=O)c1ccc(Cl)c2c1CC(N(CCCc1c[nH]c3ccc(F)cc13)C1CCC1)CO2,IC50,56.5,7.25,455.96,4.85,1
CHEMBL484580,NC(=O)c1cccc2c1CC(N(CCCc1c[nH]c3ccc(F)cc13)C1CCC1)CO2,IC50,114.0,6.94,421.52,4.2,1
CHEMBL521303,O=C(O)c1ccc(F)c2c1CC(N(CCCc1c[nH]c3ccc(F)cc13)C1CCC1)CO2,IC50,1026.0,5.99,440.49,4.94,0
CHEMBL483594,CCNC(=O)c1ccc(F)c2c1CC(N(CCCc1c[nH]c3ccc(F)cc13)C1CCC1)CO2,IC50,27.9,7.55,467.56,4.99,1
CHEMBL484541,O=C(NCC1CC1)c1ccc(F)c2c1CC(N(CCCc1c[nH]c3ccc(F)cc13)C1CCC1)CO2,IC50,43.6,7.36,493.6,5.38,1
CHEMBL208774,NC(=O)c1ccc(F)c2c1C[C@H](N(CCCc1c[nH]c3ccc(F)cc13)C1CCC1)CO2,IC50,17.4,7.76,439.51,4.34,1
CHEMBL2047578,COc1ccc2cc([C@H](O)[C@H](C)N3CCC(O)(Cc4ccccc4)CC3)ccc2c1Cl,IC50,357.0,6.45,439.98,4.99,1
CHEMBL448689,CSc1ccc(Oc2ccc(Cl)cc2CN(C)C)cc1,IC50,4.0,8.4,307.85,4.92,1
CHEMBL488326,CSc1ccc(Oc2ccncc2CN(C)C)cc1,IC50,2.0,8.7,274.39,3.66,1
CHEMBL450067,CSc1ccc(Oc2ccc(NS(C)(=O)=O)cc2CN(C)C)cc1,IC50,5.0,8.3,366.51,3.63,1
CHEMBL491609,CSc1ccc(Oc2ccc(S(N)(=O)=O)cc2CN(C)C)cc1F,IC50,9.0,8.05,370.47,3.05,1
CHEMBL4248022,O=C(NCCCN1CCN(c2cccc(Cl)c2Cl)CC1)c1ccc(-c2ccccc2)cc1,IC50,1010.0,6.0,468.43,5.6,1
CHEMBL4243862,O=C(NCCCN1CCN(c2ccc(Cl)cc2)CC1)c1cc2ccccc2s1,IC50,550.0,6.26,413.97,4.5,1
CHEMBL600645,CCC[C@H]1[C@@H]2CNC[C@]12c1ccc(Cl)c(Cl)c1,Ki,1.0,9.0,270.2,3.88,1
CHEMBL605119,Clc1ccc([C@]23CNC[C@H]2[C@@H]3COC2CCCCC2)cc1Cl,Ki,1.0,9.0,340.29,4.43,1
CHEMBL66112,Fc1ccc(CCN2CCCC(CNCCOC(c3ccccc3)c3ccccc3)C2)cc1,Ki,350.0,6.46,446.61,5.48,1
CHEMBL4642668,CCOC(=O)Cc1nn(CNC(=O)CCN2CCN(c3ccc(C)c(C)c3)CC2)c(=O)c2c(F)cccc12,IC50,628.0,6.2,523.61,2.54,1
CHEMBL4644166,CCOC(=O)Cc1nn(CNC(=O)CCN2CCN(c3ccc(C(=O)OC)cc3)CC2)c(=O)c2ccccc12,IC50,1600.0,5.8,535.6,1.57,0
CHEMBL4646798,CCOC(=O)Cc1nn(CNC(=O)CCN2CCN(c3ccccc3OCC)CC2)c(=O)c2ccccc12,IC50,6790.0,5.17,521.62,2.19,0
CHEMBL3704752,CCCC(=O)NCCNC(CC(C)C)C1(c2ccc(Cl)c(Cl)c2)CCC1,Ki,27.8,7.56,399.41,5.34,1
CHEMBL1159866,O=C(O)/C=C/C(=O)O.Oc1ccc2[nH]cc(CCC3CCNCC3)c2c1,IC50,20.0,7.7,360.41,2.81,1
CHEMBL367408,C=Cc1ccc([C@H]2CC3CCC(N3)[C@H]2C(=O)CC)cc1,IC50,0.32,9.49,269.39,3.53,1
CHEMBL145994,Clc1ccc([C@@H]2C[C@@H](NCc3ccccc3)c3ccccc32)cc1Cl,Ki,380.0,6.42,368.31,6.36,1
CHEMBL336613,Clc1ccc(C2c3ccccc3C3=NCCN32)cc1,IC50,15.0,7.82,268.75,3.51,1
CHEMBL91157,COc1cc2c(cc1OC)C1=NO[C@@H](CN3CCN(C/C(C)=C/c4ccccc4)CC3)[C@@H]1CO2,Ki,5.4,8.27,463.58,3.54,1
CHEMBL92860,COc1cc2c(cc1OC)C1=NO[C@@H](CN3CCN(Cc4ccc5ccccc5c4)CC3)[C@@H]1CO2,Ki,1.7,8.77,473.57,3.79,1
CHEMBL90997,Fc1ccc2c(c1)CC(CC1CN=CN1)C2,Ki,77.0,7.11,218.28,1.93,1
CHEMBL2112970,CN1C[C@@H]2C(=NO[C@H]2CN2CCN(C/C=C/c3ccccc3)CC2)c2ccccc21,Ki,16.0,7.8,402.54,3.19,1
CHEMBL2112972,COc1ccc2c(c1)C=C[C@@H]1C2=NO[C@H]1CN1CCN(Cc2ccc3ccccc3c2)CC1,Ki,1.4,8.85,439.56,4.41,1
CHEMBL5790850,NCC1(c2ccc(Cl)c(Cl)c2)CCC(O)CC1,IC50,3873.0,5.41,274.19,3.12,0
CHEMBL5850048,NCC1(c2ccc(Cl)c(Cl)c2)CCC(F)(F)CC1,IC50,1290.0,5.89,294.17,4.4,0
CHEMBL6000827,COC1CCCCC1(CN(C)C)c1ccc(Cl)c(Cl)c1,IC50,6.0,8.22,316.27,4.38,1
CHEMBL496,Oc1c(Cl)cc(Cl)c(Cl)c1Cc1c(O)c(Cl)cc(Cl)c1Cl,Ki,2310.6,5.64,406.91,6.61,0
CHEMBL5919524,CNC[C@@H](Cc1ccccc1)c1ccc2ccccc2c1,Ki,2.8,8.55,275.4,4.39,1
CHEMBL204538,CC#Cc1ccc(C(=O)C(CCC)N2CCCC2)cc1,Ki,6700.0,5.17,269.39,3.51,0
CHEMBL379446,CCCC(C(=O)c1ccc([N+](=O)[O-])cc1)N1CCCC1,Ki,2460.0,5.61,276.34,3.04,0
CHEMBL322348,CNC[C@H]1C2CCC(C2)[C@@H]1c1ccc2cc(OC)ccc2c1,Ki,12.0,7.92,295.43,4.2,1
CHEMBL3085019,CN1[C@@H]2CC[C@H]1C[C@H](NC(c1ccc(F)cc1)c1ccc(F)cc1)C2,Ki,48500.0,4.31,342.43,4.27,0
CHEMBL3085030,Fc1ccc(C(N[C@H]2C[C@H]3CC[C@@H](C2)N3CCCCc2ccccc2)c2ccc(F)cc2)cc1,Ki,502.0,6.3,460.61,6.66,1
CHEMBL341898,CN[C@@H]1C[C@@H](c2ccc(Cl)c(Cl)c2)c2ccccc21,Ki,4.8,8.32,292.21,4.79,1
CHEMBL99916,COc1cc2c(cc1OC)C1=NO[C@@H](CN3CCN(C/C(C)=C/c4ccco4)CC3)[C@@H]1CO2,Ki,21.0,7.68,453.54,3.13,1
CHEMBL339490,Fc1cc(OCCNCCCc2c[nH]c3ccc(F)cc23)c2c(c1)OCCO2,IC50,24.6,7.61,388.41,3.82,1
CHEMBL2429890,c1cc2c(cc1CN[C@H]1C3C4CC5C6C4CC3C6C51)OCO2,Ki,1993.0,5.7,295.38,2.65,0
CHEMBL368229,COc1ccc2[nH]cc(CCCN(C)C)c2c1,IC50,1100.0,5.96,232.33,2.67,0
CHEMBL596613,N#Cc1ccc2[nH]cc(CC[C@H]3C[C@@H](Cc4ccccc4)CCN3)c2c1,IC50,18.0,7.75,343.47,4.58,1
CHEMBL621,O=c1n(CCCN2CCN(c3cccc(Cl)c3)CC2)nc2ccccn12,Ki,102.0,6.99,371.87,2.36,1
CHEMBL3334769,C1=C(Cc2ccccc2)CCN(CCC(c2csc3ccccc23)N2CCCC2)C1,IC50,621.3,6.21,416.63,6.3,1
CHEMBL3334770,C1=C(Cc2ccccc2)CCN(CCC(c2csc3ccccc23)N2CCCCC2)C1,IC50,905.3,6.04,430.66,6.69,1
CHEMBL3334795,CN(C)CCC(c1csc2ccccc12)N1CCOCC1,IC50,1187.8,5.92,304.46,3.23,0
CHEMBL3334799,CN(C)CCC(c1ccc(Cl)c(Cl)c1)N1CCNCC1,IC50,399.3,6.4,316.28,2.89,1
CHEMBL3310485,Fc1cccc(OC(CC2CNC2)c2ccc(Cl)c(F)c2)c1,IC50,36.6,7.44,323.77,4.35,1
CHEMBL3705037,COCCOc1cc(CC2CCN(CCc3ccc4occc(=O)c4c3)CC2)ccc1Br,Ki,0.27,9.57,500.43,5.08,1
CHEMBL3705032,COCCOc1cc(CC2CCN(CC(O)c3ccc4c(c3)C(=O)CCO4)CC2)ccc1Br,Ki,2.2,8.66,518.45,4.43,1
CHEMBL1946257,O=C(CCCCN1CCCN(c2ccc(Cl)cc2)CC1)c1nc2ccccc2s1,Ki,65.0,7.19,428.0,5.52,1
CHEMBL2037530,O=C(CCCCN1CCN(c2ccccc2)CC1)c1nc2ccccc2s1,Ki,298.0,6.53,379.53,4.47,1
CHEMBL1641622,N[C@H]1Cc2ccccc2N(c2ccc(Cl)c(Cl)c2)C1,IC50,2400.0,5.62,293.2,4.01,0
CHEMBL1081468,Cc1cccc(N2CCN(CCCNC(=O)c3cc(-c4ccccc4)[nH]c3C)CC2)c1C,IC50,77.0,7.11,430.6,4.55,1
CHEMBL1214006,COC(=O)[C@@H]1C2CCC(C[C@@H]1c1ccc(Cl)cc1)N2C/C=C/CF,Ki,11.3,7.95,351.85,3.98,1
CHEMBL1242345,Cc1ccc2c(N3CCN(CCc4cccc5c4OCc4c(C(=O)NCC6CC6)ncn4-5)CC3)cccc2n1,Ki,5.012,8.3,522.65,4.13,1
CHEMBL566050,CCCC(NC(C)(C)C)C(=O)c1ccc(Cl)c(Cl)c1,IC50,1580.0,5.8,302.24,4.73,0
CHEMBL565845,Cc1cc(C(=O)C(C)NC(C)(C)C)ccc1Br,Ki,1215.0,5.92,298.22,3.72,0
CHEMBL3799072,CN(C)CCCN1c2ccccc2CCc2ccc(C#CCOCCOc3ccc4ccccc4c3)cc21,IC50,440.0,6.36,504.67,6.48,1
CHEMBL1257969,O=C1NCc2ccc(OCCCN3CCN(c4cccc5ccccc45)CC3)c(F)c21,Ki,84.7,7.07,419.5,3.81,1
CHEMBL1258762,O=C1NCc2cc(F)c(OCCCCN3CCN(c4cccc5ccc(F)cc45)CC3)cc21,Ki,110.0,6.96,451.52,4.34,1
CHEMBL305660,CC(C)(C)c1ccc(C(=O)CCCN2CCC(OC(c3ccccc3)c3ccccc3)CC2)cc1,IC50,1228.7,5.91,469.67,7.22,0
CHEMBL643,CC(CN1c2ccccc2Sc2ccccc21)N(C)C,Ki,2130.0,5.67,284.43,4.24,0
CHEMBL56564,CN1[C@@H]2CC[C@H]1C[C@@H](OC(=O)c1c[nH]c3ccccc13)C2,Ki,259.0,6.59,284.36,2.95,1
CHEMBL445,CNCCC=C1c2ccccc2CCc2ccccc21,Ki,6.977,8.16,263.38,3.83,1
CHEMBL512189,Cc1noc([C@@H]2C3CCC(C[C@@H]2c2ccc(Cl)cc2)N3C)c1-c1ccc(F)cc1.Cl,Ki,908.0,6.04,447.38,6.18,1
CHEMBL469888,COc1ccc(-c2cc([C@@H]3C4CCC(C[C@@H]3c3ccc(C)cc3)N4C)on2)cc1.Cl,Ki,366.0,6.44,424.97,5.39,1
CHEMBL456222,COc1ccc(F)cc1C[C@H]1CC[C@H](CCN)O1,Ki,20.0,7.7,253.32,2.27,1
CHEMBL594807,CC(C)CN(CCCc1c[nH]c2ccc(F)cc12)C1COc2ccc3c(c2C1)C(=O)NCC3,Ki,184.0,6.74,449.57,4.49,1
CHEMBL2338049,Fc1ccc(F)c(O[C@H](c2ccccc2)[C@@H]2CCNC2)c1Cl,IC50,1.0,9.0,323.77,4.35,1
CHEMBL2338039,Cc1cc(Cl)ccc1O[C@@H](c1ccccc1)[C@H]1CCNC1,IC50,1.0,9.0,301.82,4.38,1
CHEMBL593281,O=C1NCc2ccc3c(c21)CC(N(CCCc1c[nH]c2ccc(F)cc12)C(=O)c1ccccc1)CO3,Ki,31.0,7.51,483.54,4.63,1
CHEMBL1080746,Cc1c(C(=O)NCCCN2CCN(c3cccc(Cl)c3)CC2)cc(-c2ccccc2)n1N1CCCCC1,IC50,110.0,6.96,520.12,5.18,1
CHEMBL1086756,CCCn1c(-c2ccccc2)cc(C(=O)NCCCN2CCN(c3cccc(Cl)c3Cl)CC2)c1C,IC50,420.0,6.38,513.51,6.12,1
CHEMBL1088312,Cc1c(C(=O)NCCCN2CCN(c3cccc(Cl)c3Cl)CC2)cc(-c2ccccc2)n1CC(C)C,IC50,381.0,6.42,527.54,6.37,1
CHEMBL1088314,Cc1c(C(=O)NCCCN2CCN(c3cccc(Cl)c3Cl)CC2)cc(-c2ccccc2)n1-c1ccc(F)cc1,IC50,266.0,6.58,565.52,6.84,1
CHEMBL1080683,Cc1c(C(=O)NCCN2CCN(c3cccc(Cl)c3Cl)CC2)cc(-c2ccccc2)n1C,IC50,57.0,7.24,471.43,4.86,1
CHEMBL549489,CCNC[C@H]1CCC[C@@H]1c1c[nH]c2ccc(C#N)cc12,IC50,170.0,6.77,267.38,3.53,1
CHEMBL554074,CCN(C)C[C@H]1CCC[C@@H]1c1c[nH]c2ccc(C#N)cc12,IC50,10.0,8.0,281.4,3.87,1
CHEMBL88915,COC(=O)C1=C(c2ccc(Cl)c(Cl)c2)CC2CCC1N2C,IC50,867.0,6.06,326.22,3.79,1
CHEMBL391273,N#Cc1ccc2c(N3CCN(CC[C@@H]4OCCc5cc(C(N)=O)ccc54)CC3)cccc2c1,Ki,5.7,8.24,440.55,3.64,1
CHEMBL4574793,O=C(CCCN1CCCN(c2ccc(Cl)cn2)CC1)c1ccc(F)cc1,Ki,37.0,7.43,375.88,4.05,1
CHEMBL4783987,Fc1ccc(CCCCN2CCN(c3ccc(-c4ccccc4)cn3)CC2)cc1,Ki,2691.53,5.57,389.52,5.03,0
CHEMBL5914198,Cc1cc(Oc2cc(F)cc(F)c2)nc(N2CCC3(CC2)CNCCO3)n1,IC50,7762.0,5.11,376.41,2.81,0
CHEMBL6046752,Cc1cc(Oc2ccccc2C)nc(N2CCC3(CC2)CNCCO3)n1,IC50,6166.0,5.21,354.45,2.84,0
CHEMBL5967801,NCC1(F)CCN(c2nc(Oc3cccc(F)c3)cc(C(F)(F)F)n2)CC1,IC50,7244.0,5.14,388.34,3.69,0
CHEMBL270642,CO[C@]1(c2cccc(O)c2)CCCC[C@@H]1CN(C)C,IC50,10000.0,5.0,263.38,2.99,0
CHEMBL249331,CNCC1CC1c1ccc2ccccc2c1,IC50,52.0,7.28,211.31,3.16,1
CHEMBL2047561,OC(CCN1CC=C(Cc2ccccc2)CC1)c1cc2ccccc2s1,IC50,255.0,6.59,363.53,5.2,1
CHEMBL1818442,Cl.Clc1ccc([C@]23CNC[C@H]2C3)cc1Cl,IC50,411.0,6.39,264.58,2.85,1
CHEMBL469589,Cc1ccc2c(N3CCN(CCCc4cccc5c4OCC(=O)N5C)CC3)cc(F)cc2n1,Ki,0.3162,9.5,448.54,3.79,1
CHEMBL2012084,COC(=O)C1=C(c2cccc(-c3cccn3C)c2)CC2CCC1O2,IC50,870.0,6.06,323.39,3.57,1
CHEMBL484210,CCCN(CCCc1c[nH]c2ccc(F)cc12)C1COc2c(F)ccc(OC)c2C1,IC50,442.0,6.36,414.5,5.1,1
CHEMBL519684,COC(=O)c1ccc(F)c2c1CC(N(CCCc1c[nH]c3ccc(F)cc13)C1CCC1)CO2,IC50,1860.0,5.73,454.52,5.02,0
CHEMBL814,COCCCC/C(=N\OCCN)c1ccc(C(F)(F)F)cc1,Ki,458.0,6.34,318.34,3.2,1
CHEMBL4878226,CNCCC(Oc1ccc(F)cc1)c1ccccc1,Ki,543.0,6.26,259.32,3.56,1
CHEMBL4877693,COCCCC/C(=N\OCCN)c1ccc(Br)c(F)c1,Ki,21.0,7.68,347.23,3.08,1
CHEMBL4863177,CNCCC(Oc1cccc(F)c1)c1ccccc1,Ki,349.0,6.46,259.32,3.56,1
CHEMBL469809,c1ccc2cc(CO[C@@H]3CCNC3)ccc2c1,IC50,20.0,7.7,227.31,2.72,1
CHEMBL516158,CCCN(CCCc1c[nH]c2ccc(F)cc12)[C@H]1COc2cccc(C(N)=O)c2C1,IC50,146.0,6.84,409.51,4.05,1
CHEMBL485228,N#Cc1ccc2[nH]cc(CCCN(C3CCC3)C3COc4c(F)ccc(C(N)=O)c4C3)c2c1,IC50,24.1,7.62,446.53,4.07,1
CHEMBL491754,CCN(CC)CCCCCn1c2ccccc2c(=O)c2ccccc21,IC50,7800.0,5.11,336.48,4.67,0
CHEMBL5879061,FC(F)(F)c1cc(Oc2cccs2)nc(N2CCC3(CC2)CNCCO3)n1,IC50,1479.0,5.83,400.43,3.31,0
CHEMBL2047580,C[C@@H]([C@@H](O)c1ccc(Cl)c(Cl)c1)N1CC=C(Cc2ccccc2)CC1,IC50,367.0,6.43,376.33,5.29,1
CHEMBL2047574,OC(CCN1CC=C(Cc2ccccc2)CC1)c1ccc(Cl)c(Cl)c1,IC50,425.0,6.37,376.33,5.29,1
CHEMBL6005792,Fc1cccc(Oc2cc(F)cc(N3CCC4(CC3)CNCCO4)c2)c1,IC50,100.0,7.0,360.4,3.72,1
CHEMBL6002037,N#Cc1cc(Oc2ccccc2)cc(N2CCC3(CC2)CNCCO3)c1,IC50,37.2,7.43,349.43,3.31,1
CHEMBL3323105,CN1Cc2ccccc2C(c2ccc3cn[nH]c3c2)C1,IC50,31.0,7.51,263.34,3.14,1
CHEMBL247266,CCN(CC)CCCOc1cc2c(cn1)C(c1ccc(OC)cc1)CNC2,Ki,226.0,6.65,369.51,3.44,1
CHEMBL2347697,FC(F)(F)c1cc(COCC2(c3ccccc3)CCCCNCC2)cc(C(F)(F)F)c1,IC50,53.0,7.28,445.45,6.34,1
CHEMBL2347695,CN1CCCC[C@@](COCc2cc(C(F)(F)F)cc(C(F)(F)F)c2)(c2ccccc2)C1,IC50,660.0,6.18,445.45,6.29,1
CHEMBL2347693,FC(F)(F)c1cc(COC[C@@]2(c3ccccc3)CCCCNC2)cc(C(F)(F)F)c1,IC50,490.0,6.31,431.42,5.95,1
CHEMBL2347692,FC(F)(F)c1cc(COC[C@]2(c3ccccc3)CCCCNC2)cc(C(F)(F)F)c1,IC50,140.0,6.85,431.42,5.95,1
CHEMBL2347856,CCN1CCC[C@](COCc2cc(C(F)(F)F)cc(C(F)(F)F)c2)(c2ccccc2)CC1,IC50,170.0,6.77,459.47,6.68,1
CHEMBL229381,Cc1ccc([C@H]2C[C@@H]3CC[C@H]([C@H]2c2ncc(-c4ccc(Cl)cc4)s2)N3C)cc1,IC50,377.0,6.42,409.0,6.51,1
CHEMBL229699,Cc1ccc([C@H]2C[C@@H]3CC[C@H]([C@H]2c2ncc(-c4ccc(F)cc4)s2)N3C)cc1,IC50,3200.0,5.5,392.54,5.99,0
CHEMBL3216081,COc1ccccc1-n1c(C)nc(C(=O)NCCCN2CCN(c3cccc(C)c3C)CC2)c1C.Cl.Cl,IC50,9.0,8.05,548.56,4.06,1
CHEMBL3216503,Cc1c(Cl)cccc1N1CCN(CCCNC(=O)c2nc(C)n(-c3ccccc3F)c2C)CC1.Cl.Cl.Cl,IC50,6.17,8.21,593.4,4.53,1
CHEMBL3940484,COc1ccc(CCN2CCC(Cc3cc(OC)ccc3Br)CC2)cc1,Ki,37.5,7.43,418.38,4.96,1
CHEMBL3913057,COc1ccc(Br)c(CC2CCN(CCc3ccccc3Cl)CC2)c1,Ki,62.4,7.21,422.79,5.61,1
CHEMBL3940863,COc1ccc(CCN2CCC(Cc3cc(OC)ccc3Br)CC2)c(Cl)c1,Ki,30.5,7.52,452.82,5.62,1
CHEMBL3963429,COc1ccc(Br)c(CC2CCN(CCc3ccc(OC)c(OC)c3)CC2)c1,Ki,26.9,7.57,448.4,4.97,1
CHEMBL3921860,COc1ccc(Br)c(CC2CCN(CCc3cccc4c3OCCO4)CC2)c1,Ki,25.6,7.59,446.39,4.73,1
CHEMBL219540,CC(=O)C(c1ccccc1)C1CCCCN1,Ki,7800.0,5.11,217.31,2.5,0
CHEMBL387117,CC(C)CC(c1ccc(Cl)c(Cl)c1)C1CCCCN1C,Ki,1300.0,5.89,314.3,5.61,0
CHEMBL374769,CC(C)(C)CC(c1ccc(Cl)cc1)C1CCCCN1,IC50,1800.0,5.75,279.86,5.0,0
CHEMBL219224,CC(c1ccc(Cl)cc1)C1CCCCN1,IC50,4700.0,5.33,223.75,3.59,0
CHEMBL4225176,COCCOc1cc(CC2CCN(CCc3ccc4c(c3)OCCC4)CC2)ccc1Br,Ki,5.4,8.27,488.47,5.3,1
CHEMBL380056,CN1CCCCCCCCCC(=O)OCC2C(CC3CCC2N3C)c2ccc1cc2,Ki,94.0,7.03,412.62,5.37,1
CHEMBL212878,c1ccc(C(Cc2cccc3ccccc23)N2CCNCC2)cc1,IC50,12.0,7.92,316.45,4.03,1
CHEMBL377900,Clc1ccc(Cl)c(CC(c2ccccc2)N2CCNCC2)c1,IC50,8.2,8.09,335.28,4.18,1
CHEMBL214159,CCOc1ccccc1CC(c1ccc(F)cc1)N1CCNCC1,IC50,17.0,7.77,328.43,3.41,1
CHEMBL2114391,[11CH3]Sc1ccc([C@@H]2CN3CCC[C@@H]3c3ccccc32)cc1,Ki,1.82,8.74,294.45,4.69,1
CHEMBL1813484,CN1C[C@H]2CCC[C@@]2(c2ccc(Cl)c(Cl)c2)C1,IC50,3.631,8.44,270.2,3.98,1
CHEMBL104673,CN(C)Cc1ccccc1Sc1ccc(C(F)(F)F)cc1N,Ki,0.33,9.48,326.39,4.5,1
CHEMBL2112981,C(=C/c1ccccc1)\CN1CCN(C[C@@H]2ON=C3c4ccccc4NC[C@H]32)CC1,Ki,84.0,7.08,388.51,3.16,1
CHEMBL2112973,CCNC(=O)N1C[C@@H]2C(=NO[C@H]2CN2CCN(C/C=C/c3ccccc3)CC2)c2ccccc21,Ki,23.0,7.64,459.59,3.29,1
CHEMBL2112975,CCOC(=O)N1C[C@@H]2C(=NO[C@H]2CN2CCN(C/C=C/c3ccccc3)CC2)c2ccccc21,Ki,2.6,8.59,460.58,3.71,1
CHEMBL2112985,COc1cc2c(cc1OC)C1=NO[C@@H](CN3CCN(C/C(C)=C/c4ccccc4)CC3)[C@@H]1CN2,Ki,8.9,8.05,462.59,3.57,1
CHEMBL1643666,Cc1cc([C@@H]2C3CCC(C[C@@H]2c2ccc(Cl)c(Cl)c2)S3)on1,IC50,766.0,6.12,354.3,5.83,1
CHEMBL418971,CC(C)(c1ccc(O)cc1)c1ccc(O)cc1,IC50,20325.0,4.69,228.29,3.42,0
CHEMBL383347,CN(C)C[C@H]1C[C@H]1c1c[nH]c2ccc(F)cc12,Ki,100.0,7.0,232.3,2.97,1
CHEMBL206132,COc1ccc2c(c1)[C@@]13CCCC[C@@H]1[C@@H](C2)N(C)CC3,Ki,18.0,7.75,271.4,3.38,1
CHEMBL5078388,CN1CC[C@@]23CCCC[C@@H]2[C@@H]1Cc1ccc(OC(F)(F)F)cc13,Ki,48.0,7.32,325.37,4.27,1
CHEMBL5091124,CN1CC[C@@]23CCCC[C@@H]2[C@@H]1Cc1ccc(C(C)(F)F)cc13,Ki,301.0,6.52,305.41,4.49,1
CHEMBL5081803,CN1CC[C@@]23CCCC[C@@H]2[C@@H]1Cc1ccc(C(F)F)cc13,IC50,24.0,7.62,291.38,4.31,1
CHEMBL3323173,Cc1ccc2c(c1)CN(C)CC2c1ccc2sccc2c1,IC50,4.9,8.31,293.44,4.79,1
CHEMBL3323101,CN1Cc2ccccc2C(c2ccc3[nH]ccc3c2)C1,IC50,170.0,6.77,262.36,3.75,1
CHEMBL3323092,CN1Cc2ccccc2C(c2coc3ccccc23)C1,IC50,67.0,7.17,263.34,4.01,1
CHEMBL198072,CCN(CC)C(=O)[C@@]1(c2ccccc2)CC1CNCC(O)COc1cccc2[nH]ccc12,IC50,120.0,6.92,435.57,3.32,1
CHEMBL104229,C1=C(c2c[nH]c3ncccc23)CCN(CCOc2cccc3[nH]ccc23)C1,Ki,1.5,8.82,358.45,4.21,1
CHEMBL153479,Nc1c(Br)cc(Br)cc1CN[C@H]1CC[C@H](O)CC1,Ki,1802.0,5.74,378.11,3.19,0
CHEMBL338482,COc1ccc(F)cc1OCCNCCc1c[nH]c2ccccc12,IC50,249.0,6.6,328.39,3.53,1
CHEMBL334255,CCCCCCCCCCCCCCCC[n+]1ccccc1.[Br-],IC50,1680.0,5.78,384.45,6.46,0
CHEMBL513248,C#CCN(CC#C)C(=O)[C@@]1(c2cccs2)C[C@H]1CN,IC50,26.0,7.58,272.37,1.06,1
CHEMBL415,CN(C)CCCN1c2ccccc2CCc2ccc(Cl)cc21,Ki,0.28,9.55,314.86,4.53,1
CHEMBL1683884,CN(C)CC1(c2ccc(Cl)cc2)CCCCC1,IC50,102.0,6.99,251.8,4.1,1
CHEMBL1683895,CN(C)CC1(c2ccccc2)CCCCC1,IC50,249.0,6.6,217.36,3.45,1
CHEMBL1683882,CN(C)CC1(c2ccc(Cl)c(Cl)c2)CCCC1,IC50,278.0,6.56,272.22,4.37,1
CHEMBL1683880,CN1CCN(CC2(c3ccc(Cl)c(Cl)c3)CCCCC2)CC1,IC50,299.0,6.52,341.33,4.44,1
CHEMBL1683873,Clc1ccc(C2(CNC3CC3)CCCCC2)cc1Cl,IC50,651.0,6.19,298.26,4.95,1
CHEMBL1683896,CN(C)CC1(c2cccc(C(F)(F)F)c2)CCCCC1,IC50,1530.0,5.82,285.35,4.47,0
CHEMBL1683878,Clc1ccc(C2(CN3CCCCC3)CCCCC2)cc1Cl,IC50,9674.0,5.01,326.31,5.68,0
CHEMBL1684049,CC(N)C1(c2cccc3ccccc23)CCCCC1,IC50,1700.0,5.77,253.39,4.39,0
CHEMBL1683874,CN(C)CC1(c2ccc(Cl)c(Cl)c2)CCCCC1,IC50,19.0,7.72,286.25,4.76,1
CHEMBL1914693,CN1C2CCC1[C@@H](C(=O)Nc1ccc(Br)nc1)[C@@H](c1ccc(Cl)cc1)C2,Ki,15315.0,4.82,434.77,4.7,0
CHEMBL3323182,CN1Cc2cc(N3CCOCC3)ccc2C(c2ccc3sccc3c2)C1,Ki,7.1,8.15,364.51,4.32,1
CHEMBL303494,COC(=O)C1C(c2cccc(-c3ccco3)c2)CC2CCC1N2C,Ki,55.1,7.26,325.41,3.69,1
CHEMBL411,CC/C(=C(/CC)c1ccc(O)cc1)c1ccc(O)cc1,Ki,6637.0,5.18,268.36,4.83,0
CHEMBL551646,Clc1cc(Cl)cc(OC(c2cccnc2)C2CCNCC2)c1,IC50,10.0,8.0,337.25,4.51,1
CHEMBL552046,Clc1cccc(OC(c2ccccn2)C2CCNCC2)c1Cl,IC50,6.0,8.22,337.25,4.51,1
CHEMBL562108,Clc1ccc(OC(c2ccccn2)C2CCNCC2)c(Cl)c1,IC50,7.0,8.15,337.25,4.51,1
CHEMBL559456,Clc1cccc(OC(c2cccnc2)C2CCNCC2)c1Cl,IC50,3.0,8.52,337.25,4.51,1
CHEMBL541226,Clc1cccc(OC(c2ccccc2)C2CCNCC2)c1Cl,IC50,8.0,8.1,336.26,5.11,1
CHEMBL1080968,O=C(c1cccc(Cl)c1Cl)N(C1CCCC1)[C@H]1CCNC1,Ki,6.0,8.22,327.26,3.74,1
CHEMBL1079263,O=C(c1cccc(Cl)c1Cl)N(C1=CCOC=C1)[C@H]1CCNC1,Ki,6.0,8.22,339.22,3.23,1
CHEMBL1079265,CC(C)CN(C(=O)c1ccc(Cl)cc1Cl)[C@H]1CCNC1,Ki,3.0,8.52,315.24,3.45,1
CHEMBL3969352,CCOc1ccc(Br)c(CC2CCN(CCc3cc4c(cc3Cl)OCCO4)CC2)c1,Ki,18.7,7.73,494.86,5.77,1
CHEMBL4070493,CN(C)CCCC1(c2ccc3ccccc3c2)OCc2cc(C#N)ccc21,IC50,150.0,6.82,356.47,4.83,1
CHEMBL609908,CN1CCc2ccccc2C1CCc1c[nH]c2ccc(C#N)cc12,IC50,0.42,9.38,315.42,4.2,1
CHEMBL343534,Fc1ccc(C(OCCC2CCN(C/C=C/c3cccs3)CC2)c2ccc(F)cc2)cc1,Ki,45.0,7.35,453.6,6.95,1
CHEMBL2111614,COC(=O)[C@H]1C2CCC(C2)C[C@@H]1c1ccc(Cl)c(Cl)c1,IC50,33.0,7.48,313.22,4.69,1
CHEMBL399429,O=C(NCc1ccco1)C1=C(c2ccc(Cl)c(Cl)c2)CCC1,Ki,24000.0,4.62,336.22,4.84,0
CHEMBL1083708,FC(F)Oc1ccccc1CC(c1ccccc1)N1CCNCC1,Ki,27.0,7.57,332.39,3.48,1
CHEMBL3323187,CN1Cc2cc(NCCO)ccc2C(c2ccc3sccc3c2)C1,IC50,2500.0,5.6,338.48,3.88,0
CHEMBL2338046,Fc1cc(F)c(Cl)c(O[C@H](c2ccccc2)[C@@H]2CCNC2)c1Cl,IC50,3.981,8.4,358.21,5.0,1
CHEMBL2338042,Clc1ccc(Cl)c(O[C@@H](c2ccccc2)[C@H]2CCNC2)c1Cl,IC50,3.981,8.4,356.68,5.38,1
CHEMBL2338041,Clc1cc(Cl)c(Cl)c(O[C@H](c2ccccc2)[C@@H]2CCNC2)c1,IC50,1.585,8.8,356.68,5.38,1
CHEMBL1224402,CCCC1(C(=O)c2cc(F)c3[nH]ccc3c2)CCNC1,Ki,3.162,8.5,274.34,3.27,1
CHEMBL1224321,CC(C)(C)CCC1(C(=O)c2cc(F)c3[nH]ccc3c2)CCNC1,Ki,0.7943,9.1,316.42,4.3,1
CHEMBL1224316,CC(C)(C)CCC1(C(=O)c2ccc(Cl)c(Cl)n2)CCNC1,Ki,12.59,7.9,329.27,4.38,1
CHEMBL1224091,CC(C)OCC1(C(=O)c2ccc(N)c(Cl)c2)CCCN1,Ki,1.259,8.9,296.8,2.65,1
CHEMBL1224093,CC(C)CC1(C(=O)c2ccc3[nH]ncc3c2)CCCN1,Ki,2.512,8.6,271.36,2.91,1
CHEMBL1237064,Clc1ccc([C@@]23CCNC[C@@H]2C3)cc1Cl,Ki,39.81,7.4,242.15,3.24,1
CHEMBL1173086,COC[C@@]12CNC[C@@H](OC)[C@]1(c1ccc(Cl)c(Cl)c1)C2,Ki,251.19,6.6,316.23,2.89,1
CHEMBL1173519,COC[C@@]12CNC[C@H](F)[C@]1(c1ccc(Cl)c(Cl)c1)C2,Ki,5.012,8.3,304.19,3.21,1
CHEMBL1173753,CC#CNC(=O)[C@@]12CNCC[C@]1(c1ccc(Cl)c(Cl)c1)C2,Ki,100.0,7.0,323.22,2.71,1
CHEMBL511756,O=C(CN1CCN(CCOC(c2ccccc2)c2ccccc2)CC1)c1ccccc1,Ki,1400.0,5.85,414.55,4.29,0
CHEMBL468207,O=C(CN1CCN(CCOC(c2ccc(F)cc2)c2ccc(F)cc2)CC1)c1ccccc1,Ki,88.0,7.06,450.53,4.57,1
CHEMBL467585,C=C(CCN1CCN(CCOC(c2ccc(F)cc2)c2ccc(F)cc2)CC1)c1ccccc1,Ki,190.0,6.72,462.58,5.79,1
CHEMBL468211,Fc1ccc(C(OCCN2CCN(C[C@@H](F)Cc3ccccc3)CC2)c2ccc(F)cc2)cc1,Ki,290.0,6.54,468.56,5.27,1
CHEMBL468573,CO[C@H](Cc1ccccc1)CN1CCN(CCOC(c2ccc(F)cc2)c2ccc(F)cc2)CC1,Ki,250.0,6.6,480.6,4.95,1
CHEMBL466145,N[C@@H](Cc1ccccc1)CN1CCN(CCOC(c2ccc(F)cc2)c2ccc(F)cc2)CC1,Ki,88.0,7.06,465.59,4.26,1
CHEMBL27490,O[C@H](Cc1ccccc1)CN1CCN(CCOC(c2ccc(F)cc2)c2ccc(F)cc2)CC1,Ki,160.0,6.8,466.57,4.29,1
CHEMBL27646,O[C@@H](Cc1ccccc1)CN1CCN(CCOC(c2ccc(F)cc2)c2ccc(F)cc2)CC1,Ki,230.0,6.64,466.57,4.29,1
CHEMBL26478,O[C@@H](CCN1CCN(CCOC(c2ccc(F)cc2)c2ccc(F)cc2)CC1)c1ccccc1,Ki,135.0,6.87,466.57,4.81,1
CHEMBL1172902,Clc1ccc([C@]23CCN4CC[C@]2(C4)C3)cc1Cl,Ki,31.62,7.5,268.19,3.73,1
CHEMBL383873,COC(=O)/C=C1/CN2C3CCC2C1C(c1ccc(Br)cc1)C3,Ki,5.63,8.25,362.27,3.5,1
CHEMBL551935,Cc1ccccc1C(=O)N(CC1CCC1)[C@H]1CCNC1,Ki,118.0,6.93,272.39,2.6,1
CHEMBL386242,CN(CCCc1c[nH]c2ccc(F)cc12)[C@H]1COc2c(F)ccc(C(N)=O)c2C1,IC50,116.0,6.94,399.44,3.41,1
CHEMBL120546,FC(F)(F)c1cc(COCC2(c3ccccc3)CCCNC2)cc(C(F)(F)F)c1,IC50,25.0,7.6,417.39,5.56,1
CHEMBL2347703,O=C1CC(COCc2cc(C(F)(F)F)cc(C(F)(F)F)c2)(c2ccccc2)CCN1,IC50,970.0,6.01,431.38,5.09,1
CHEMBL543876,Cl.Cl.Fc1ccc(C(OCCN2CCN(CCCc3ccccc3)CC2)c2ccc(F)cc2)cc1,IC50,3840.0,5.42,523.5,5.32,0
CHEMBL212763,COc1cccc(CC(c2ccccc2)N2CCNCC2)c1,IC50,25.0,7.6,296.41,2.88,1
CHEMBL213035,N#Cc1ccccc1CC(c1ccccc1)N1CCNCC1,IC50,87.0,7.06,291.4,2.75,1
CHEMBL517305,N#Cc1c[nH]c2ccc(C3(Cc4ccccc4)CCNC3)cc12,Ki,66.0,7.18,301.39,3.51,1
CHEMBL442391,C1=C(c2c[nH]c3ncccc23)CCN(CCOc2cccc3ncccc23)C1,Ki,387.0,6.41,370.46,4.28,1
CHEMBL251694,COc1ccc([C@H](CN(C)C)C2(O)CCCCC2)cc1,IC50,30.0,7.52,277.41,3.04,1
CHEMBL344110,CC(C)N(C)[C@H]1C[C@@H](c2ccc(Cl)c(Cl)c2)c2ccccc21,Ki,1800.0,5.75,334.29,5.91,0
CHEMBL3289648,Cc1ccc(N2CCN(CCCCc3ccc(F)cc3)CC2)nc1,Ki,3019.95,5.52,327.45,3.67,0
CHEMBL4789472,O=C(CCCN1C2CCC1CN(c1ccc(Cl)cn1)C2)c1ccc(F)cc1,Ki,251.19,6.6,387.89,4.19,1
CHEMBL568096,CNC[C@H](O)[C@H](c1ccccc1)n1ccc2cc(F)ccc21,IC50,95.0,7.02,298.36,2.95,1
CHEMBL246716,c1csc([C@@H]2CN3CCC[C@@H]3c3cc(OCCCN4CCCCC4)ccc32)c1,Ki,2.7,8.57,396.6,5.29,1
CHEMBL439561,c1cncc([C@@H]2CN3CCC[C@@H]3c3cc(OCCCN4CCOCC4)ccc32)c1,Ki,12.3,7.91,393.53,3.47,1
CHEMBL3094160,CN(CCCC1(c2ccc(F)cc2)OCc2cc(C#N)ccc21)Cc1c[nH]c2ccccc12,IC50,3000.0,5.52,439.53,5.86,0
CHEMBL3094164,CN(C)CCCC1(c2ccc(F)cc2)OCc2cc(-c3ccc(N)cc3)ccc21,IC50,3600.0,5.44,390.5,5.19,0
CHEMBL1272040,COc1c(C)nc(C)nc1C(=O)NCCCN1CCN(c2cccc(C)c2C)CC1.Cl,IC50,892.0,6.05,448.01,2.66,1
CHEMBL388257,CCOC(=O)C1=C(c2ccc3ccccc3c2)CCNC1,Ki,440.0,6.36,281.36,3.15,1
CHEMBL256902,COc1cccc([C@@]2(OCCCO)CCCC[C@@H]2CN(C)C)c1,IC50,1493.0,5.83,321.46,3.04,0
CHEMBL255768,CN(C)C[C@H]1CCCC[C@]1(OCC1CC1)c1cccc(O)c1,IC50,3667.0,5.44,303.45,3.77,0
CHEMBL1643515,NC1Cc2ccccc2N(c2ccc(Cl)c(Cl)c2)C1,IC50,2550.0,5.59,293.2,4.01,0
CHEMBL1643517,CNC1Cc2ccccc2N(c2ccc(Cl)c(Cl)c2)C1,IC50,985.0,6.01,307.22,4.28,1
CHEMBL270786,CCCO[C@]1(c2cccc(O)c2)CCCC[C@@H]1CN(C)C,IC50,2798.0,5.55,291.44,3.77,0
CHEMBL180899,Oc1nc2cc3c(cc2c2c1[C@@H](N1CCC(Cc4cc(F)ccc4F)CC1)CCC2)OCO3,IC50,14.0,7.85,452.5,5.28,1
CHEMBL360575,CN(C)CCCc1c[nH]c2ccccc12,IC50,58.0,7.24,202.3,2.66,1
CHEMBL497664,CN(C)C[C@@H]1Cc2ccccc2[C@@H]1Oc1ccc(C(F)(F)F)cc1,IC50,230.0,6.64,335.37,4.56,1
CHEMBL397392,Cc1ccccc1CN(C1CCOCC1)[C@H]1CCNC1,IC50,29.0,7.54,274.41,2.34,1
CHEMBL247340,Cc1cccc(CN(C2CCOCC2)[C@H]2CCNC2)c1Cl,IC50,5.0,8.3,308.85,2.99,1
CHEMBL245482,Cc1cccc(CN(Cc2ccccn2)[C@H]2CCNC2)c1C,IC50,8.0,8.1,295.43,3.06,1
CHEMBL236475,CNCc1cc(C#CCCN2CCOCC2)ccc1Oc1ccc(Cl)cc1,Ki,1.2,8.92,384.91,3.93,1
CHEMBL270099,COC(=O)c1ccccc1S[C@@H](c1ccccc1)[C@@H]1CNCCO1,Ki,498.0,6.3,343.45,3.3,1
CHEMBL232879,COC(=O)C1=C(c2cccc([N+](=O)[O-])c2)CCCC1,Ki,28700.0,4.54,261.28,3.1,0
CHEMBL396754,CCOC(=O)C1=C(c2cccc([N+](=O)[O-])c2)CCNC1,Ki,3000.0,5.52,276.29,1.9,0
CHEMBL243141,CCOC(=O)C1=C(c2ccc(Cl)c(Cl)c2)CCNC1,Ki,217.0,6.66,300.18,3.3,1
CHEMBL236783,CSc1ccc(C2CN(C)Cc3cc(Oc4cncc(CN5CCCCC5)c4)ccc32)cc1,Ki,8.3,8.08,459.66,6.16,1
CHEMBL400629,CSc1ccc(C2CN(C)Cc3cc(Oc4cccc(CN5CCCCC5)c4)ccc32)cc1,Ki,17.7,7.75,458.67,6.76,1
CHEMBL249134,CN(C)CC1CC1c1ccc2cc(C#N)ccc2c1,IC50,13.0,7.89,250.34,3.38,1
CHEMBL248932,CN(C)CC1CC1c1ccc2ccc(C#N)cc2c1,IC50,83.0,7.08,250.34,3.38,1
CHEMBL250764,CCN(C)CC1CC1c1ccc2ccccc2c1,IC50,310.0,6.51,239.36,3.9,1
CHEMBL249123,CCN(CC)CC1CC1c1cccc2cc(C#N)ccc12,IC50,67.0,7.17,278.4,4.16,1
CHEMBL411262,FCCCOc1ccccc1S[C@@H](c1ccccc1)[C@@H]1CNCCO1,Ki,121.0,6.92,361.48,4.25,1
CHEMBL475945,CNCC[C@@H](c1cccc(F)c1)N1C(=O)C2(CCCCC2)c2ccccc21,IC50,1150.0,5.94,366.48,4.73,0
CHEMBL467323,CNC[C@@H](O)[C@H](c1cccc(F)c1)N(C)c1ccccc1,IC50,112.0,6.95,288.37,2.58,1
CHEMBL467324,CNC[C@@H](O)[C@H](c1ccc(Cl)cc1)N(C)c1ccccc1,IC50,167.0,6.78,304.82,3.1,1
CHEMBL467123,CNC[C@@H](O)[C@H](c1ccc(OC)cc1)N(C)c1ccccc1,IC50,55.0,7.26,300.4,2.45,1
CHEMBL448897,CN(c1ccccc1)[C@@H](c1cccc(F)c1)[C@H](O)CN,IC50,439.0,6.36,274.34,2.32,1
CHEMBL509228,CNC[C@@H](O)[C@@H](c1ccccc1)N(C)c1ccccc1,IC50,416.0,6.38,270.38,2.44,1
CHEMBL403078,CNCc1cnc(C)cc1Oc1ccc(Cl)cc1OC,IC50,4.0,8.4,292.77,3.56,1
CHEMBL471855,CC(C)CN(Cc1ccc2ccccc2c1)[C@@H]1CCNC1,IC50,5.0,8.3,282.43,3.66,1
CHEMBL512130,c1ccc2cc(CN(C3CCC3)C3CCNCC3)ccc2c1,IC50,2.0,8.7,294.44,3.95,1
CHEMBL503234,c1ccc2cc(CCN3CCNCC3)ccc2c1,IC50,88.0,7.06,240.35,2.29,1
CHEMBL3775405,Cc1cccc(C)c1N1CCN(CCCN2CCC(Cc3ccccc3)CC2)CC1,IC50,2000.0,5.7,405.63,4.77,0
CHEMBL3774732,COc1ccccc1N1CCN(CCCN2CCC(Cc3ccccc3)CC2)CC1,IC50,1760.0,5.75,407.6,4.16,0
CHEMBL447733,CN(C)Cc1ccccc1Oc1ccc(F)c(F)c1,IC50,34.4,7.46,263.29,3.82,1
CHEMBL487188,CNCc1cc(OC)c(OC)cc1Oc1ccc(Cl)c(Cl)c1,IC50,14.1,7.85,342.22,4.52,1
CHEMBL448461,CNCc1cc(F)ccc1Oc1ccc(Cl)c(F)c1,IC50,19.3,7.71,283.7,4.13,1
CHEMBL472388,CNCc1cc(C(F)(F)F)ccc1Oc1ccc(C)cc1,IC50,74.7,7.13,295.3,4.53,1
CHEMBL455184,CNCc1ccc(Cl)cc1Oc1ccc(F)c(C)c1,IC50,31.2,7.51,279.74,4.3,1
CHEMBL511827,CNCC[C@H](c1ccccc1)n1c(=O)n(-c2ccccc2F)c2cccc(F)c21,IC50,483.0,6.32,393.44,4.27,1
CHEMBL406156,NCC(=O)NCC1CC1(C(=O)C1NCCc2ccccc21)c1ccccc1,IC50,150.0,6.82,363.46,1.48,1
CHEMBL1169524,CCN(CC)C(=O)[C@@]1(c2ccccc2)C[C@H]1CNC(=O)CN,IC50,2200.0,5.66,303.41,0.89,0
CHEMBL260439,C=CCN(CC)C(=O)C1(c2ccccc2)CC1CN,IC50,280.0,6.55,258.37,1.94,1
CHEMBL2347175,CCN(CCCc1c[nH]c2ccc(F)cc12)S(C)(=O)=O,Ki,12.0,7.92,298.38,2.52,1
CHEMBL2347168,NCCSCCc1c[nH]c2ccc(F)cc12,Ki,2.3,8.64,238.33,2.54,1
CHEMBL2347165,Fc1ccc2[nH]cc(CCCNCc3ccccc3)c2c1,Ki,53.0,7.28,282.36,4.03,1
CHEMBL2333609,CN1CCC(COCc2cc(C(F)(F)F)cc(C3(F)CC3)n2)(c2ccccc2)CC1,IC50,56.0,7.25,422.47,5.24,1
CHEMBL2333604,CN1CCC(COCc2cc(C(F)(F)F)cc(C3CC3)n2)(c2ccccc2)CC1,IC50,6.8,8.17,404.48,5.16,1
CHEMBL2333633,CC(C)c1cc(C(F)(F)F)cc(COCC2(c3ccc(F)cc3)CCN(C)CC2)n1,IC50,12.0,7.92,424.48,5.54,1
CHEMBL2333643,CN1CCC(COCc2cc(C(F)(F)F)cc(Cl)n2)(c2ccc(F)cc2)CC1,IC50,4.3,8.37,416.85,5.07,1
CHEMBL246955,CSc1ccc(C2CN(C)Cc3cc(OCCCN4CCOCC4)ccc32)cc1,Ki,3.8,8.42,412.6,4.09,1
CHEMBL395368,CSc1ccc(C2CN(C)Cc3cc(OCCCN4CCC(F)CC4)ccc32)cc1,Ki,4.2,8.38,428.62,5.19,1
CHEMBL246331,COc1ccc(C2CN(C)Cc3cc(OCCCN4CCC(F)CC4)ccc32)cc1Cl,Ki,5.7,8.24,446.99,5.13,1
CHEMBL3215626,Cc1cccc(N2CCN(CC(O)CNC(=O)c3nc(C)n(-c4ccccc4Cl)c3C)CC2)c1C.Cl.Cl.Cl,IC50,5.0,8.3,605.44,3.67,1
CHEMBL3216497,CCCc1nc(C(=O)NCC(O)CN2CCN(c3cccc(Cl)c3Cl)CC2)cn1-c1ccc(Cl)cc1.Cl.Cl.Cl.Cl.Cl,IC50,1276.0,5.89,733.22,4.7,0
CHEMBL3216957,Cc1c(Cl)cccc1N1CCN(CC(O)CNC(=O)c2nc(C)n(-c3ccc4c(c3)OCCO4)c2C)CC1.Cl.Cl.Cl,IC50,9.1,8.04,649.45,3.14,1
CHEMBL3215847,Cc1cccc(N2CCN(CC(O)CNC(=O)c3nc(C)n(-c4ccc5c(c4)OCCO5)c3C)CC2)c1C.Cl.Cl,IC50,12.6,7.9,592.57,2.79,1
CHEMBL3215851,CCCc1nc(C(=O)NCC(O)CN2CCN(c3cccc(C)c3C)CC2)c(C)n1-c1ccc2c(c1)OCCO2.Cl.Cl,IC50,9.3,8.03,620.62,3.43,1
CHEMBL183470,CN(C)Cc1ccccc1Oc1ccc(I)cc1CO,Ki,0.12,9.92,383.23,3.64,1
CHEMBL205025,O=C(O)C(=O)O.O[C@@H](CCN1CCC(CCOC(c2ccc(F)cc2)c2ccc(F)cc2)CC1)c1ccccc1,Ki,22.0,7.66,555.62,6.3,1
CHEMBL383745,O=C(O)C(=O)O.O[C@@H](CCN1CCC(CCOC(c2ccccc2)c2ccccc2)CC1)c1ccccc1,Ki,230.0,6.64,519.64,6.02,1
CHEMBL204060,O=C(O)C(=O)O.O[C@H](CCN1CCC(CCOC(c2ccccc2)c2ccccc2)CC1)c1ccccc1,Ki,280.0,6.55,519.64,6.02,1
CHEMBL3085023,NCCN1[C@@H]2CC[C@H]1C[C@@H](NC(c1ccc(F)cc1)c1ccc(F)cc1)C2,Ki,10900.0,4.96,371.48,3.6,0
CHEMBL3085031,O=C(CCN1[C@@H]2CC[C@H]1C[C@@H](NC(c1ccc(F)cc1)c1ccc(F)cc1)C2)Nc1ccccc1,Ki,608.0,6.22,475.58,5.67,1
CHEMBL3085027,Fc1ccc(C(N[C@H]2C[C@H]3CC[C@@H](C2)N3)c2ccc(F)cc2)cc1,Ki,4150.0,5.38,328.41,3.93,0
CHEMBL411263,FCCOc1ccccc1S[C@@H](c1ccccc1)[C@@H]1CNCCO1,Ki,733.0,6.13,347.46,3.86,1
CHEMBL2407325,CC(=O)C(c1ccc(Cl)c(Cl)c1)C1CCNCC1.Cl,IC50,21.0,7.68,322.66,3.67,1
CHEMBL201976,CCCC(C(=O)c1ccc(-c2ccco2)cc1)N1CCCC1,IC50,2180.0,5.66,297.4,4.39,0
CHEMBL3960919,Oc1ccccc1CCCNCc1ccccc1F,Ki,14000.0,4.85,259.32,3.25,0
CHEMBL184713,O=C1O[C@]2(CC[C@@H](N3CCC(Cc4cc(F)ccc4F)CC3)CC2)c2ccc3c(c21)OCO3,IC50,250.0,6.6,455.5,4.96,1
CHEMBL3673136,Clc1ccc(C23CCN(Cc4cc(-c5ccc6ncnn6c5)ccc42)C3)cc1Cl,IC50,5.6,8.25,421.33,5.21,1
CHEMBL3128178,O=C(Nc1ccc(C[C@@H]2CC[C@H]([C@H](O)c3cccnc3)N2)cc1)[C@@H]1CCc2scnc21,IC50,420.0,6.38,434.57,3.6,1
CHEMBL2112976,COc1cc2c(cc1OC)C1=NO[C@@H](CN3CCN(Cc4ccc5ccccc5c4)CC3)[C@@H]1CN2,Ki,1.5,8.82,472.59,3.82,1
CHEMBL318138,COC(=O)[C@H]1C(c2ccc3ccccc3c2)CC2CCC1N2C,IC50,5.95,8.22,309.41,3.58,1
CHEMBL246388,Cc1ccc(Oc2ccc(F)cc2CN(C)C)c(N)c1,Ki,8.0,8.1,274.34,3.57,1
CHEMBL595744,O=C1NCCc2cc(F)c3c(c21)CC(NCCCc1c[nH]c2ccc(F)cc12)CO3,Ki,27.0,7.57,411.45,3.26,1
CHEMBL592953,CCCN(CCCc1c[nH]c2ccc(F)cc12)C1COc2ccc3c(c2C1)C(=O)NCC3,Ki,61.0,7.21,435.54,4.24,1
CHEMBL2432051,COc1cc(CN[C@H]2C3C4CC5C6C4CC3C6C52)cc(OC)c1OC,Ki,712.0,6.15,341.45,2.95,1
CHEMBL4278945,FC(F)(F)c1ccc(N2CCN(CCCCOc3ccc4ccccc4c3)CC2)cc1,IC50,680.0,6.17,428.5,5.84,1
CHEMBL6467,CSc1ccc(CC(C)N)cc1,Ki,450.0,6.35,181.3,2.3,1
CHEMBL1079264,O=C(c1cccc(Cl)c1Cl)N(c1ccccc1)[C@H]1CCNC1,Ki,3.0,8.52,335.23,4.0,1
CHEMBL1077647,CC(C)CN(C(=O)c1cc(Cl)ccc1Cl)[C@H]1CCNC1,Ki,54.0,7.27,315.24,3.45,1
CHEMBL18772,c1ccc2nc(N3CCNCC3)ccc2c1,Ki,30.0,7.52,213.28,1.64,1
CHEMBL185169,COC(=O)C1=C(c2ccc3ccccc3c2)CC2CCC1O2,IC50,700.0,6.16,294.35,3.72,1
CHEMBL1083427,Fc1cccc(C(Cc2ccccc2OC(F)(F)F)N2CCNCC2)c1,Ki,16.0,7.8,368.37,3.91,1
CHEMBL1241641,Cc1ccc2c(N3CCN(CCc4cccc5c4OCc4nc(C(F)(F)F)cn4-5)CC3)cccc2n1,Ki,31.62,7.5,493.53,5.0,1
CHEMBL1241737,CO/N=C(\C)c1ncn2c1COc1c(CCN3CCN(c4cccc5nc(C)ccc45)CC3)cccc1-2,Ki,39.81,7.4,496.62,4.36,1
CHEMBL1241998,Cc1ccc2c(N3CCN(CCc4cccc5c4OCc4c(C(=O)NC(C)C)ncn4-5)CC3)cccc2n1,Ki,7.943,8.1,510.64,4.12,1
CHEMBL513618,CCNCC1(O)Cc2ccccc2C1Oc1ccccc1C,IC50,5700.0,5.24,297.4,3.01,0
CHEMBL510915,CNC[C@]1(O)Cc2ccccc2[C@@H]1Oc1ccccc1-c1cccc2ccccc12,IC50,10.0,8.0,395.5,5.13,1
CHEMBL415244,CNCCC(Oc1cccc2ccccc12)c1ccc(OC)cc1,Ki,3.5,8.46,321.42,4.58,1
CHEMBL4857597,O=C1CCc2cc(CCCCN3CCN(c4ccccn4)CC3)ccc2N1,Ki,1143.0,5.94,364.49,3.11,0
CHEMBL139168,CNCCC(Oc1cccc2ccccc12)c1ccc(Br)cc1,Ki,4.1,8.39,370.29,5.33,1
CHEMBL607430,COC(=O)C1C2CC[C@H](C[C@@H]1OC(c1ccc(F)cc1)c1ccc(F)cc1)N2C,IC50,5500.0,5.26,401.45,4.1,0
CHEMBL1172928,C[C@@H]1NC(C)(C)CO[C@@]1(O)c1cccc(Cl)c1,IC50,387.0,6.41,255.74,2.27,1
CHEMBL1765600,CCCN1[C@@H](C)[C@](O)(c2cccc(Cl)c2)OCC1(C)C,IC50,2900.0,5.54,297.83,3.39,0
CHEMBL715,Cc1cc2c(s1)Nc1ccccc1N=C2N1CCN(C)CC1,Ki,549.0,6.26,312.44,3.44,1
CHEMBL6966,COc1ccc(CCN(C)CCCC(C#N)(c2ccc(OC)c(OC)c2)C(C)C)cc1OC,IC50,240.0,6.62,454.61,5.09,1
CHEMBL3323093,CN1Cc2ccccc2C(c2cccc3occc23)C1,IC50,29.0,7.54,263.34,4.01,1
CHEMBL185025,COc1ccc(F)c(CC2CCN([C@H]3CC[C@]4(CC3)OC(=O)c3c5c(ccc34)OCO5)CC2)c1,IC50,400.0,6.4,467.54,4.83,1
CHEMBL404364,CCCN(CC)C(=O)C1(c2ccccc2)CC1CN,IC50,1700.0,5.77,260.38,2.16,0
CHEMBL256408,CCN(CC)C(=O)C1(c2ccccc2)CC1CNCc1ncco1,IC50,1600.0,5.8,327.43,2.59,0
CHEMBL257264,CN(C)C[C@H]1CCCC[C@]1(OCCO)c1cccc(O)c1,IC50,1503.0,5.82,293.41,2.35,0
CHEMBL245130,COc1ccc(C2CN(C)Cc3cc(OCCCN4CCN(C5CC5)CC4)ccc32)cc1,Ki,18.0,7.75,435.61,3.82,1
CHEMBL3706925,C[C@H]1CN(c2cccc3cc(C#N)ccc23)CCN1CC[C@H]1OCc2cc(C(N)=O)ccc21,Ki,1.3,8.89,440.55,3.98,1
CHEMBL3706924,C[C@H]1CN(c2cccc3cc(F)ccc23)CCN1CC[C@H]1OCc2cc(C(N)=O)ccc21,Ki,8.8,8.06,433.53,4.25,1
CHEMBL246953,CN1Cc2cc(OCCCN3CCC(F)CC3)ccc2C(c2ccc(SC(F)(F)F)cc2)C1,Ki,34.0,7.47,482.59,6.08,1
CHEMBL246749,Cc1ccc(C2CN(C)Cc3cc(OCCCN4CCC(F)CC4)ccc32)cc1,Ki,13.0,7.89,396.55,4.78,1
CHEMBL246333,CN1Cc2cc(OCCCN3CCC(F)CC3)ccc2C(c2ccccc2Cl)C1,Ki,18.0,7.75,416.97,5.12,1
CHEMBL481526,CCOc1ccc(Oc2ccccc2CN(C)C)cc1,IC50,30.0,7.52,271.36,3.94,1
CHEMBL479411,CNCc1cc(NS(C)(=O)=O)ccc1Sc1ccc(SC)cc1,IC50,10.0,8.0,368.55,3.65,1
CHEMBL481124,CN(C)Cc1ccccc1Oc1ccc(CC2CC2)cc1,IC50,660.0,6.18,281.4,4.49,1
CHEMBL493040,CNCc1ccccc1Cc1ccc(Cl)c(Cl)c1,IC50,30.0,7.52,280.2,4.3,1
CHEMBL461095,CN(C)C[C@@H](c1cccc(Cl)c1)C1(O)CCCCC1,IC50,405.0,6.39,281.83,3.68,1
CHEMBL316862,CN(C)CC(c1ccccc1Cl)C1(O)CCCCC1,IC50,177.0,6.75,281.83,3.68,1
CHEMBL461705,Cl.Cl.OC1(C(CN2CCNCC2)c2cccc(Cl)c2)CCCCC1,IC50,4962.0,5.3,395.8,3.02,0
CHEMBL393669,c1cc([C@@H]2CN3CCC[C@@H]3c3cc(OCCCN4CCCCC4)ccc32)ccn1,Ki,66.0,7.18,391.56,4.62,1
CHEMBL246913,c1cn(-c2ccc([C@@H]3CN4CCC[C@@H]4c4cc(OCCCN5CCOCC5)ccc43)cc2)cn1,Ki,16.7,7.78,458.61,4.26,1
CHEMBL2206523,CN1Cc2ccccc2C(c2ccc(Cl)cc2)C1,Ki,25.0,7.6,257.76,3.92,1
CHEMBL2206521,COc1ccc2c(c1)C(c1ccccc1)CN(C)C2,Ki,1570.0,5.8,253.34,3.27,0
CHEMBL2171418,Cl.Clc1ccc(OC(c2ccc3ccccc3c2)C2CNC2)cc1Cl,IC50,35.0,7.46,394.73,5.49,1
CHEMBL478,Clc1cccc(N2CCNCC2)c1,Ki,271.0,6.57,196.68,1.75,1
CHEMBL2338052,Fc1cc(F)c(F)c(O[C@@H](c2ccccc2)[C@H]2CCNC2)c1F,IC50,79.43,7.1,325.3,3.97,1
CHEMBL2338050,Fc1ccc(F)c(O[C@H](c2ccccc2)[C@H]2CCNC2)c1Cl,IC50,5.012,8.3,323.77,4.35,1
CHEMBL1201203,CN1[C@@H]2CC[C@H]1C[C@@H](OC(c1ccccc1)c1ccccc1)C2,IC50,24100.0,4.62,307.44,4.42,0
CHEMBL141681,CNCCC(Oc1cccc2ccccc12)c1ccccc1,Ki,2.4,8.62,291.39,4.57,1
CHEMBL268258,COc1cccc2c1CCC[C@H]2CN(C)CCc1ccc2ccoc2c1,Ki,4.0,8.4,349.47,5.04,1
CHEMBL180470,C/C(=C\c1ccccc1)CN1CCN(C[C@@H]2ON=C3c4ccc(O)cc4OC[C@H]32)CC1,Ki,3.6,8.44,419.53,3.22,1
CHEMBL176261,C/C(=C\c1ccccc1)CN1CCN(C[C@@H]2ON=C3c4ccc(OCCN(C)C)cc4OC[C@H]32)CC1,Ki,3.5,8.46,490.65,3.46,1
CHEMBL176116,CC(=O)Oc1ccc2c(c1)OC[C@@H]1C2=NO[C@H]1CN1CCN(C/C(C)=C/c2ccccc2)CC1,Ki,7.7,8.11,461.56,3.44,1
CHEMBL2112969,COc1cc2c(cc1OC)C1=NO[C@@H](CN3CCN(CCOc4ccc(F)cc4)CC3)[C@@H]1CN2,Ki,154.0,6.81,470.55,2.68,1
CHEMBL196514,C[C@H]1Oc2c(cccc2N2CCN(CCCc3c[nH]c4ccc(F)cc34)CC2)NC1=O,Ki,0.2512,9.6,422.5,3.78,1
CHEMBL273575,CN1Cc2c(N)cccc2C(c2ccccc2)C1,Ki,1930.0,5.71,238.33,2.85,0
CHEMBL612,C[C@H](N)Cc1ccccc1,IC50,16595.87,4.78,135.21,1.58,0
CHEMBL3819082,Cl.Fc1ccc2c(c1)CC(CCN1CCc3ccccc3C1)C2,Ki,163.0,6.79,331.86,3.99,1
CHEMBL3818128,Cl.Fc1ccc(CCCCN2CCc3ccccc3C2)cc1,Ki,4284.0,5.37,319.85,4.21,0
CHEMBL369378,C/C(=C\c1ccccc1)CN1CCN(C[C@@H]2ON=C3c4ccc(OC5CCCC5)cc4OC[C@H]32)CC1,Ki,56.0,7.25,487.64,4.84,1
CHEMBL561999,COc1ccc([C@@H](C)N[C@@H]2CC[C@@H](C(=O)N3CCC(C(=O)N4CCCC4)(c4ccccc4)CC3)C(C)(C)C2)cc1,IC50,17.0,7.77,545.77,5.72,1
CHEMBL522065,CCc1ccccc1O[C@H]1c2ccccc2CO[C@@H]1CNC,IC50,3000.0,5.52,297.4,3.49,0
CHEMBL499461,COc1ccc(C2=NN(CCCCCNCC[C@@H](Oc3ccc(C(F)(F)F)cc3)c3ccccc3)C(=O)C3CC=CCC23)cc1OC,IC50,173.0,6.76,649.75,7.82,1
CHEMBL560536,c1ccc(CN(c2ccc3[nH]ccc3c2)C2CCCNC2)cc1,Ki,6.31,8.2,305.43,3.93,1
CHEMBL206404,CNC(=O)c1cccc2c1[C@@H](NC)CC[C@H]2c1ccc(Cl)c(Cl)c1,IC50,31.0,7.51,363.29,4.54,1
CHEMBL1271929,CSc1nc(C)cc(C(=O)NCCCN2CCN(c3cccc(C)c3C)CC2)n1.Cl,IC50,394.0,6.41,450.05,3.07,1
CHEMBL1271816,Cc1nc(C(=O)NCCCN2CCN(c3cccc(C)c3C)CC2)cc(C(C)(C)C)n1.Cl,IC50,730.0,6.14,460.07,3.64,1
CHEMBL563852,FC(F)(F)Oc1ccccc1OC(c1cccnc1)C1CCNCC1,IC50,95.0,7.02,352.36,4.1,1
CHEMBL550696,Clc1cccc(OC(c2cccnc2)C2CCNCC2)c1,IC50,3.0,8.52,302.8,3.85,1
CHEMBL629,CN(C)CCC=C1c2ccccc2CCc2ccccc21,Ki,141.0,6.85,277.41,4.17,1
CHEMBL562691,Cc1ccnc(C(Oc2cccc(Cl)c2Cl)C2CCNCC2)c1,IC50,8.0,8.1,351.28,4.82,1
CHEMBL550779,Clc1cccc(OC(c2ccncc2)C2CCNCC2)c1Cl,IC50,8.0,8.1,337.25,4.51,1
CHEMBL556888,Clc1ccc(OC(c2ccncc2)C2CCNCC2)c(Cl)c1,IC50,7.0,8.15,337.25,4.51,1
CHEMBL563495,Clc1cccc(OC(c2ccccn2)[C@H]2CCNC2)c1Cl,IC50,36.0,7.44,323.22,4.12,1
CHEMBL150932,c1ccc(C(Oc2cccc3ccccc23)C2CCNCC2)cc1,IC50,15.0,7.82,317.43,4.96,1
CHEMBL1112,O=C1CCc2ccc(OCCCCN3CCN(c4cccc(Cl)c4Cl)CC3)cc2N1,Ki,240.0,6.62,448.39,4.86,1
CHEMBL219649,CCCC(c1ccc(Cl)c(Cl)c1)C1CCCCN1,IC50,180.0,6.75,286.25,5.02,1
CHEMBL247670,COc1ccc(C2CNCc3cc(OCC4CCN(C(C)C)CC4)ncc32)cc1,Ki,93.0,7.03,395.55,3.82,1
CHEMBL247267,CCN(CC)CCCOc1cc2c(cn1)C(c1ccc(OC)cc1)CN(C)C2,Ki,66.0,7.18,383.54,3.78,1
CHEMBL214237,c1ccc(CC(c2ccccc2)N2CCNCC2)cc1,IC50,14.0,7.85,266.39,2.88,1
CHEMBL142158,CN(C)Cc1ccccc1Sc1cc(F)c(Cl)cc1N,Ki,650.0,6.19,310.83,4.27,1
CHEMBL98889,COc1cc2c(cc1OC)C1=NO[C@@H](CN3CCN(C/C(C)=C/c4cccnc4)CC3)[C@@H]1CO2,Ki,63.0,7.2,464.57,2.93,1
CHEMBL2205827,COc1ccc(CN2C3C4C5CC6C7C5C3C7C2(O)C64)cc1OC,Ki,4421.0,5.35,325.41,1.96,0
CHEMBL132955,OC1(c2ccc(Cl)cc2)c2cc(Cl)c(Cl)cc2C2=NCCN21,IC50,444.0,6.35,353.64,3.92,1
CHEMBL258062,CNCc1cc(C(=O)N(C)C)ccc1Oc1ccc(Cl)cc1Cl,IC50,11.0,7.96,353.25,4.21,1
CHEMBL407815,CNCc1ccccc1Oc1ccc(Cl)cc1F,IC50,73.0,7.14,265.71,3.99,1
CHEMBL133043,COc1ccc(C2(O)c3ccccc3C3=NCCCN32)cc1,Ki,55.9,7.25,294.35,2.35,1
CHEMBL260037,CCOc1cc(Cl)ccc1Oc1ccncc1CNC,IC50,24.0,7.62,292.77,3.65,1
CHEMBL3663914,CN1Cc2cc(CN3CCOCC3)ccc2C(c2cc3ccccc3s2)C1,Ki,3.3,8.48,378.54,4.31,1
CHEMBL402027,C=C(F)CN(C)C(=O)[C@@]1(c2ccsc2)C[C@H]1CN,IC50,60.0,7.22,268.36,1.91,1
CHEMBL257603,C=CCN(C)C(=O)[C@@]1(c2ccsc2)C[C@H]1CN,IC50,60.0,7.22,250.37,1.61,1
CHEMBL257602,C=CCN(CC)C(=O)[C@@]1(c2ccsc2)C[C@H]1CN,IC50,140.0,6.85,264.39,2.0,1
CHEMBL256135,CNCc1cnccc1Oc1ccc(Cl)cc1Br,IC50,23.0,7.64,327.61,4.01,1
CHEMBL405017,CSc1ccccc1Oc1cc(C)ncc1CN(C)C,Ki,384.0,6.42,288.42,3.97,1
CHEMBL900,Cc1ccccc1C(OCCN(C)C)c1ccccc1,Ki,243.0,6.61,269.39,3.66,1
CHEMBL3215630,Cc1nc(C(=O)NCCCN2CCN(c3cccc(Cl)c3Cl)CC2)c(C)n1-c1ccc2c(c1)OCCO2.Cl.Cl.Cl.Cl,IC50,9.17,8.04,690.33,4.51,1
CHEMBL3217176,Cc1cccc(N2CCN(CCCNC(=O)c3nc(C)n(-c4ccccc4)c3C)CC2)c1C.Cl.Cl,IC50,6.0,8.22,518.53,4.05,1
CHEMBL455448,CNCC1(O)Cc2ccccc2C1Oc1ccccc1C,IC50,700.0,6.16,283.37,2.62,1
CHEMBL512202,COC(=O)[C@H]1[C@@H](c2ccc(OC)cc2)C[C@H]2CC[C@H]1N2C.Cl,Ki,4.3,8.37,325.84,2.43,1
CHEMBL457866,COc1ccc([C@H]2C[C@H]3CC[C@H]([C@H]2C(=O)OCCc2ccc([N+](=O)[O-])cc2)N3C)cc1.Cl,Ki,2.9,8.54,460.96,3.96,1
CHEMBL2012102,COC(=O)[C@@H]1C2CCC(C[C@H]1c1ccc(-c3cccn3C)cc1)O2,IC50,395.0,6.4,325.41,3.52,1
CHEMBL2012106,COC(=O)[C@@H]1C2CCC(C[C@H]1c1cccc(-c3ccco3)c1)O2,IC50,77.0,7.11,312.37,3.77,1
CHEMBL2012108,COC(=O)[C@@H]1C2CCC(C[C@@H]1c1cccc(-c3cccn3C)c1)O2,IC50,142.0,6.85,325.41,3.52,1
CHEMBL493369,CN(CCc1ccc(OC(F)(F)F)cc1)CCN1CCCC1,Ki,7105.0,5.15,316.37,3.16,0
CHEMBL1224303,CN(C)CCC(c1ccc(Cl)c(Cl)c1)n1ncnn1,IC50,279.0,6.55,300.19,2.52,1
CHEMBL1224383,CNCC[C@@H](c1ccc(Cl)c(Cl)c1)n1nnc(-n2nccn2)n1,IC50,660.0,6.18,353.22,1.76,1
CHEMBL1224163,O=C(c1ccc2[nH]ccc2c1)C1(Cc2ccccc2)CCCCNC1,Ki,79.43,7.1,332.45,4.35,1
CHEMBL260863,C=CCN(CC#CC)C(=O)[C@@]1(c2ccc3c(c2)OCO3)C[C@H]1CN,IC50,64.0,7.19,326.4,1.67,1
CHEMBL410054,C=CCN(CC#CC)C(=O)[C@@]1(c2ccc3c(c2)CCO3)C[C@H]1CN,IC50,210.0,6.68,324.42,1.88,1
CHEMBL402286,CNCc1cc(C(=O)N2CCCN(C3CC3)CC2)ccc1Oc1ccc(SC(F)(F)F)cc1,Ki,95.0,7.02,479.57,5.12,1
CHEMBL273157,CNCc1cc(C(=O)N2CCN(C(C)C)CC2)ccc1Oc1ccc(SC)c(C)c1,Ki,8.1,8.09,427.61,4.39,1
CHEMBL257434,CNCc1cc(C(=O)N2CCCN(C3CC3)CC2)ccc1Oc1ccc(SC)cc1,Ki,2.9,8.54,425.6,4.23,1
CHEMBL468212,Fc1ccc(C(OCCN2CCN(C[C@H](F)Cc3ccccc3)CC2)c2ccc(F)cc2)cc1,Ki,540.0,6.27,468.56,5.27,1
CHEMBL602323,COCC[C@]1(c2ccc(Cl)c(Cl)c2)[C@@H]2CNC[C@@H]21.Cl,Ki,0.3162,9.5,322.66,3.12,1
CHEMBL2021582,CCOC[C@]1(c2ccc(Cl)c(Cl)c2)[C@@H]2CCC[C@@H]21,Ki,0.5012,9.3,285.21,4.7,1
CHEMBL596796,Cc1coc([C@H]2[C@@H]3CNC[C@@]32c2ccc(Cl)c(Cl)c2)n1,Ki,1.0,9.0,309.2,3.54,1
CHEMBL596989,Clc1ccc([C@@]23CNC[C@@H]2[C@H]3COC2CCCC2)cc1Cl,Ki,7.943,8.1,326.27,4.04,1
CHEMBL264678,CCN(CC)C(=O)[C@@]1(c2ccc3c(c2)OCCO3)C[C@H]1CN,IC50,140.0,6.85,304.39,1.54,1
CHEMBL264430,NC[C@@H]1C[C@@]1(C(=O)N1CCc2ccccc2C1)c1ccc2c(c1)OCO2,IC50,26.0,7.58,350.42,2.22,1
CHEMBL516094,CN(C)C(=O)N(Cc1ccccc1-c1ccccc1)[C@H]1CCNC1,Ki,5010.0,5.3,323.44,3.2,0
CHEMBL2407332,COC[C@H](c1ccc(Cl)c(Cl)c1)C1CCNCC1.Cl,IC50,130.0,6.89,324.68,3.72,1
CHEMBL509446,Cc1ccccc1O[C@H]1c2ccccc2C[C@@]1(O)CN,IC50,3000.0,5.52,269.34,2.36,0
CHEMBL446321,CNC[C@]1(O)Cc2ccccc2[C@@H]1Oc1ccccc1Cl,IC50,700.0,6.16,303.79,2.97,1
CHEMBL462384,CNC[C@]1(O)Cc2ccccc2[C@@H]1Oc1ccccc1SC,IC50,500.0,6.3,315.44,3.04,1
CHEMBL461143,CNC[C@]1(O)Cc2ccccc2[C@@H]1Oc1cccc(C)c1C,IC50,50.0,7.3,297.4,2.93,1
CHEMBL516507,CNC[C@]1(O)Cc2ccccc2[C@@H]1Oc1cc(F)ccc1C,IC50,200.0,6.7,301.36,2.76,1
CHEMBL514937,CNC[C@]1(O)Cc2ccccc2[C@@H]1Oc1cccc(O)c1C,IC50,100.0,7.0,299.37,2.33,1
CHEMBL454770,CNC[C@]1(O)Cc2ccccc2[C@@H]1Oc1ccc(O)cc1C,IC50,14.0,7.85,299.37,2.33,1
CHEMBL567944,CC(=O)N(Cc1ccc2ccccc2c1)C1CCNCC1,IC50,4.5,8.35,282.39,2.94,1
CHEMBL567712,O=C(c1ccc2ccccc2c1)N(C1CCCC1)[C@@H]1CCNC1,IC50,12.0,7.92,308.43,3.59,1
CHEMBL571536,CCN(C(=O)c1ccc(Cl)c(Cl)c1C)[C@@H]1CCNC1,IC50,10.0,8.0,301.22,3.13,1
CHEMBL568350,CS(=O)(=O)N(Cc1ccc2ccccc2c1)C1CCNCC1,IC50,3.5,8.46,318.44,2.35,1
CHEMBL516088,COc1c(OCCF)cccc1C(=O)C1CCN(CCc2ccc(F)cc2)CC1,Ki,3087.0,5.51,403.47,4.32,0
CHEMBL14305,COC(=O)C1C(c2ccc(/C=C\Br)cc2)CC2CCC1N2C,Ki,0.08,10.1,364.28,3.79,1
CHEMBL404345,CCN(C(=O)C1(c2ccccc2)CC1CN)C1CCCCC1,IC50,7500.0,5.12,300.45,3.08,0
CHEMBL432022,CNC[C@H]1C2CCC(C2)[C@@H]1c1ccc2cc(F)ccc2c1,Ki,4.4,8.36,283.39,4.33,1
CHEMBL395022,COc1ccc(C2CN(C)Cc3cc(OCCCN4CCN(c5ccc(C#N)cc5)CC4)ccc32)cc1,Ki,8.0,8.1,496.66,4.74,1
CHEMBL236784,CSc1ccc(C2CN(C)Cc3cc(Oc4cc(CN5CCCCC5)ccn4)ccc32)cc1,Ki,2.4,8.62,459.66,6.16,1
CHEMBL236605,CSc1ccc(C2CN(C)Cc3cccc(Oc4cccc(CN5CCCCC5)c4)c32)cc1,Ki,616.0,6.21,458.67,6.76,1
CHEMBL453062,CN[C@@H]1Cc2ccccc2[C@H](Oc2ccccc2C)C1,IC50,3000.0,5.52,267.37,3.65,0
CHEMBL520736,CN[C@@H]1Cc2ccccc2[C@@H](Oc2ccccc2C)C1,IC50,3300.0,5.48,267.37,3.65,0
CHEMBL520201,Cc1ccccc1O[C@H]1C[C@H](N(C)C)c2ccccc21,IC50,150.0,6.82,267.37,4.12,1
CHEMBL486044,CN[C@H]1C[C@H](Oc2ccccc2C)c2ccccc21,IC50,370.0,6.43,253.34,3.78,1
CHEMBL487869,COc1ccccc1O[C@H]1C[C@@H](N(C)C)c2ccccc21,IC50,3500.0,5.46,283.37,3.82,0
CHEMBL487691,COc1ccc(O[C@H]2C[C@@H](N(C)C)c3ccccc32)cc1,IC50,130.0,6.89,283.37,3.82,1
CHEMBL487690,CN(C)[C@@H]1C[C@H](Oc2ccc(Cl)cc2)c2ccccc21,IC50,50.0,7.3,287.79,4.47,1
CHEMBL1645608,Fc1cccc(Cl)c1Oc1cccc(F)c1OC1CCNCC1,Ki,2040.0,5.69,339.77,4.54,0
CHEMBL497679,CNC[C@@H]1OCc2ccccc2[C@@H]1Oc1cccc(Cl)c1C,IC50,100.0,7.0,317.82,3.89,1
CHEMBL448375,CNC[C@@H]1OCc2ccccc2[C@@H]1Oc1ccccc1Cl,IC50,1800.0,5.75,303.79,3.58,0
CHEMBL526306,CNC[C@H]1Cc2ccccc2[C@@H]1Oc1cccc2ccccc12,IC50,90.0,7.05,303.4,4.35,1
CHEMBL466187,FCCc1ccccc1O[C@@H](c1ccccc1)[C@@H]1CNCCO1,Ki,430.0,6.37,315.39,3.31,1
CHEMBL359025,CC(C)N[C@@H]1C[C@@H](c2ccc(Cl)c(Cl)c2)c2ccccc21,Ki,93.0,7.03,320.26,5.57,1
CHEMBL1643511,CNC1CCN(c2ccc(Cl)c(Cl)c2)c2ccccc21,IC50,20.0,7.7,307.22,4.8,1
CHEMBL1643519,CN(C)[C@H]1Cc2ccccc2N(c2ccc(Cl)c(Cl)c2)C1,IC50,5558.0,5.25,321.25,4.62,0
CHEMBL1683883,CN(C)CC1(c2ccc(Cl)c(Cl)c2)CCC1,IC50,898.0,6.05,258.19,3.98,1
CHEMBL1684052,CC(N)C1(c2ccc(OC(C)(C)C)cc2)CCCCC1,IC50,7100.0,5.15,275.44,4.41,0
CHEMBL1684042,CC(N)C1(c2ccc(Cl)c(Cl)c2)CCCCC1,IC50,820.0,6.09,272.22,4.54,1
CHEMBL3818946,Cl.O=c1c(-c2nnn[nH]2)cccn1C[C@@H]1CNCCO[C@H]1c1ccc(Cl)c(F)c1,IC50,730.0,6.14,441.29,1.8,1
CHEMBL1683881,NCC1(c2ccc(Cl)c(Cl)c2)CCCCCC1,IC50,637.0,6.2,272.22,4.54,1
CHEMBL1643516,CN(C)C1Cc2ccccc2N(c2ccc(Cl)c(Cl)c2)C1,IC50,436.0,6.36,321.25,4.62,1
CHEMBL1642893,N[C@H]1Cc2ccccc2[C@@H](c2ccc(Cl)c(Cl)c2)C1,IC50,108.0,6.97,292.21,4.4,1
CHEMBL1642904,NC[C@H]1Cc2ccccc2[C@H](c2ccc(Cl)c(Cl)c2)C1,IC50,1.0,9.0,306.24,4.65,1
CHEMBL1642909,CNC[C@H]1Cc2ccccc2[C@@H](c2ccc(Cl)c(Cl)c2)C1,IC50,16.0,7.8,320.26,4.91,1
CHEMBL1642912,NCC[C@@H]1Cc2ccccc2[C@H](c2ccc(Cl)c(Cl)c2)C1,IC50,1.0,9.0,320.26,5.04,1
CHEMBL1642917,CN[C@H]1CCc2ccccc2[C@H]1c1ccc(Cl)c(Cl)c1,IC50,2827.0,5.55,306.24,4.66,0
CHEMBL190703,C=Cc1ccc(Sc2ccccc2CN(C)C)c(N)c1,Ki,1.12,8.95,284.43,4.12,1
CHEMBL1683901,CNCC1(c2ccc3ccccc3c2)CCCCC1,IC50,34.0,7.47,253.39,4.26,1
CHEMBL2112352,Cc1cc2c(OC[C@@H](O)CN3CC[C@@H](c4cccc5occc45)C[C@@H]3C)cccc2[nH]1,Ki,7.18,8.14,418.54,5.23,1
CHEMBL2380971,CN(C)C[C@H]1CCC[C@H]1c1ccc2[nH]cc(C#N)c2c1,IC50,18.0,7.75,267.38,3.48,1
CHEMBL512044,CNC[C@]1(O)Cc2ccccc2[C@@H]1Oc1ccc(C)cc1C,IC50,5.0,8.3,297.4,2.93,1
CHEMBL484059,O=C1COc2ccc(CCN3CCN(c4cccc5nc(-c6ccccc6)ccc45)CC3)cc2N1,Ki,0.1585,9.8,464.57,4.6,1
CHEMBL223166,COc1ccccc1O[C@@H](c1ccccc1)[C@@H]1CNCCO1,Ki,185.0,6.73,299.37,2.8,1
CHEMBL562244,c1ccc(-c2ccccc2OC(c2cccnc2)C2CCNCC2)cc1,IC50,109.0,6.96,344.46,4.87,1
CHEMBL556268,Cc1ccc(C(Oc2cccc(Cl)c2Cl)C2CCNCC2)nc1,IC50,16.0,7.8,351.28,4.82,1
CHEMBL488049,Cc1ccccc1O[C@@H]1C[C@@H](N(C)C)Cc2ccccc21,IC50,700.0,6.16,281.4,3.99,1
CHEMBL486236,CCN(CC)[C@@H]1C[C@H](Oc2ccccc2C)c2ccccc21,IC50,3000.0,5.52,295.43,4.9,0
CHEMBL562000,COc1ccc([C@@H](C)N[C@@H]2CC[C@@H](C(=O)N3CCC(C(=O)N(C)C)(c4ccccc4)CC3)C(C)(C)C2)cc1,IC50,38.0,7.42,519.73,5.19,1
CHEMBL549851,COc1ccc([C@@H](C)N[C@@H]2CC[C@@H](C(=O)N3CCC(c4ccccc4)(c4ccccc4)CC3)C(C)(C)C2)cc1,IC50,15.0,7.82,524.75,7.15,1
CHEMBL404258,COc1cc(Cl)ccc1Oc1ccccc1CN(C)C,IC50,6.0,8.22,291.78,4.2,1
CHEMBL402057,CN(C)Cc1ccccc1Oc1ccc(Cl)cc1Cl,IC50,4.0,8.4,296.2,4.85,1
CHEMBL348708,COc1cccc2c1O[C@@H](CN1C3C=C(c4cccc5cccnc45)CC1CC3)CO2,IC50,109.0,6.96,414.5,4.7,1
CHEMBL482293,CN(C)Cc1cc(S(N)(=O)=O)ccc1Sc1cccc(C(F)(F)F)c1,IC50,30.0,7.52,390.45,3.57,1
CHEMBL453493,CN(C)Cc1ccccc1C(=O)c1ccc(Cl)c(Cl)c1,IC50,50.0,7.3,308.21,4.29,1
CHEMBL1241639,Cc1ccc2c(N3CCN(CCc4cccc5c4OCc4nnnn4-5)CC3)cccc2n1,Ki,50.12,7.3,427.51,2.78,1
CHEMBL1813473,Clc1ccc([C@]23CCCC[C@@H]2CNC3)cc1Cl,IC50,1905.46,5.72,270.2,4.02,0
CHEMBL1080215,Cc1[nH]c(-c2ccccc2)cc1C(=O)NCCCN1CCN(c2cccc(Cl)c2)CC1,IC50,92.0,7.04,436.99,4.59,1
CHEMBL1087896,Cc1cccc(N2CCN(CCCNC(=O)c3cc(-c4ccccc4)n(CC4CCCCC4)c3C)CC2)c1C,IC50,352.0,6.45,526.77,6.6,1
CHEMBL583750,Fc1cccc(C2CCNCC2)c1OCc1ccccc1,Ki,2970.0,5.53,285.36,3.87,0
CHEMBL589179,Cc1ccc(Oc2ccc(OCCCCF)cc2CN(C)C)c(N)c1,Ki,12.0,7.92,346.45,4.56,1
CHEMBL2206507,Cc1ccc2c(c1)CN(C)CC2c1cccc(Cl)c1,Ki,338.0,6.47,271.79,4.23,1
CHEMBL2206527,Cc1cc(C2CN(C)Cc3ccccc32)ccc1F,Ki,118.0,6.93,255.34,3.71,1
CHEMBL525238,CCc1ccccc1O[C@H]1c2ccccc2OC[C@H]1CNC,IC50,4600.0,5.34,297.4,3.6,0
CHEMBL524798,Cc1ccccc1O[C@H]1c2ccccc2CO[C@H]1CN,IC50,4000.0,5.4,269.34,2.97,0
CHEMBL582928,c1ccc(COc2ccccc2N2CCNCC2)cc1,Ki,1140.0,5.94,268.36,2.68,0
CHEMBL567725,Cc1c(C(=O)N(C(C)C)[C@@H]2CCNC2)ccc(Cl)c1Cl,IC50,7.0,8.15,315.24,3.51,1
CHEMBL471036,c1ccc2cc(COC3CCNCC3)ccc2c1,IC50,5.9,8.23,241.33,3.11,1
CHEMBL577497,CC(=O)N(Cc1ccc2ccccc2c1)[C@@H]1CCNC1,IC50,5.2,8.28,268.36,2.55,1
CHEMBL365812,C=CCNCc1ccccc1Sc1ccc(C)cc1N,Ki,80.9,7.09,284.43,4.0,1
CHEMBL471519,CNCC[C@H](c1ccccc1)n1c(=O)n(-c2ccccc2)c2ccccc21,IC50,2995.0,5.52,357.46,3.99,0
CHEMBL514193,CCCn1c(=O)n([C@@H](CCNC)c2ccccc2)c2ccccc21,IC50,166.0,6.78,323.44,3.41,1
CHEMBL175853,COCC(=O)Oc1ccc2c(c1)OC[C@@H]1C2=NO[C@H]1CN1CCN(C/C(C)=C/c2ccccc2)CC1,Ki,5.7,8.24,491.59,3.07,1
CHEMBL95218,COc1cc2c(cc1OC)C1=NO[C@@H](CN3CCN(C/C=C/c4cccc(F)c4)CC3)[C@@H]1CO2,Ki,2.5,8.6,467.54,3.29,1
CHEMBL488060,CNCc1cc(F)ccc1Oc1ccc(Cl)c(Cl)c1,IC50,3.28,8.48,300.16,4.64,1
CHEMBL488261,CNCc1ccc(Cl)cc1Oc1ccc(Cl)c(Cl)c1,IC50,6.22,8.21,316.62,5.16,1
CHEMBL500329,CNCc1ccc(OC)cc1Oc1ccc(Cl)c(Cl)c1,IC50,8.72,8.06,312.2,4.51,1
CHEMBL447864,CNCc1ccc(Cl)cc1Oc1ccc(C)cc1,IC50,17.0,7.77,261.75,4.16,1
CHEMBL453880,CNCc1ccc(Cl)cc1Oc1ccc(F)c(C(F)(F)F)c1,IC50,9.71,8.01,333.71,5.01,1
CHEMBL42,CN1CCN(C2=Nc3cc(Cl)ccc3Nc3ccccc32)CC1,IC50,546.0,6.26,326.83,3.72,1
CHEMBL2207488,CCCN1CCC(c2coc3ccccc23)CC1,Ki,827.0,6.08,243.35,4.02,1
CHEMBL360328,C[C@H]1CNCCc2ccc(Cl)cc21,Ki,2606.0,5.58,195.69,2.59,0
CHEMBL87567,COC(=O)C1C(c2ccc3ccccc3c2)CC2CCC1N2C,IC50,2.19,8.66,309.41,3.58,1
CHEMBL198019,CN(C)C[C@H]1C[C@@H]1c1c[nH]c2ccc(F)cc12,Ki,2.1,8.68,232.3,2.97,1
CHEMBL194909,CN(C)C[C@H]1C[C@@H]1c1c[nH]c2cccc(F)c12,Ki,59.0,7.23,232.3,2.97,1
CHEMBL147950,CN(C)[C@H]1C[C@@H](c2ccc(Cl)c(Cl)c2)c2ccccc21,Ki,2.4,8.62,306.24,5.13,1
CHEMBL182288,Oc1nc2cc3c(cc2c2c1[C@@H](N1CCN(Cc4ccccc4I)CC1)CCC2)OCO3,IC50,23.0,7.64,543.41,4.47,1
CHEMBL462401,CNC[C@@]1(O)Cc2ccccc2[C@H]1Oc1ccccc1C,IC50,5500.0,5.26,283.37,2.62,0
CHEMBL509373,Cc1ccccc1OC1c2ccccc2CC1(O)CN,IC50,4000.0,5.4,269.34,2.36,0
CHEMBL502379,CCc1ccccc1O[C@H]1c2ccccc2C[C@@]1(O)CNC,IC50,800.0,6.1,297.4,2.88,1
CHEMBL439389,c1cc([C@@H]2CN3CCC[C@@H]3c3cc(OCCCN4CCOCC4)ccc32)cs1,Ki,5.0,8.3,398.57,4.13,1
CHEMBL466293,CNC[C@@H](O)[C@H](c1ccccc1)N(C)c1ccc(F)cc1,IC50,33.0,7.48,288.37,2.58,1
CHEMBL404572,CNCc1cc(C(=O)N2CCCN(C3CC3)CC2)ccc1Oc1ccc(C#N)cc1,Ki,94.0,7.03,404.51,3.38,1
CHEMBL601503,CC1(CCc2c[nH]c3ccc(C#N)cc23)CCCCN1,IC50,17.0,7.77,267.38,3.5,1
CHEMBL461571,Cc1c(C(=O)c2ccc(Cl)cc2)c2ccc(OC(F)(F)F)cc2n1Cc1cccc(O[C@H](C)C(=O)O)c1,IC50,970.0,6.01,531.91,6.63,1
CHEMBL498687,CCc1ccccc1O[C@H]1c2ccccc2CO[C@H]1CNC,IC50,4500.0,5.35,297.4,3.49,0
CHEMBL14144,CN1C2CCC1C(C(=O)Oc1ccccc1)C(c1ccc(Cl)cc1)C2,Ki,390.0,6.41,355.87,4.51,1
CHEMBL84680,COC(=O)C1=C(c2ccc3ccccc3c2)CC2CCC1N2C,IC50,109.0,6.96,307.39,3.63,1
CHEMBL402345,CNCc1cc(C(=O)N(C)C)ccc1Oc1ccc(Cl)cc1OC,IC50,7.0,8.15,348.83,3.56,1
CHEMBL488912,CNCc1ccccc1Oc1ccc(Cl)c(Cl)c1,IC50,4.02,8.4,282.17,4.51,1
CHEMBL453879,CNCc1ccc(Cl)cc1Oc1ccc(F)c(Cl)c1,IC50,25.4,7.59,300.16,4.64,1
CHEMBL1224490,CC(C)CC1(C(=O)c2cc(F)c3[nH]ccc3c2)CCNC1,Ki,1.0,9.0,288.37,3.52,1
CHEMBL1224239,CC(C)(C)CCC1(C(=O)c2ccc3ccccc3n2)CCNC1,Ki,1.995,8.7,310.44,4.22,1
CHEMBL101899,CN(C)CC(c1cccc(Cl)c1)C1(O)CCCCC1,IC50,292.0,6.54,281.83,3.68,1
CHEMBL246748,CN1Cc2cc(OCCCN3CCC(F)CC3)ccc2C(c2ccc(C#N)cc2)C1,Ki,16.0,7.8,407.53,4.34,1
CHEMBL1224160,O=C(c1ccc2[nH]ccc2c1)C1(Cc2ccccc2)CCCN1,Ki,1258.93,5.9,304.39,3.72,0
CHEMBL1224024,CCCC1(C(=O)c2ccc(Cl)c(Cl)c2)CCCN1,Ki,2.512,8.6,286.2,4.1,1
CHEMBL2031877,C[C@H]1CCCN1C(=O)c1ccc(-c2ccc3c(c2)CCN(CCN2CCCC2)C3=O)cc1,Ki,390.0,6.41,431.58,4.07,1
CHEMBL574629,Fc1ccc(COc2ccc(Cl)cc2C2CCNCC2)cc1,Ki,40.0,7.4,319.81,4.53,1
CHEMBL3216741,Cc1cccc(N2CCN(CCCNC(=O)c3nc(C)n(-c4ccccc4F)c3C)CC2)c1C.Cl.Cl,IC50,6.9,8.16,536.52,4.19,1
CHEMBL213673,NC(=O)c1ccc(F)c2c1CC(N(CCCCc1c[nH]c3ccc(F)cc13)C1CCC1)CO2,IC50,300.0,6.52,453.53,4.73,1
CHEMBL210348,CCN(CCc1c[nH]c2ccc(F)cc12)C1COc2c(F)ccc(C(N)=O)c2C1,IC50,883.0,6.05,399.44,3.41,1
CHEMBL214009,CCCN(CCCc1c[nH]c2ccc(F)cc12)[C@@H]1COc2c(F)ccc(C(N)=O)c2C1,IC50,59.9,7.22,427.5,4.19,1
CHEMBL378418,Brc1ccccc1CC(c1ccccc1)N1CCNCC1,IC50,15.0,7.82,345.28,3.64,1
CHEMBL1813489,Clc1ccc(C[C@@]23CCCC[C@@H]2CNC3)cc1Cl,IC50,48.98,7.31,284.23,4.32,1
CHEMBL451071,C#C[C@H]1[C@@H](c2ccc(C)cc2)C[C@@H]2CC[C@H]1N2C.Cl,Ki,54.0,7.27,275.82,3.19,1
CHEMBL489186,CSc1ccc(Oc2ccncc2CN(C)C)cc1C,IC50,8.0,8.1,288.42,3.97,1
CHEMBL491595,CNCc1cc(NS(C)(=O)=O)ccc1Oc1ccc(SC)cc1,IC50,12.0,7.92,352.48,3.29,1
CHEMBL491400,CSc1ccc(Oc2ccc(NS(C)(=O)=O)cc2CN(C)C)cc1C,IC50,60.0,7.22,380.54,3.94,1
CHEMBL3704756,CCOc1ccc(C2(CC(C)CCNCCCC(N)=O)CCC2)cc1,Ki,5.49,8.26,346.52,3.78,1
CHEMBL258291,CCCc1ccccc1Oc1cc(C)ncc1CN(C)C,Ki,2820.0,5.55,284.4,4.2,0
CHEMBL401651,CNCc1cnc(C)cc1Oc1ccccc1C(C)C,Ki,1980.0,5.7,270.38,4.03,0
CHEMBL109517,CN(C)C[C@@H]1C2CCC(C2)[C@H]1c1ccc2ccccc2c1,IC50,20.0,7.7,279.43,4.53,1
CHEMBL234927,CN(C)C1CC=C(c2c[nH]c3ccc(F)cc23)CC1,IC50,14.0,7.85,258.34,3.8,1
CHEMBL396537,CN(C)C1CC=C(c2c[nH]c3ccc([N+](=O)[O-])cc23)CC1,IC50,1.0,9.0,285.35,3.57,1
CHEMBL390432,CN(C)C1CC=C(c2c[nH]c3ccc(C#N)cc23)CC1,IC50,1.6,8.8,265.36,3.54,1
CHEMBL257481,CNCc1cc(C(=O)NC)ccc1Oc1ccc(Cl)cc1OC,IC50,13.0,7.89,334.8,3.22,1
CHEMBL401878,CNCc1cc(C#N)ccc1Oc1ccc(Cl)cc1OC,IC50,5.0,8.3,302.76,3.73,1
CHEMBL256816,CNCc1ccccc1Oc1ccc(Cl)cc1Cl,IC50,56.0,7.25,282.17,4.51,1
CHEMBL402851,CN(C)Cc1ccccc1Oc1ccccc1Cl,IC50,282.0,6.55,261.75,4.19,1
CHEMBL101596,COc1cc2c(cc1OC)C1=NO[C@@H](CN3CCN(C/C(C)=C/c4ccsc4)CC3)[C@@H]1CO2,Ki,1.9,8.72,469.61,3.6,1
CHEMBL568538,O=C1Cc2c(ccc3c2OC[C@H](CNCCC2CCc4[nH]c5ccc(F)cc5c4C2)O3)N1,Ki,21.0,7.68,435.5,3.73,1
CHEMBL1508,CN(C)CCC[C@@]1(c2ccc(F)cc2)OCc2cc(C#N)ccc21,Ki,1.0,9.0,324.4,3.81,1
CHEMBL2347694,CN1CCCC[C@](COCc2cc(C(F)(F)F)cc(C(F)(F)F)c2)(c2ccccc2)C1,IC50,860.0,6.07,445.45,6.29,1
CHEMBL2347691,FC(F)(F)c1cc(COC[C@@]2(c3ccccc3)CCCN(Cc3ccccc3)CC2)cc(C(F)(F)F)c1,IC50,570.0,6.24,521.55,7.86,1
CHEMBL192824,Cc1cc(N)c(Sc2ccccc2CN(C)C)cc1F,Ki,179.3,6.75,290.41,3.93,1
CHEMBL425010,CCCNCc1ccccc1Sc1ccc(C)cc1N,Ki,2177.0,5.66,286.44,4.23,0
CHEMBL574126,O=C1C(Cc2ccccc2N2CCNCC2)SCCN1c1ccc(Cl)c(Cl)c1,Ki,81.0,7.09,436.41,4.09,1
CHEMBL574348,c1ccc(OCc2ccccc2C2CCNCC2)cc1,Ki,364.0,6.44,267.37,3.73,1
CHEMBL517423,CNC[C@]1(O)Cc2ccccc2[C@@H]1Oc1cccc(F)c1C,IC50,36.0,7.44,301.36,2.76,1
CHEMBL1214005,COC(=O)[C@@H]1C2CCC(C[C@@H]1c1ccc(F)cc1)N2C/C=C/CF,Ki,357.4,6.45,335.39,3.46,1
CHEMBL337822,CNCCC(Oc1cccc2ccccc12)c1ccco1,Ki,0.7,9.15,281.36,4.16,1
CHEMBL462585,O=C(OCCCF)C1C2CCC(CC1c1cccc(/C=C\Br)c1)N2,Ki,0.33,9.48,396.3,4.18,1
CHEMBL400964,CN1Cc2c(N)cccc2[C@@H](c2ccccc2)C1,Ki,1550.0,5.81,238.33,2.85,0
CHEMBL207867,Cc1ccc2c(c1C)CN(C)CC2c1ccccc1,Ki,1750.0,5.76,251.37,3.88,0
CHEMBL270411,CNCc1cc(C(=O)N2CCN(C3CC3)CC2)ccc1Oc1cccc(F)c1,Ki,363.0,6.44,383.47,3.26,1
CHEMBL272503,CNCc1cc(C(=O)N2CCCN(C(C)C)CC2)ccc1Oc1ccc(Cl)c(Cl)c1,Ki,14.0,7.85,450.41,5.06,1
CHEMBL468208,FC[C@H](Cc1ccccc1)N1CCN(CCOC(c2ccc(F)cc2)c2ccc(F)cc2)CC1,Ki,110.0,6.96,468.56,5.27,1
CHEMBL466750,O=C(Cc1ccccc1)CN1CCN(CCOC(c2ccccc2)c2ccccc2)CC1,Ki,2500.0,5.6,428.58,4.22,0
CHEMBL467757,C=C(CCN1CCN(CCOC(c2ccccc2)c2ccccc2)CC1)c1ccccc1,Ki,1800.0,5.75,426.6,5.51,0
CHEMBL28149,O[C@@H](Cc1ccccc1)CN1CCN(CCOC(c2ccccc2)c2ccccc2)CC1,Ki,2200.0,5.66,430.59,4.01,0
CHEMBL101986,COC(=O)c1ccccc1-c1ccc(Cl)cc1,IC50,46000.0,4.34,246.69,3.79,0
CHEMBL574544,COC(=O)[C@@H]1C2CCC(C[C@@H]1c1ccc(SC)cc1)N2,Ki,0.19,9.72,291.42,2.81,1
CHEMBL575648,CCCN1C2CCC1[C@@H](C(=O)OC)[C@@H](c1ccc(SCC)cc1)C2,Ki,49.0,7.31,347.52,4.32,1
CHEMBL340301,c1ccc2c(CCCNCCOc3cccc4[nH]ccc34)c[nH]c2c1,IC50,154.0,6.81,333.44,4.25,1
CHEMBL113382,CN(C)Cc1ccccc1Sc1ccc(Cl)cc1CO,Ki,55.0,7.26,307.85,4.05,1
CHEMBL356755,CN(C)C(=O)c1ccccc1Sc1cc(N)c(Cl)cc1[N+](=O)[O-],Ki,15050.0,4.82,351.82,3.68,0
CHEMBL561392,COc1ccc([C@@H](C)N[C@@H]2CC[C@@H](C(=O)N3CCC(c4ccccc4)(N4CCCCC4=O)CC3)C(C)(C)C2)cc1,IC50,11.0,7.96,545.77,6.07,1
CHEMBL585708,CNC[C@H](O)[C@H](c1ccccc1)n1cc(C)c2ccccc21,IC50,251.0,6.6,294.4,3.12,1
CHEMBL2113003,CN(C)CCCc1c[nH]c2ccc(OCc3ccccc3)cc12,IC50,3200.0,5.5,308.43,4.24,0
CHEMBL179767,N#Cc1ccc2[nH]cc(SC[C@@H]3CN4CCC3CC4)c2c1,IC50,2.0,8.7,297.43,3.47,1
CHEMBL183238,CN(C)CCCc1c[nH]c2ccc(O)cc12,IC50,11.0,7.96,218.3,2.37,1
CHEMBL1214488,CCn1c(-c2ccc(Cl)cc2)cc(C(=O)NCCCN2CCN(c3cccc(Cl)c3Cl)CC2)c1C.Cl,IC50,629.0,6.2,570.39,6.39,1
CHEMBL1212957,Cc1c(C(=O)NCCCN2CCN(c3cccc(Cl)c3Cl)CC2)cc(-c2cccnc2)n1C,IC50,7.0,8.15,486.45,4.64,1
CHEMBL1213675,Cc1c(Cl)cccc1N1CCN(CCNC(=O)c2cc(-c3ccccc3)n(C)c2C)CC1,IC50,64.0,7.19,451.01,4.51,1
CHEMBL447825,NCC1CCC(c2ccc(Cl)cc2)O1,Ki,1105.0,5.96,211.69,2.52,0
CHEMBL452928,NCC1CCC(CCc2c(F)c(F)c(F)c(F)c2F)O1,Ki,2126.0,5.67,295.25,2.82,0
CHEMBL459390,COc1ccc(CCC2CCC(CCN)O2)c2ccccc12,Ki,92.0,7.04,299.41,3.68,1
CHEMBL1085831,CNCCCCN1c2ccccc2N(c2ccccc2F)S1(=O)=O,IC50,2042.0,5.69,349.43,3.03,0
CHEMBL1172919,COC[C@@H]1[C@@H]2CCNC[C@]12c1ccc(Cl)c(Cl)c1,Ki,31.62,7.5,286.2,3.12,1
CHEMBL572927,CNC[C@@H](O)[C@H](c1cccc(F)c1)n1ccc2cc(C)ccc21,IC50,48.0,7.32,312.39,3.26,1
CHEMBL579244,CNC[C@@H](O)[C@H](c1cccc(F)c1)n1ccc2cccc(Cl)c21,IC50,48.0,7.32,332.81,3.6,1
CHEMBL577138,CNC[C@@H](O)[C@H](c1cccc(C(F)(F)F)c1)n1ccc2ccccc21,IC50,2184.0,5.66,348.37,3.83,0
CHEMBL3323104,CN1Cc2ccccc2C(c2ccc3[nH]ncc3c2)C1,Ki,180.0,6.75,263.34,3.14,1
CHEMBL3673159,Clc1ccc(C23CCN(CC2)Cc2cc(-c4ccc5ncnn5c4)ccc23)cc1Cl,IC50,8.6,8.07,435.36,5.6,1
CHEMBL3673161,Clc1ccc(C23CCN(CC2)Cc2cc(-c4cccnn4)ccc23)cc1Cl,IC50,3.8,8.42,396.32,5.35,1
CHEMBL3673164,Nc1cnc(-c2ccc3c(c2)CN2CCC3(c3ccc(Cl)c(Cl)c3)CC2)cn1,IC50,5.9,8.23,411.34,4.93,1
CHEMBL504479,COc1ccc(CC(C)(C)NCC(O)COc2ccccc2C#N)cc1,IC50,21.0,7.68,354.45,2.92,1
CHEMBL1643512,N[C@@H]1CCN(c2ccc(Cl)c(Cl)c2)c2ccccc21,IC50,116.0,6.94,293.2,4.54,1
CHEMBL1643514,CN(C)[C@@H]1CCN(c2ccc(Cl)c(Cl)c2)c2ccccc21,IC50,7.0,8.15,321.25,5.14,1
CHEMBL559092,CN(C)C[C@@H]1CCC[C@H]1c1c[nH]c2ccc(C#N)cc12,IC50,58.0,7.24,267.38,3.48,1
CHEMBL395931,Clc1cccc(CN(CC2CC2)[C@@H]2CCNC2)c1Cl,IC50,4.0,8.4,299.25,3.57,1
CHEMBL245492,Fc1cccc(CN(C2CCOCC2)[C@H]2CCNC2)c1C(F)(F)F,IC50,24.0,7.62,346.37,3.19,1
CHEMBL395408,Cc1cccc(CN(C2CCOCC2)[C@@H]2CCNC2)c1C,IC50,43.0,7.37,288.44,2.65,1
CHEMBL3217182,CCc1nc(C(=O)NCCCN2CCN(c3cccc(Cl)c3Cl)CC2)c(C)n1-c1ccccc1.Cl.Cl.Cl.Cl,IC50,28.0,7.55,646.32,4.99,1
CHEMBL562569,O=C(c1ccccc1C1CCCC1)N(CC1CCC1)[C@H]1CCNC1,Ki,802.0,6.1,326.48,3.95,1
CHEMBL4099475,CC(=O)c1cccc(-c2nnnn2CCCN2CCC(Cc3ccccc3)CC2)c1,IC50,540.0,6.27,403.53,3.89,1
CHEMBL3774957,Clc1cccc(N2CCN(CCCN3CCC(Cc4ccccc4)CC3)CC2)c1,IC50,1180.0,5.93,412.02,4.81,0
CHEMBL3216078,CCCc1nc(C(=O)NCCCN2CCN(c3cccc(C)c3C)CC2)cn1-c1ccc(F)cc1.Cl.Cl,IC50,188.0,6.73,550.55,4.52,1
CHEMBL3612835,COc1ccc2cc(C(=O)NCCCN3CCC(Cc4ccccc4)CC3)ccc2c1,IC50,323.0,6.49,416.57,4.92,1
CHEMBL147040,CCN(C)[C@@H]1C[C@@H](c2ccc(Cl)c(Cl)c2)c2ccccc21,Ki,16.0,7.8,320.26,5.52,1
CHEMBL146042,CCCN[C@@H]1C[C@@H](c2ccc(Cl)c(Cl)c2)c2ccccc21,Ki,130.0,6.89,320.26,5.57,1
CHEMBL269966,CNCc1cc(C(=O)N2CCN(C3CC3)CC2)ccc1Oc1ccc(C(F)(F)F)cc1,Ki,37.0,7.43,433.47,4.14,1
CHEMBL256044,CNCc1cc(C(=O)N2CCN(C(C)C)CC2)ccc1Oc1ccc(Cl)cc1,Ki,24.0,7.62,401.94,4.02,1
CHEMBL402590,CNCc1cc(C(=O)N2CCN(C3CCCC3)CC2)ccc1Oc1ccc(Cl)c(Cl)c1,Ki,15.0,7.82,462.42,5.21,1
CHEMBL258153,CNCc1cc(C(=O)N2CCN(C3CCC3)CC2)ccc1Oc1ccc(Cl)c(Cl)c1,Ki,16.0,7.8,448.39,4.82,1
CHEMBL267267,CNCc1cc(C(=O)N2CCCN(C(C)C)CC2)ccc1Oc1ccc(SC)cc1,Ki,5.0,8.3,427.61,4.48,1
CHEMBL272698,CNCc1cc(C(=O)N2CCCN(C3CC3)CC2)ccc1Oc1ccc(Cl)cc1F,Ki,41.0,7.39,431.94,4.3,1
CHEMBL272917,CNCc1cc(C(=O)N2CCCN(C3CC3)CC2)ccc1Oc1ccc(F)c(Cl)c1,Ki,36.0,7.44,431.94,4.3,1
CHEMBL255127,CNCc1cc(C(=O)N2CCCN(C3CC3)CC2)ccc1Oc1ccccc1OC(F)(F)F,Ki,702.0,6.15,463.5,4.41,1
CHEMBL257208,CNCc1cc(C(=O)N2CCCN(C3CC3)CC2)ccc1Oc1cccc(C#N)c1,Ki,122.0,6.91,404.51,3.38,1
CHEMBL592696,Cc1ccc(Sc2cc(F)ccc2CN(C)C)c(N)c1,Ki,13.0,7.89,290.41,3.93,1
CHEMBL1080727,CCn1c(-c2ccccc2)cc(C(=O)NCCCN2CCN(c3cccc(Cl)c3)CC2)c1C,IC50,25.8,7.59,465.04,5.08,1
CHEMBL1086613,CCn1c(-c2ccccc2)cc(C(=O)NCCCN2CCN(c3cccc(C)c3C)CC2)c1C,IC50,35.9,7.45,458.65,5.04,1
CHEMBL1088164,Cc1cccc(N2CCN(CCCNC(=O)c3cc(-c4ccccc4)n(CC(C)C)c3C)CC2)c1C,IC50,350.0,6.46,486.7,5.68,1
CHEMBL1080671,Cc1c(C(=O)NCCCN2CCN(c3cccc(Cl)c3Cl)CC2)cc(-c2ccccc2)n1Cc1ccccc1,IC50,125.0,6.9,561.56,6.76,1
CHEMBL1080672,Cc1c(C(=O)NCCCN2CCN(c3cccc(Cl)c3Cl)CC2)cc(-c2ccccc2)n1CC1CCCCC1,IC50,412.0,6.38,567.61,7.29,1
CHEMBL1224318,CC(C)(C)CCC1(C(=O)c2cnc(N)c(Cl)c2)CCNC1,Ki,31.62,7.5,309.84,3.31,1
CHEMBL237512,CNCc1cc(C#CCCN(C)C2CC2)ccc1Oc1ccc(SC)cc1,Ki,1.1,8.96,380.56,4.76,1
CHEMBL235814,CNCc1cc(C#CCCNC2CC2)ccc1Oc1ccc(Cl)c(Cl)c1,Ki,1.4,8.85,389.33,5.0,1
CHEMBL237317,CNCc1cc(C#CCCN2CCSCC2)ccc1Oc1ccc(SC)cc1,Ki,2.5,8.6,412.62,4.71,1
CHEMBL428024,CNCc1cc(C#CCCN2CCOCC2)ccc1Oc1ccccc1,Ki,30.0,7.52,350.46,3.27,1
CHEMBL391947,CNCc1cc(C#CCCN2CCOCC2)ccc1Oc1ccc(SC)c(C)c1,Ki,1.9,8.72,410.58,4.3,1
CHEMBL235824,COc1ccc([C@@H]2CN(C)Cc3cc(OCCCN4CCC(F)CC4)ccc32)cc1,Ki,2.7,8.57,412.55,4.48,1
CHEMBL1162,C#C[C@]1(O)CC[C@H]2[C@@H]3CCC4=CC(=O)CC[C@@H]4[C@H]3CC[C@@]21C,IC50,4537.0,5.34,298.43,3.49,0
CHEMBL1165775,CSc1ccc(CC(Cc2ccc(SC)cc2)NC=O)cc1,IC50,15700.0,4.8,331.51,4.03,0
CHEMBL574004,Fc1cccc(Oc2cccc(F)c2C2CCNCC2)c1,Ki,1040.0,5.98,289.32,4.22,0
CHEMBL573973,Fc1cccc(Oc2ccccc2N2CCNCC2)c1,Ki,3100.0,5.51,272.32,3.03,0
CHEMBL511288,Cc1ccc(-c2c(C)noc2[C@@H]2C3CCC(C[C@@H]2c2ccc(C)cc2)N3C)cc1.Cl,Ki,1000.0,6.0,423.0,6.0,1
CHEMBL519910,Cc1ccc(Cc2cc([C@@H]3C4CCC(C[C@@H]3c3ccc(Cl)cc3)N4C)on2)cc1.Cl,Ki,42.9,7.37,443.42,5.96,1
CHEMBL520035,CN1C2CCC1[C@@H](c1cc(Cc3ccc(Cl)cc3)no1)[C@@H](c1ccc(Cl)cc1)C2.Cl,Ki,79.0,7.1,463.84,6.31,1
CHEMBL1173354,C[C@@H]1NC(C)(C)CO[C@@]1(O)c1ccc(Cl)cc1,IC50,4600.0,5.34,255.75,2.27,0
CHEMBL457750,CCCN(CCCc1c[nH]c2ccc(F)cc12)C1COc2c(F)ccc(C(=O)NC)c2C1,IC50,24.3,7.61,441.52,4.45,1
CHEMBL469810,N#Cc1ccc2cc(CO[C@H]3CCNC3)ccc2c1,IC50,3.0,8.52,252.32,2.59,1
CHEMBL469811,Fc1ccc2cc(CO[C@@H]3CCNC3)ccc2c1,IC50,4.0,8.4,245.3,2.86,1
CHEMBL512665,CCCCN(C1CCNCC1)S(=O)(=O)c1ccc2ccccc2c1,IC50,14.0,7.85,346.5,3.38,1
CHEMBL469605,CN([C@@H]1CCNC1)S(=O)(=O)c1ccc2ccccc2c1,IC50,138.0,6.86,290.39,1.82,1
CHEMBL469607,CN(Cc1ccc2ccccc2c1)[C@@H]1CCNC1,IC50,119.0,6.92,240.35,2.63,1
CHEMBL275212,COC(=O)C1C(c2ccc(/C=C\I)cc2)CC2CCC1N2C,Ki,0.11,9.96,411.28,3.83,1
CHEMBL573898,Cc1ccc(C2CCNCC2)c(Oc2cccc(F)c2)c1,Ki,2.0,8.7,285.36,4.39,1
CHEMBL14531,COC(=O)C1C2CCC(CC1c1ccc(/C=C\Br)cc1)N2,Ki,0.04,10.4,350.26,3.45,1
CHEMBL124222,O=C1CN(CCOC(c2ccccc2)c2ccccc2)CCN1CCCc1ccccc1,Ki,5900.0,5.23,428.58,4.57,0
CHEMBL575714,Fc1cccc(OCc2ccccc2N2CCNCC2)c1F,Ki,781.0,6.11,304.34,2.95,1
CHEMBL356904,COc1cccc2c1O[C@@H](CN1C3C=C(c4cccc5ccccc45)CC1CC3)CO2,Ki,26.0,7.58,413.52,5.31,1
CHEMBL521341,CN(C)C(=O)c1ccc(F)c2c1CC(N(CCCc1c[nH]c3ccc(F)cc13)C1CCC1)CO2,IC50,218.0,6.66,467.56,4.94,1
CHEMBL484355,CCCN(CCCCn1ccc2cccc(F)c21)C1COc2c(F)ccc(C(N)=O)c2C1,IC50,435.0,6.36,441.52,4.51,1
CHEMBL208773,NC(=O)c1ccc(F)c2c1C[C@@H](N(CCCc1c[nH]c3ccc(F)cc13)C1CCC1)CO2,IC50,18.7,7.73,439.51,4.34,1
CHEMBL484947,CCCNC(=O)c1ccc(F)c2c1CC(N(CCCc1c[nH]c3ccc(F)cc13)C1CCC1)CO2,IC50,32.7,7.49,481.59,5.38,1
CHEMBL484948,CC(C)NC(=O)c1ccc(F)c2c1CC(N(CCCc1c[nH]c3ccc(F)cc13)C1CCC1)CO2,IC50,44.7,7.35,481.59,5.38,1
CHEMBL485385,O=C(NC1CC1)c1ccc(F)c2c1CC(N(CCCc1c[nH]c3ccc(F)cc13)C1CCC1)CO2,IC50,69.6,7.16,479.57,5.13,1
CHEMBL471899,Cc1noc([C@@H]2C3CCC(C[C@@H]2c2ccc(Cl)cc2)N3C)c1-c1ccc(Cl)cc1.Cl,Ki,387.0,6.41,463.84,6.69,1
CHEMBL487873,Cc1ccc(Cc2cc([C@@H]3C4CCC(C[C@@H]3c3ccc(C)cc3)N4C)on2)cc1.Cl,Ki,89.7,7.05,423.0,5.62,1
CHEMBL448953,CN(C)C[C@H](c1cccc(Cl)c1)C1(O)CCCCC1,IC50,155.0,6.81,281.83,3.68,1
CHEMBL395096,COc1ccc(C2CN(C)Cc3cc(OCCCN4CCC(F)(F)CC4)ccc32)cc1,Ki,6.5,8.19,430.54,4.77,1
CHEMBL132683,COC(=O)C1C(c2ccc(O)c(O)c2)CC2CCC1N2C,Ki,271.0,6.57,291.35,1.84,1
CHEMBL130668,Oc1ccc(C2(O)c3ccccc3C3=NCCCN32)cc1,IC50,60.0,7.22,280.33,2.05,1
CHEMBL440584,CNCc1cnc(C)cc1Oc1ccccc1Cl,Ki,88.0,7.06,262.74,3.56,1
CHEMBL258338,CO[C@@]1(c2ccccc2)CCCC[C@H]1CN(C)C,IC50,3880.0,5.41,247.38,3.28,0
CHEMBL513884,O=C(C1CCOCC1)N(Cc1cccc(Cl)c1Cl)[C@H]1CCNC1,IC50,123.0,6.91,357.28,3.11,1
CHEMBL469222,CC(C)CC(=O)N(Cc1ccc(Cl)cc1Cl)[C@H]1CCNC1,IC50,93.0,7.03,329.27,3.73,1
CHEMBL490204,CSc1ccc(Oc2ccc(C)cc2CN(C)C)cc1,IC50,5.0,8.3,287.43,4.57,1
CHEMBL490383,CNCc1cc(NS(C)(=O)=O)ccc1Oc1ccc(SC)c(F)c1,IC50,16.0,7.8,370.47,3.43,1
CHEMBL489562,CN(C)Cc1cc(NS(C)(=O)=O)ccc1Oc1ccc2c(c1)CCS2,IC50,7.0,8.15,378.52,3.56,1
CHEMBL505147,CSc1ccc(Oc2ccc(S(N)(=O)=O)cc2CN(C)C)cc1,IC50,4.0,8.4,352.48,2.91,1
CHEMBL3663912,CN1Cc2cc(-c3cccnn3)ccc2C(c2cc3ccccc3s2)C1,Ki,2.2,8.66,357.48,4.94,1
CHEMBL578419,COC(=O)[C@@H]1C2CCC(C[C@@H]1c1ccc(SC)c(Br)c1)N2C,Ki,0.6,9.22,384.34,3.91,1
CHEMBL574081,COC(=O)[C@@H]1C2CCC(C[C@@H]1c1ccc(OC)cc1)N2C,Ki,4.3,8.37,289.38,2.43,1
CHEMBL210026,Oc1cccc(CC(c2ccccc2)N2CCNCC2)c1,IC50,9.5,8.02,282.39,2.58,1
CHEMBL2338054,Cc1cc(Cl)cc(-c2ccccn2)c1O[C@@H](c1ccccc1)[C@H]1CCNC1,IC50,6.31,8.2,378.9,5.44,1
CHEMBL382741,CC(C)(Cc1ccc2ccccc2c1)NC[C@@H](O)COc1ccccc1C#N,IC50,3.0,8.52,374.48,4.06,1
CHEMBL572163,CC(C)(Cc1ccc2ccccc2c1)NC[C@@H](O)COc1ccc(CCC(=O)O)cc1,IC50,68.0,7.17,421.54,4.21,1
CHEMBL511347,CN1CCN(CC(c2cccc(Cl)c2)C2(O)CCCCC2)CC1.Cl.Cl,IC50,18795.0,4.73,409.83,3.37,0
CHEMBL497846,CNC[C@@H]1OCc2ccccc2[C@@H]1Oc1c(C)cccc1F,IC50,3100.0,5.51,301.36,3.37,0
CHEMBL523574,CNC[C@H]1CSc2ccccc2[C@@H]1Oc1ccccc1C,IC50,3100.0,5.51,299.44,4.06,0
CHEMBL498509,Cc1ccccc1O[C@H]1c2ccccc2OC[C@H]1CN,IC50,3800.0,5.42,269.34,3.08,0
CHEMBL511279,Cc1ccc2c(N3CCN(CCc4cccc5c4OCC(=O)N5CC(F)F)CC3)cccc2n1,Ki,63.1,7.2,466.53,3.9,1
CHEMBL511815,Cc1ccc2c(N3CCN(CCc4cccc5c4OCC(=O)N5C)[C@H](C)C3)cccc2n1,Ki,5.012,8.3,430.55,3.65,1
CHEMBL513875,Cc1ccc2c(N3CCN(CCc4cccc5c4OCC(=O)N5C)[C@H](C)C3)cc(F)cc2n1,Ki,1.995,8.7,448.54,3.79,1
CHEMBL469375,Cc1ccc2c(N3CCN(CCCc4cccc5c4OCC(=O)N5C)CC3)cccc2n1,Ki,0.3981,9.4,430.55,3.65,1
CHEMBL446230,CCN([C@@H]1CCNC1)S(=O)(=O)c1ccc2ccccc2c1,IC50,30.0,7.52,304.42,2.21,1
CHEMBL497492,CNC[C@H]1OCc2ccccc2[C@@H]1Oc1ccccc1SC,IC50,640.0,6.19,315.44,3.65,1
CHEMBL470488,COc1ccc(-c2c(C)noc2[C@@H]2C3CCC(C[C@@H]2c2ccc(Cl)cc2)N3C)cc1.Cl,Ki,1800.0,5.75,459.42,6.05,0
CHEMBL54628,COC(=O)C1C(c2ccc(F)cc2)CC2CCC1N2CCCc1ccccc1,IC50,133.0,6.88,381.49,4.57,1
CHEMBL606244,CN1CCCCC1CCc1c[nH]c2ccc(C#N)cc12,IC50,3.9,8.41,267.38,3.46,1
CHEMBL592776,CCN1CCCCC1CCc1c[nH]c2ccc(C#N)cc12,IC50,4.0,8.4,281.4,3.85,1
CHEMBL605535,CN1CC[C@H](Cc2ccccc2)C[C@@H]1CCc1c[nH]c2ccc(C#N)cc12,IC50,7.6,8.12,357.5,4.93,1
CHEMBL493057,CN(C)Cc1ccccc1Sc1cccc(C(F)(F)F)c1,IC50,40.0,7.4,311.37,4.92,1
CHEMBL493476,CN(C)Cc1ccccc1C(O)c1ccc(Cl)c(Cl)c1,IC50,250.0,6.6,310.22,4.14,1
CHEMBL2113054,CNC(=O)c1ccccc1Sc1ccc(C)cc1[N+](=O)[O-],Ki,1.94,8.71,302.36,3.41,1
CHEMBL490211,O=C1COc2ccc(CCN3CCN(c4nccc5ccccc45)CC3)cc2N1,Ki,0.7943,9.1,388.47,2.93,1
CHEMBL362783,CNCc1ccccc1Sc1ccc(CO)cc1N,Ki,15.11,7.82,274.39,2.63,1
CHEMBL494807,Cc1ccc([C@H]2C[C@@H]3CC[C@H]([C@H]2C#Cc2ccccc2)N3C)cc1.Cl,Ki,730.0,6.14,351.92,4.61,1
CHEMBL449047,C#C[C@H]1[C@@H](c2ccc(Cl)cc2)C[C@@H]2CC[C@H]1N2C.Cl,Ki,18.0,7.75,296.24,3.54,1
CHEMBL494626,CN1[C@H]2CC[C@@H]1[C@@H](C=C(Br)Br)[C@@H](c1ccc(Cl)cc1)C2.Cl,Ki,7.0,8.15,456.05,5.54,1
CHEMBL348552,COC(=O)C1C2CCC(C[C@@H]1c1ccc(I)cc1)CN2C,Ki,0.67,9.17,399.27,3.28,1
CHEMBL338982,Fc1ccc2[nH]cc(CCCNCCOc3cccc4c3OCC4)c2c1,IC50,9.7,8.01,354.43,3.84,1
CHEMBL469233,O=C(c1ccccc1)N(Cc1ccc(Cl)cc1Cl)[C@H]1CCNC1,IC50,195.0,6.71,349.26,4.0,1
CHEMBL224819,COC(=O)[C@@H]1C2CCC(C[C@H]1c1ccc(Br)cc1)N2C,Ki,20.6,7.69,338.24,3.19,1
CHEMBL606809,CN1C2CCC1[C@@H](C(=O)OCCCCCn1ccnn1)[C@@H](c1ccc(Cl)cc1)C2,Ki,20.0,7.7,416.95,3.91,1
CHEMBL567943,CS(=O)(=O)N(Cc1ccc2ccccc2c1)[C@H]1CCNC1,IC50,3.5,8.46,304.42,1.96,1
CHEMBL565639,CC(C)N(C(=O)c1ccc2ccccc2c1)[C@@H]1CCNC1,IC50,15.0,7.82,282.39,3.05,1
CHEMBL577283,CC(C)CN(C(=O)c1ccc2ccccc2c1)[C@@H]1CCNC1,IC50,5.0,8.3,296.41,3.3,1
CHEMBL326713,CNCC[C@H](Oc1cccc2c(O)c(O)ccc12)c1cccs1,Ki,120.0,6.92,329.42,4.04,1
CHEMBL432727,CN1C2CCC1C(C(=O)NCCCCCCNC(=O)C1C(c3ccc(Cl)cc3)CC3CCC1N3C)C(c1ccc(Cl)cc1)C2,IC50,225.0,6.65,639.71,6.62,1
CHEMBL278165,CN(C)Cc1ccccc1Sc1ccc(Br)cc1CO,Ki,0.52,9.28,352.3,4.15,1
CHEMBL2111613,COC(=O)[C@H]1C2CCC(C2)C[C@@H]1c1ccc2ccccc2c1,IC50,807.0,6.09,294.39,4.53,1
CHEMBL435341,C/C=C\c1ccc([C@H]2CC3CCC([C@H]2C(=O)OC)N3C)cc1,IC50,1.15,8.94,299.41,3.46,1
CHEMBL340873,Fc1cc2c(c(OCCNCCc3c[nH]c4ccc(F)cc34)c1)OCCC2,IC50,86.4,7.06,372.42,3.98,1
CHEMBL395609,COc1ccc([C@@H]2CN(C)Cc3cc(OCCCN4CCOC[C@@H]4C)ccc32)cc1,Ki,13.0,7.89,410.56,3.76,1
CHEMBL246127,CCOc1ccc(C2CN(C)Cc3cc(OCCCN4CCC(F)CC4)ccc32)cc1,Ki,4.7,8.33,426.58,4.87,1
CHEMBL1214303,Cc1c(C(=O)NCCN2CCN(c3cccc(Cl)c3Cl)CC2)c(C)n(C)c1-c1ccccc1.Cl,IC50,78.0,7.11,521.92,5.17,1
CHEMBL515936,CCS(=O)(=O)N(Cc1ccccc1-c1ccccc1)[C@H]1CCNC1,Ki,5620.0,5.25,344.48,2.87,0
CHEMBL450435,CC(C)C(=O)N(Cc1ccccc1C1CC1)[C@H]1CCNC1,Ki,124.0,6.91,286.42,2.91,1
CHEMBL476954,CC(C)C(=O)N(Cc1cccc(Cl)c1Cl)[C@H]1CCNC1,IC50,12.0,7.92,315.24,3.34,1
CHEMBL2206535,Cc1ccc(C2CN(C)Cc3cc(C)ccc32)cc1,Ki,121.0,6.92,251.37,3.88,1
CHEMBL2206514,CN1Cc2c(O)cccc2C(c2ccccc2)C1,Ki,2050.0,5.69,239.32,2.97,0
CHEMBL1081036,Cc1c(C(=O)NCCCCN2CCN(c3cccc(Cl)c3Cl)CC2)cc(-c2ccccc2)n1C,IC50,93.0,7.03,499.49,5.64,1
CHEMBL1080711,CCCn1c(-c2ccccc2)cc(C(=O)NCCCCN2CCN(c3cccc(Cl)c3Cl)CC2)c1C,IC50,76.0,7.12,527.54,6.51,1
CHEMBL1084934,CNCCN1Cc2cc(F)ccc2N(c2ccccc2F)S1(=O)=O,IC50,13300.0,4.88,353.39,2.38,0
CHEMBL1083210,CNCCCN1Cc2cc(F)ccc2N(c2ccccc2F)S1(=O)=O,IC50,1500.0,5.82,367.42,2.77,0
CHEMBL589178,Cc1ccc(Oc2ccc(OCCCF)cc2CN(C)C)c(N)c1,Ki,7.0,8.15,332.42,4.17,1
CHEMBL256136,CN(C)Cc1cnccc1Oc1ccc(Cl)cc1Br,IC50,4.0,8.4,341.64,4.35,1
CHEMBL256137,CNCc1cnc(C)cc1Oc1ccc(Cl)cc1C,IC50,6.0,8.22,276.77,3.86,1
CHEMBL428706,COC(=O)C1C2CCC(CC1c1ccc(/C=C\I)cc1)N2,Ki,0.04,10.4,397.26,3.49,1
CHEMBL2112350,Cc1cc2c(OC[C@@H](O)CN3CC[C@@H](c4ccc5ccccc5c4)C[C@@H]3C)cccc2[nH]1,Ki,0.4,9.4,428.58,5.64,1
CHEMBL3353960,Cl.O=C1CNCC2(CC2)CN1c1ccc(Cl)c(Cl)c1,IC50,2200.0,5.66,321.63,2.71,0
CHEMBL419316,COc1cc2c(cc1OC)C1=NO[C@@H](CN3CCN(C/C=C(\C)c4ccccc4)CC3)[C@@H]1CO2,Ki,4.5,8.35,463.58,3.54,1
CHEMBL4128926,CC(C)(C)NS(=O)(=O)c1ccc(-c2sc(C(=O)N[C@H]3C[C@H](C(=O)O)C3)nc2CC2CCCCC2)c2ccccc12,IC50,1.7,8.77,583.78,5.76,1
CHEMBL894,CC(NC(C)(C)C)C(=O)c1cccc(Cl)c1,IC50,47000.0,4.33,239.75,3.3,0
CHEMBL447598,CN[C@@H]1CC[C@H](Oc2ccccc2C)c2ccccc21,IC50,5000.0,5.3,267.37,4.17,0
CHEMBL2112980,COc1cc2c(cc1OC)C1=NO[C@@H](CN3CCN(Cc4ccc5ncccc5c4)CC3)[C@@H]1CN2,Ki,22.0,7.66,473.58,3.21,1
CHEMBL1762476,CNCC[C@@H](Oc1cc(OC)ccc1C#N)c1ccccc1.O=C(O)C(=O)O,IC50,5700.0,5.24,386.4,3.3,0
CHEMBL382554,FC(F)(F)CN(Cc1ccccc1C(F)(F)F)C1CCNCC1.O=C(O)C(O)C(O)C(=O)O,Ki,4.6,8.34,490.4,3.82,1
CHEMBL209094,CC(C)(O)CN(Cc1ccc(F)cc1C(F)(F)F)C1CCNCC1.O=C(O)C(O)C(O)C(=O)O,Ki,4.0,8.4,498.47,3.17,1
CHEMBL207634,CC(C)(C#N)CCN(Cc1ccc(F)cc1C(F)(F)F)C1CCNCC1.O=C(O)C(O)C(O)C(=O)O,Ki,0.7,9.15,521.51,4.34,1
CHEMBL207860,CC(C)CN(Cc1ccc(Cl)cc1Cl)C1CCNCC1.O=C(O)/C=C/C(=O)O,Ki,0.96,9.02,431.36,4.2,1
CHEMBL379699,CC(C)CN(Cc1c(F)cccc1C(F)(F)F)C1CCNCC1.O=C(O)/C=C/C(=O)O,Ki,4.1,8.39,448.46,4.05,1
CHEMBL207914,CC(C)CN(Cc1ccccc1OC(F)(F)F)C1CCNCC1.O=C(O)/C=C/C(=O)O,Ki,2.2,8.66,446.47,3.8,1
CHEMBL208251,CC(C)CN(Cc1ccccc1Cl)C1CCNCC1.O=C(O)/C=C/C(=O)O,Ki,1.6,8.8,396.92,3.55,1
CHEMBL381056,Cc1cccc(CN(CC(C)C)C2CCNCC2)c1.O=C(O)/C=C/C(=O)O,Ki,2.2,8.66,376.5,3.21,1
CHEMBL208067,Cc1ccccc1CN(CC(C)C)C1CCNCC1.O=C(O)/C=C/C(=O)O,Ki,1.5,8.82,376.5,3.21,1
CHEMBL381373,CC(C)CN(Cc1cccc(C(F)(F)F)c1)C1CCNCC1.O=C(O)/C=C/C(=O)O,Ki,0.26,9.59,430.47,3.92,1
CHEMBL3673132,FC(F)Oc1ccc(-c2ccc3c(c2)CN2CCC3(c3ccc(Cl)cc3)C2)nn1,IC50,5.9,8.23,413.86,4.9,1
CHEMBL3673133,Oc1ccc(-c2ccc3c(c2)CN2CCC3(c3ccc(Cl)cc3)C2)nn1,IC50,62.5,7.2,363.85,4.01,1
CHEMBL491799,O=c1ccc(-n2ccc3ccccc32)nn1CCCCN1CCN(c2ccc3c(c2)OCCO3)CC1,Ki,177.0,6.75,485.59,3.56,1
CHEMBL1083426,Fc1ccccc1C(Cc1ccccc1OC(F)(F)F)N1CCNCC1,Ki,34.0,7.47,368.37,3.91,1
CHEMBL1083425,Fc1ccc(C(Cc2ccccc2OC(F)F)N2CCNCC2)cc1,Ki,9.0,8.05,350.38,3.62,1
CHEMBL1812741,CCc1cc([C@H]2[C@@H](c3ccc(C)cc3)C[C@@H]3CC[C@H]2N3C)on1,IC50,2600.0,5.58,310.44,4.28,0
CHEMBL1830884,O=S1(=O)N(CCC2CCCNC2)c2ccccc2N1c1ccccc1,IC50,2983.0,5.53,357.48,3.28,0
CHEMBL1830886,COc1cccc(N2c3ccccc3N(CC[C@@H]3CNCCO3)S2(=O)=O)c1,IC50,749.0,6.13,389.48,2.28,1
CHEMBL1744173,CCN(C)[C@H]1C[C@@H](c2ccc(Cl)c(Cl)c2)c2ccccc21.O=C(O)/C=C\C(=O)O,Ki,72.0,7.14,436.34,5.52,1
CHEMBL419728,Cc1ccc([C@H]2C[C@H]3CCC4C2[C@@](O)(c2ccc(Cl)cc2)CN43)cc1,IC50,13.0,7.89,353.89,4.49,1
CHEMBL141114,CNCCC(Oc1cccc2ccccc12)c1ccc(C)cc1,Ki,2.1,8.68,305.42,4.88,1
CHEMBL3216757,Cc1c(Cl)cccc1N1CCN(CC(O)CNC(=O)c2nc(-c3ccccc3)n(-c3ccccc3)c2C)CC1.Cl.Cl.Cl,IC50,370.0,6.43,653.48,4.72,1
CHEMBL3215852,COc1ccccc1-n1c(C)nc(C(=O)NCC(O)CN2CCN(c3cccc(Cl)c3Cl)CC2)c1C.Cl.Cl.Cl.Cl,IC50,12.2,7.91,678.32,3.72,1
CHEMBL3216506,COc1ccc(-n2c(C)nc(C(=O)NCC(O)CN3CCN(c4cccc(C)c4C)CC3)c2C)cc1.Cl.Cl,IC50,21.6,7.67,564.56,3.03,1
CHEMBL3216293,CCCc1nc(C(=O)NCC(O)CN2CCN(c3cccc(Cl)c3Cl)CC2)c(C)n1-c1ccc(OC)cc1.Cl.Cl.Cl.Cl,IC50,51.8,7.29,706.37,4.36,1
CHEMBL3215846,Cc1c(C(=O)NCC(O)CN2CCN(c3cccc(Cl)c3Cl)CC2)nc(-c2ccccc2)n1-c1ccc(F)cc1.Cl.Cl.Cl.Cl,IC50,195.0,6.71,728.35,5.21,1
CHEMBL3216502,Cc1c(Cl)cccc1N1CCN(CC(O)CNC(=O)c2nc(-c3ccccc3)n(-c3ccc(F)cc3)c2C)CC1.Cl.Cl.Cl,IC50,478.4,6.32,671.47,4.86,1
CHEMBL424496,CC(C)N[C@H]1C[C@@H](c2ccc(Cl)c(Cl)c2)c2ccccc21,Ki,130.0,6.89,320.26,5.57,1
CHEMBL3216093,Cc1c(Cl)cccc1N1CCN(CCCNC(=O)c2nc(C)n(-c3ccccc3Cl)c2C)CC1.Cl.Cl.Cl.Cl,IC50,18.0,7.75,646.32,5.05,1
CHEMBL2112916,C[C@@H](CF)OC(=O)C1C(c2ccc(Cl)cc2)CC2CCC1N2C,Ki,85.0,7.07,339.84,3.81,1
CHEMBL365092,COC(=O)C1=C(c2ccc3ccccc3c2)CC2CCC1S2,IC50,1300.0,5.89,310.42,4.43,0
CHEMBL187211,COC(=O)C1=C(c2ccc(I)cc2)CC2CCC1O2,IC50,4800.0,5.32,370.19,3.17,0
CHEMBL1323615,CN1c2ccccc2Sc2cc(N)ccc21,Ki,10000.0,5.0,228.32,3.5,0
CHEMBL195585,Cc1ccc(Sc2ccccc2CNCCCF)c(N)c1,Ki,518.0,6.29,304.43,4.18,1
CHEMBL507359,CNC[C@]1(O)Cc2ccccc2[C@@H]1Oc1ccccc1C,IC50,184.0,6.74,283.37,2.62,1
CHEMBL506137,CNC[C@]1(O)Cc2ccccc2[C@@H]1Oc1ccc(F)cc1C,IC50,6.0,8.22,301.36,2.76,1
CHEMBL1683886,CN(C)CC1(c2cccc(Cl)c2)CCCCC1,IC50,55.0,7.26,251.8,4.1,1
CHEMBL3703749,Cc1ccc(C2CNCc3cc(-c4cccnn4)ccc32)cc1,IC50,27.9,7.55,301.39,3.69,1
CHEMBL2207495,CCCN1CCC(N2C(=O)C(=O)c3ccccc32)CC1,Ki,23830.0,4.62,272.35,2.09,0
CHEMBL126253,c1ccc2c(OCCNCCCc3c[nH]c4ccccc34)cccc2c1,IC50,2170.0,5.66,344.46,4.92,0
CHEMBL338520,Fc1ccc2[nH]cc(CCCNCCOc3cc(Cl)cc4[nH]cnc34)c2c1,IC50,4.5,8.35,386.86,4.44,1
CHEMBL2337591,Cc1ccccc1O[C@H](c1ccccc1)[C@@H]1CCNC1,IC50,12.59,7.9,267.37,3.72,1
CHEMBL2337590,Cc1ccccc1O[C@@H](c1ccccc1)[C@H]1CCNC1,IC50,63.1,7.2,267.37,3.72,1
CHEMBL2337586,COc1ccccc1O[C@@H](c1ccccc1)[C@H]1CCNC1,IC50,158.49,6.8,283.37,3.42,1
CHEMBL522307,CCOc1ccccc1N1CCN(CCCCn2nc(-n3ccc4ccccc43)ccc2=O)CC1,Ki,639.0,6.19,471.61,4.19,1
CHEMBL2337603,Clc1cccc(O[C@H](c2ccccc2)[C@@H]2CCNC2)c1Cl,IC50,0.7943,9.1,322.24,4.72,1
CHEMBL2337597,Clc1ccc(O[C@H](c2ccccc2)[C@@H]2CCNC2)cc1,IC50,1.259,8.9,287.79,4.07,1
CHEMBL2337594,Clc1cccc(O[C@@H](c2ccccc2)[C@H]2CCNC2)c1,IC50,31.62,7.5,287.79,4.07,1
CHEMBL89469,COC(=O)C1=C(c2ccc(F)cc2)CC2CCC1N2C,IC50,7990.0,5.1,275.32,2.62,0
CHEMBL314887,COC(=O)C1C(c2ccc(F)cc2)CC2[C@@H](O)CC1N2C,IC50,5820.0,5.24,293.34,1.54,0
CHEMBL1084933,CNCCCCN1Cc2ccccc2N(c2ccccc2F)S1(=O)=O,IC50,2000.0,5.7,363.46,3.02,0
CHEMBL1204415,CNCCCC1Cc2cc(F)ccc2N(c2c(F)cccc2F)S1(=O)=O.Cl,IC50,600.0,6.22,420.88,3.5,1
CHEMBL66068,COC(=O)C1C2CCC(CC1c1cccc(I)c1)N2,Ki,1.23,8.91,371.22,2.69,1
CHEMBL1088165,Cc1cccc(N2CCN(CCCNC(=O)c3cc(-c4ccccc4)n(N4CCCCC4)c3C)CC2)c1C,IC50,92.0,7.04,513.73,5.14,1
CHEMBL1087773,Cc1cccc(N2CCN(CCCNC(=O)c3cc(-c4ccccc4)n(-c4ccc(F)cc4)c3C)CC2)c1C,IC50,53.6,7.27,524.68,6.15,1
CHEMBL1086755,CCn1c(-c2ccccc2)cc(C(=O)NCCCN2CCN(c3cccc(Cl)c3Cl)CC2)c1C,IC50,182.0,6.74,499.49,5.73,1
CHEMBL9831,COc1cccc2c1CCCC2CN(C)CCc1ccc2c(c1)OCO2,IC50,21.0,7.68,353.46,4.02,1
CHEMBL380095,NC(=O)c1ccc(F)c2c1CC(N(CCCc1c[nH]c3ccc(F)cc13)C1CCC1)CO2,IC50,25.2,7.6,439.51,4.34,1
CHEMBL484537,NC(=O)c1ccc(F)c2c1CC(N(CCCCn1ccc3cccc(F)c31)CC1CC1)CO2,IC50,138.0,6.86,453.53,4.51,1
CHEMBL99653,CN(C)CC(c1cccc(C(F)(F)F)c1)C1(O)CCCCC1,IC50,534.0,6.27,315.38,4.05,1
CHEMBL518195,CN1CCN(CC(c2ccc(OC(F)(F)F)cc2)C2(O)CCCCC2)CC1.Cl.Cl,IC50,1214.0,5.92,459.38,3.61,0
CHEMBL461707,Cl.Cl.OC1([C@H](CN2CCNCC2)c2cccc(Cl)c2)CCCCC1,IC50,2669.0,5.57,395.8,3.02,0
CHEMBL481696,CNC(=O)c1ccc(Oc2ccc(OC(F)(F)F)cc2)c(CN(C)C)c1,IC50,10.0,8.0,368.36,3.8,1
CHEMBL426959,CC(=O)N1C[C@@H]2C(=NO[C@H]2CN2CCN(CCC/C=C/c3ccccc3)CC2)c2ccccc21,Ki,61.0,7.21,458.61,3.88,1
CHEMBL2112974,COc1cc2c(cc1OC)C1=NO[C@@H](CN3CCN(Cc4ccc(Cl)cc4)CC3)[C@@H]1CN2,Ki,151.0,6.82,456.97,3.32,1
CHEMBL435352,COCCOc1ccc2c(c1)OC[C@@H]1C2=NO[C@H]1CN1CCN(C/C(C)=C/c2ccccc2)CC1,Ki,4.5,8.35,477.61,3.54,1
CHEMBL180322,C=CC(=O)Oc1ccc2c(c1)OC[C@@H]1C2=NO[C@H]1CN1CCN(C/C(C)=C/c2ccccc2)CC1,Ki,41.0,7.39,473.57,3.61,1
CHEMBL521392,Cc1ccccc1O[C@H]1C[C@@H](N(C)C)c2ccccc21,IC50,300.0,6.52,267.37,4.12,1
CHEMBL488222,CN[C@@H]1C[C@H](Oc2ccc(Cl)cc2)c2ccccc21,IC50,320.0,6.5,273.76,4.12,1
CHEMBL488424,N[C@@H]1C[C@H](Oc2ccc(Cl)cc2)c2ccccc21,IC50,9000.0,5.05,259.74,3.86,0
CHEMBL471001,CCN(CC)C(=O)[C@]1(c2ccccc2)C[C@H]1CN,IC50,320.0,6.5,246.35,1.77,1
CHEMBL471211,NC[C@@H]1C[C@@]1(C(=O)N1Cc2ccccc2C1)c1cccs1,IC50,13.0,7.89,298.41,2.51,1
CHEMBL1762473,N#Cc1ccc(Cl)cc1O[C@H](CCN)c1ccccc1.O=C(O)C(=O)O,IC50,2100.0,5.68,376.8,3.68,0
CHEMBL1762481,N#Cc1ccc(C(F)(F)F)nc1O[C@H](CCN)c1ccno1.O=C(O)C(=O)O,IC50,70000.0,4.16,402.29,2.43,0
CHEMBL422290,CSCCSCCC(=O)OC[C@@H]1C2CCC(C[C@@H]1c1ccc(F)cc1)N2C,IC50,28.5,7.54,411.61,4.42,1
CHEMBL477580,CC(C)C(=O)N(Cc1cc(Cl)cc(Cl)c1Cl)[C@H]1CCNC1,IC50,44.0,7.36,349.69,3.99,1
CHEMBL513360,O=C(C1CCC1)N(Cc1ccc(Cl)cc1Cl)[C@H]1CCNC1,IC50,41.0,7.39,327.25,3.48,1
CHEMBL589086,Cc1ccc(Oc2cc(OCCF)ccc2CN(C)C)c(N)c1,Ki,519.0,6.29,318.39,3.78,1
CHEMBL1224317,CC(C)(C)CCC1(C(=O)c2ccc(N)c(Cl)c2)CCNC1,Ki,1.0,9.0,308.85,3.91,1
CHEMBL1224562,O=C(c1ccc2[nH]ccc2c1)C1(Cc2ccccc2)CCNC1,Ki,6.31,8.2,304.39,3.57,1
CHEMBL1224399,Cc1ccc(C(=O)C2(CCC(C)(C)C)CCNC2)cc1Cl,Ki,1.0,9.0,307.86,4.64,1
CHEMBL1224401,CC(C)(C)CCC1(C(=O)c2cc(F)c(Cl)c(Cl)c2)CCNC1,Ki,3.162,8.5,346.27,5.12,1
CHEMBL469165,CC(O)(CCN1CCN(CCOC(c2ccccc2)c2ccccc2)CC1)c1ccccc1,Ki,1800.0,5.75,444.62,4.71,0
CHEMBL512636,CC(O)(CCN1CCN(CCOC(c2ccc(F)cc2)c2ccc(F)cc2)CC1)c1ccccc1,Ki,150.0,6.82,480.6,4.99,1
CHEMBL27907,O=C(CCN1CCN(CCOC(c2ccccc2)c2ccccc2)CC1)c1ccccc1,Ki,1300.0,5.89,428.58,4.68,0
CHEMBL513858,CO[C@@H](Cc1ccccc1)CN1CCN(CCOC(c2ccc(F)cc2)c2ccc(F)cc2)CC1,Ki,220.0,6.66,480.6,4.95,1
CHEMBL26477,O[C@H](CCN1CCN(CCOC(c2ccc(F)cc2)c2ccc(F)cc2)CC1)c1ccccc1,Ki,85.0,7.07,466.57,4.81,1
CHEMBL486043,Cc1ccccc1O[C@H]1C[C@H](N)c2ccccc21,IC50,10000.0,5.0,239.32,3.52,0
CHEMBL486235,CCN[C@@H]1C[C@H](Oc2ccccc2C)c2ccccc21,IC50,8000.0,5.1,267.37,4.17,0
CHEMBL478039,COc1ccccc1N1CCN(CCNC(=O)Cn2nc(-n3ccnc3)ccc2=O)CC1,Ki,3464.0,5.46,437.5,0.38,0
CHEMBL448900,CC(C)CC(=O)N(Cc1cccc(Cl)c1Cl)[C@H]1CCNC1,IC50,17.0,7.77,329.27,3.73,1
CHEMBL512472,O=C(C1CC1)N(Cc1ccc(Cl)cc1Cl)[C@H]1CCNC1,IC50,38.0,7.42,313.23,3.09,1
CHEMBL513139,CC(C)C(=O)N(Cc1ccc(Cl)cc1Cl)[C@H]1CCNC1,IC50,13.0,7.89,315.24,3.34,1
CHEMBL513313,CCCCC(=O)N(Cc1ccc(Cl)cc1Cl)[C@H]1CCNC1,IC50,33.0,7.48,329.27,3.87,1
CHEMBL3217184,COc1ccccc1-n1c(C)nc(C(=O)NCCCN2CCN(c3cccc(Cl)c3Cl)CC2)c1C.Cl.Cl.Cl.Cl,IC50,15.8,7.8,662.32,4.75,1
CHEMBL3215622,COc1ccc(-n2c(-c3ccccc3)nc(C(=O)NCCCN3CCN(c4cccc(Cl)c4Cl)CC3)c2C)cc1.Cl.Cl.Cl.Cl,IC50,76.0,7.12,724.39,6.11,1
CHEMBL3215624,CCCc1nc(C(=O)NCCCN2CCN(c3cccc(Cl)c3Cl)CC2)c(C)n1-c1ccccc1F.Cl.Cl.Cl.Cl,IC50,37.0,7.43,678.34,5.52,1
CHEMBL512967,CCC(=O)N(Cc1ccc(Cl)cc1Cl)[C@H]1CCNC1,IC50,25.0,7.6,301.22,3.09,1
CHEMBL85,Cc1nc2n(c(=O)c1CCN1CCC(c3noc4cc(F)ccc34)CC1)CCCC2,Ki,1400.0,5.85,410.49,3.59,0
CHEMBL514515,CNCC[C@@H](c1ccccc1)N1C(=O)C2(CCCCC2)c2ccccc21,IC50,1750.0,5.76,348.49,4.59,0
CHEMBL425324,C/C(=C\c1ccccc1)CN1CCN(C[C@@H]2ON=C3c4ccc(OC(=O)c5ccncc5)cc4OC[C@H]32)CC1,Ki,13.0,7.89,524.62,4.13,1
CHEMBL598346,Fc1ccccc1Oc1cccc(F)c1C1CCNCC1,Ki,1260.0,5.9,289.32,4.22,0
CHEMBL1644477,Ic1cccc(O[C@@H]2C[C@H]3CC[C@@H](C2)N3)c1,IC50,106.0,6.97,329.18,2.95,1
CHEMBL1644605,N#Cc1cc(O[C@@H]2C[C@H]3CC[C@@H](C2)N3)nc(-c2ccccc2)c1,IC50,208.0,6.68,305.38,3.28,1
CHEMBL1644606,N#Cc1ccc(-c2cccc(O[C@@H]3C[C@H]4CC[C@@H](C3)N4)c2)cc1,IC50,105.0,6.98,304.39,3.89,1
CHEMBL3216302,CCCc1nc(C(=O)NCCCN2CCN(c3cccc(Cl)c3Cl)CC2)c(C)n1-c1ccccc1.Cl.Cl.Cl.Cl,IC50,13.0,7.89,660.35,5.38,1
CHEMBL3217183,Cc1c(C(=O)NCCCN2CCN(c3cccc(Cl)c3Cl)CC2)nc(-c2ccccc2)n1-c1ccccc1.Cl.Cl.Cl.Cl,IC50,106.0,6.97,694.36,6.1,1
CHEMBL519819,[11CH3]Oc1cccc2c1CCN(CCCc1c[nH]c3ccc(I)cc13)C2,Ki,213.0,6.67,445.33,4.77,1
CHEMBL409277,COc1cc(Cl)ccc1O[C@@H](c1ccc(F)cc1)[C@@H]1CNCCO1,Ki,62.0,7.21,351.81,3.6,1
CHEMBL408230,Clc1cccc(O[C@@H](c2ccccc2)[C@@H]2CNCCO2)c1Cl,Ki,100.0,7.0,338.23,4.1,1
CHEMBL411921,c1ccc([C@H](Oc2cccc3c2OCC3)[C@@H]2CNCCO2)cc1,Ki,1800.0,5.75,311.38,2.73,0
CHEMBL264680,Fc1cccc(O[C@@H](c2ccccc2)[C@@H]2CNCCO2)c1F,Ki,3390.0,5.47,305.32,3.07,0
CHEMBL404956,Cc1cc(F)ccc1O[C@H](c1ccccc1)[C@H]1CNCCO1,Ki,34.0,7.47,301.36,3.24,1
CHEMBL260258,COc1cc(F)ccc1O[C@@H](c1ccccc1)[C@@H]1CNCCO1,Ki,740.0,6.13,317.36,2.94,1
CHEMBL472253,C#CCN(CC)C(=O)[C@@]1(c2cccs2)C[C@H]1CN,IC50,81.0,7.09,262.38,1.45,1
CHEMBL520661,NC(=O)c1ccc(F)c2c1CC(N(CCCc1c[nH]c3cc(F)ccc13)C1CCC1)CO2,IC50,899.0,6.05,439.51,4.34,1
CHEMBL520994,CCCN(CCCCn1ccc2ccc(F)cc21)C1COc2c(F)ccc(C(N)=O)c2C1,IC50,776.0,6.11,441.52,4.51,1
CHEMBL1946124,O=C1c2ccc(F)cc2CC1CCN1CCCN(c2ccc(Cl)cc2)CC1,Ki,23.99,7.62,386.9,4.44,1
CHEMBL511466,CN1C2CCC1[C@@H](c1cc(-c3ccc(F)cc3)no1)[C@@H](c1ccc(Cl)cc1)C2.Cl,Ki,660.0,6.18,433.35,5.87,1
CHEMBL125140,COC(=O)C1C2CCC(C[C@@H]1OC(c1ccccc1)c1ccc(C)cc1)N2C,IC50,13200.0,4.88,379.5,4.13,0
CHEMBL2321992,OCC[C@@]1(c2ccc(Cl)c(Cl)c2)CCCNC1,Ki,250.0,6.6,274.19,3.0,1
CHEMBL2321991,OCC[C@]1(c2ccc(Cl)c(Cl)c2)CCCNC1,Ki,42.0,7.38,274.19,3.0,1
CHEMBL2326695,OCC[C@]1(c2ccc(Cl)c(Cl)c2)CCCCNC1,Ki,31.0,7.51,288.22,3.39,1
CHEMBL2326686,Fc1ccc(C2CC=CCNC2)cc1Cl,Ki,1500.0,5.82,225.69,3.11,0
CHEMBL2322002,Cc1ccc(C2CC=CCNC2)cc1Cl,Ki,600.0,6.22,221.73,3.28,1
CHEMBL2321999,Clc1ccc([C@H]2CC=CCNC2)cc1Cl,Ki,220.0,6.66,242.15,3.63,1
CHEMBL2321996,CN1CC=CC[C@H](c2ccc(Cl)c(Cl)c2)C1,Ki,83.0,7.08,256.18,3.97,1
CHEMBL2321995,CN1CC=CCC(c2ccc(Cl)c(Cl)c2)C1,Ki,100.0,7.0,256.18,3.97,1
CHEMBL3964962,Cc1cccc2c1C(c1ccc3ccccc3c1)CN(C)C2,Ki,3.4,8.47,287.41,4.73,1
CHEMBL3897750,CN1Cc2cc(-c3cnccn3)ccc2C(c2cc3ccccc3s2)C1,Ki,91.0,7.04,357.48,4.94,1
CHEMBL240127,N[C@]1(C(=O)O)C[C@@H](C(=O)O)C[C@H]1C(=O)O,Ki,10000.0,5.0,217.18,-1.04,0
CHEMBL90903,COC(=O)C1C2CCC(CC1c1ccc(Cl)cc1)O2,IC50,107.0,6.97,280.75,3.16,1
CHEMBL569251,O=C1Cc2c(ccc3c2OC[C@H](CNCC2CCc4[nH]c5ccc(F)cc5c4C2)O3)N1,Ki,1.0,9.0,421.47,3.34,1
CHEMBL567454,O=c1[nH]c2cccc(OC3CCN(CC4CCc5[nH]c6ccc(F)cc6c5C4)CC3)c2o1,Ki,3.0,8.52,435.5,4.39,1
CHEMBL311469,CC(=O)Nc1ccc2c(c1)Cc1ccccc1-2,Ki,3216.0,5.49,223.27,3.22,0
CHEMBL420644,CN(C)CC(c1ccc(Cl)cc1)C1(O)CCCCC1,IC50,123.0,6.91,281.83,3.68,1
CHEMBL2407324,CN(C)OC(=O)C(c1ccc(Cl)c(Cl)c1)C1CCNCC1.Cl,IC50,690.0,6.16,367.7,3.1,1
CHEMBL2407335,Cl.OCC(c1ccc(Cl)c(Cl)c1)C1CCNCC1,IC50,79.0,7.1,310.65,3.07,1
CHEMBL2407331,COCC(c1ccc(F)c(Cl)c1)C1CCNCC1.Cl,IC50,32.0,7.5,308.22,3.21,1
CHEMBL402143,COc1c(OCCF)cccc1C(O)C1CCN(CCc2ccc(F)cc2)CC1,Ki,3516.0,5.45,405.49,4.17,0
CHEMBL476839,COc1c(OCCF)cccc1C(O)C1CCN(CCc2ccc(C)cc2)CC1,Ki,2646.0,5.58,401.52,4.34,0
CHEMBL490632,COc1c(OCCF)cccc1C(=O)C1CCN(CCc2ccc(C)cc2)CC1,Ki,1009.0,6.0,399.51,4.49,1
CHEMBL2347181,NC(=O)CCCc1c[nH]c2ccc(F)cc12,Ki,631.0,6.2,220.25,2.12,1
CHEMBL2347177,N#CSCCCc1c[nH]c2ccc(F)cc12,Ki,212.0,6.67,234.3,3.45,1
CHEMBL1257147,O=C1NCc2ccc(OCCCCN3CCN(c4cccc5cccc(F)c45)CC3)c(Cl)c21,Ki,213.0,6.67,467.97,4.86,1
CHEMBL1257616,Cc1c(OCCCCN2CCN(c3cccc4cccc(F)c34)CC2)ccc2c1C(=O)NC2,Ki,292.0,6.54,447.55,4.51,1
CHEMBL2347853,FC(F)(F)c1cc(COC[C@@]2(c3ccccc3)CCCNCC2)cc(C(F)(F)F)c1,IC50,26.0,7.58,431.42,5.95,1
CHEMBL1241547,Cc1cn2c(n1)COc1c(CCN3CCN(c4cccc5nc(C)ccc45)CC3)cccc1-2,Ki,19.95,7.7,439.56,4.29,1
CHEMBL1241642,Cc1ccc2c(N3CCN(CCc4cccc5c4OCc4cncn4-5)CC3)cccc2n1,Ki,12.59,7.9,425.54,3.99,1
CHEMBL1241736,CC(=O)c1ncn2c1COc1c(CCN3CCN(c4cccc5nc(C)ccc45)CC3)cccc1-2,Ki,31.62,7.5,467.57,4.19,1
CHEMBL1241912,CNC(=O)c1ncn2c1COc1c(CCN3CCN(c4cccc5nc(C)ccc45)CC3)cccc1-2,Ki,31.62,7.5,482.59,3.35,1
CHEMBL1083211,CNCCCCN1Cc2cc(F)ccc2N(c2ccccc2F)S1(=O)=O,IC50,110.0,6.96,381.45,3.16,1
CHEMBL1204414,CNCCCC1Cc2cc(F)ccc2N(c2ccccc2F)S1(=O)=O.Cl,IC50,340.0,6.47,402.89,3.36,1
CHEMBL573667,CNCC[C@H](c1ccccc1)n1ccc2ccccc21,IC50,491.0,6.31,264.37,3.84,1
CHEMBL577565,CNC[C@@H](O)[C@H](c1cccc(F)c1)n1ccc2ccc(Br)cc21,IC50,1003.0,6.0,377.26,3.71,1
CHEMBL1276225,CN(C)C1CCC(c2c[nH]c3ccc(Br)cc23)C1,IC50,4.3,8.37,307.23,4.13,1
CHEMBL1276226,CN(C)C1CCC(c2c[nH]c3cc(F)ccc23)C1,IC50,5.1,8.29,246.33,3.5,1
CHEMBL1276251,CN(C)C1CCC(c2c[nH]c3c(Cl)cccc23)C1,IC50,1.4,8.85,262.78,4.02,1
CHEMBL1275671,CCN(C)C1CCC(c2c[nH]c3ccc(F)cc23)C1,IC50,3.7,8.43,260.36,3.89,1
CHEMBL1275730,CN(C)[C@H]1CC[C@@H](c2c[nH]c3ccc(C#N)cc23)C1,IC50,0.38,9.42,253.35,3.24,1
CHEMBL1275791,CN(C)[C@H]1CC[C@@H](c2c[nH]c3ccc(F)cc23)C1,IC50,0.63,9.2,246.33,3.5,1
CHEMBL577598,CNC[C@@H](O)[C@H](c1ccccc1F)n1ccc2ccccc21,IC50,473.0,6.33,298.36,2.95,1
CHEMBL577612,CNC[C@@H](O)[C@H](c1ccc(Cl)cc1)n1ccc2ccccc21,IC50,748.0,6.13,314.82,3.46,1
CHEMBL469568,Cc1ccc2c(N3CCN(CCc4cccc5c4OCC(=O)N5C4CC4)CC3)cccc2n1,Ki,125.89,6.9,442.56,3.8,1
CHEMBL470849,Cc1ccc2c(N3CCN(CCCc4cccc5c4OCC(=O)N5)CC3)cccc2n1,Ki,39.81,7.4,416.53,3.63,1
CHEMBL1224491,CCOCC1(C(=O)c2cc(F)c3[nH]ccc3c2)CCNC1,Ki,3.162,8.5,290.34,2.51,1
CHEMBL575206,C=CCN1C2CCC1[C@@H](C(=O)OC)[C@@H](c1ccc(SCC)cc1)C2,Ki,47.0,7.33,345.51,4.09,1
CHEMBL467736,Cl.NC[C@H]1C[C@@H]1c1ccccc1Br,Ki,3824.0,5.42,262.58,2.51,0
CHEMBL471035,COCC(Oc1ccc2ccccc2c1)C1CCNCC1,IC50,5.0,8.3,285.39,3.23,1
CHEMBL505439,CNC[C@H]1CS(=O)(=O)c2ccccc2[C@@H]1Oc1ccccc1C,IC50,10000.0,5.0,331.44,2.74,0
CHEMBL497665,CNC[C@H]1Cc2ccccc2[C@@H]1Oc1ccccc1C,IC50,1500.0,5.82,267.37,3.51,0
CHEMBL487875,COc1ccc(Cc2cc([C@@H]3C4CCC(C[C@@H]3c3ccc(C)cc3)N4C)on2)cc1.Cl,Ki,41.1,7.39,439.0,5.32,1
CHEMBL486042,Cc1ccc([C@H]2CC3CCC([C@H]2c2cc(Cc4ccc(Cl)cc4)no2)N3C)cc1.Cl,Ki,85.0,7.07,443.42,5.96,1
CHEMBL4228366,COCCOc1cc(CC2CCN(CCc3ccc4c(c3)C(=O)CCO4)CC2)ccc1F,Ki,111.0,6.96,441.54,4.31,1
CHEMBL4756446,CN(C)CCCN1C(=O)c2ccccc2/C=C\c2ccccc21,Ki,36900.0,4.43,306.41,3.77,0
CHEMBL490203,CN(C)Cc1cc(F)ccc1Oc1ccc(S(C)(=O)=O)cc1,IC50,750.0,6.12,323.39,3.08,1
CHEMBL522584,CNCc1cc(S(=O)(=O)N(C)CCO)ccc1Oc1ccc(SC)cc1,IC50,5.0,8.3,396.53,2.53,1
CHEMBL1241825,Cc1ccc2c(N3CCN(CCc4cccc5c4OCc4c(C#N)ncn4-5)CC3)cccc2n1,Ki,125.89,6.9,450.55,3.86,1
CHEMBL2096858,COC(=O)[C@H]1C2CCC(C[C@@H]1c1ccc(Cl)cc1)N2C,Ki,356.0,6.45,293.79,3.08,1
CHEMBL525375,CNC[C@@H]1CCc2ccccc2[C@@H]1Oc1ccccc1C,IC50,1400.0,5.85,281.4,3.9,0
CHEMBL3331485,c1ccc(N(Cc2ccc3ccccc3c2)CC2CNC2)cc1,IC50,8.4,8.08,302.42,4.07,1
CHEMBL3331501,Cc1cccc(CN(CC2CNC2)c2ccccc2)c1.O=C(O)C(F)(F)F,IC50,11.4,7.94,380.41,3.22,1
CHEMBL3331504,Clc1ccc(CN(C2CCCCC2)C2CNC2)cc1,IC50,42.2,7.38,278.83,3.45,1
CHEMBL150045,c1ccc(C(c2ccccc2)c2ccncc2)cc1,Ki,1160.0,5.94,245.32,4.26,0
CHEMBL455423,COc1ccc(CN(C)C)c(Oc2ccc(Cl)c(Cl)c2)c1,IC50,3.61,8.44,326.22,4.86,1
CHEMBL453838,CNCCC(c1ccccc1)n1ccc2ccccc21,IC50,327.0,6.49,264.37,3.84,1
CHEMBL135,C[C@]12CC[C@@H]3c4ccc(O)cc4CC[C@H]3[C@@H]1CC[C@@H]2O,Ki,5714.0,5.24,272.39,3.61,0
CHEMBL467512,CNC[C@@H](O)[C@H](c1ccccc1)N(C)c1cccc(OC)c1,IC50,17.0,7.77,300.4,2.45,1
CHEMBL506874,CNC[C@@H](O)[C@H](c1ccccc1)N(C)c1cccc2ccccc12,IC50,836.0,6.08,320.44,3.6,1
CHEMBL2314219,CN(C)Cc1ccccc1Sc1ccc([123I])cc1CO,Ki,0.097,10.01,395.3,4.0,1
CHEMBL2314218,CN(C)Cc1ccccc1Sc1ccc([123I])cc1N,Ki,0.013,10.89,380.29,4.09,1
CHEMBL3215620,COc1ccc(-n2c(C)nc(C(=O)NCCCN3CCN(c4cccc(Cl)c4Cl)CC3)c2C)cc1.Cl.Cl.Cl.Cl,IC50,33.0,7.48,662.32,4.75,1
CHEMBL1642901,CN(C)[C@H]1Cc2ccccc2[C@@H](c2ccc(Cl)c(Cl)c2)C1,IC50,20.0,7.7,320.26,5.0,1
CHEMBL1642914,CN[C@H]1CCc2ccccc2[C@@H]1c1ccc(Cl)c(Cl)c1,IC50,42.0,7.38,306.24,4.66,1
CHEMBL3233410,CN1CCN2c3c(cccc31)[C@@H]1CN(CCNC(=O)c3ccc(F)cc3)CC[C@@H]12,Ki,1940.0,5.71,394.49,2.68,0
CHEMBL564,CN(C)CCCN1c2ccccc2Sc2ccccc21,IC50,86.0,7.07,284.43,4.24,1
CHEMBL67024,Fc1ccc(CCNC2CCN(CCOC(c3ccccc3)c3ccccc3)CC2)cc1,IC50,470.0,6.33,432.58,5.23,1
CHEMBL606929,COC(=O)[C@@H]1C(c2ccc(Cl)c(Cl)c2)C[C@H]2C[C@@H](O)C1N2C,IC50,1220.0,5.91,344.24,2.7,0
CHEMBL497963,Cc1ccc2c(OCCN3CCC(Cc4cccc(NS(C)(=O)=O)c4)CC3)cccc2n1,Ki,1584.89,5.8,453.61,4.25,0
CHEMBL275742,CC(C)NC[C@@H](O)COc1cccc2ccccc12,IC50,612.0,6.21,259.35,2.58,1
CHEMBL3126965,FC(F)(F)c1cc(COCC2(c3ccccc3)CCC(NC3CC3)CC2)cc(C(F)(F)F)c1,IC50,680.0,6.17,471.49,6.87,1
CHEMBL3126961,N[C@@H]1CC[C@](COCc2cc(C(F)(F)F)cc(C(F)(F)F)c2)(c2ccccc2)C1,IC50,210.0,6.68,417.39,5.69,1
CHEMBL3663908,Cc1ccc(C2CN(C)Cc3ccccc32)s1,Ki,3170.0,5.5,243.38,3.63,0
CHEMBL173861,CN(C)C[C@H]1C2CCC(CC2)[C@H]1c1ccc(Cl)c(Cl)c1,Ki,57.0,7.24,312.28,5.07,1
CHEMBL4101959,Clc1cccc(-c2nnnn2CCCN2CCC(Cc3ccccc3)CC2)c1,IC50,1350.0,5.87,395.94,4.34,0
CHEMBL3892582,COc1ccc(F)c(CC2CCN(CCc3ccccc3)CC2)c1,Ki,274.0,6.56,327.44,4.33,1
CHEMBL1683871,NCC1(c2ccc(Cl)c(Cl)c2)CCCCC1,IC50,201.0,6.7,258.19,4.15,1
CHEMBL1683887,CNCC1(c2cccc(Cl)c2)CCCCC1,IC50,767.0,6.12,237.77,3.76,1
CHEMBL1683890,CNCC1(c2ccc(F)c(Cl)c2)CCCCC1,IC50,689.0,6.16,255.76,3.9,1
CHEMBL2386163,COc1ccc(O[C@@H](CC(C)C)[C@H]2CCNC2)c(C)n1.O=C(O)C(O)C(O)C(=O)O,Ki,0.21,9.68,428.48,2.8,1
CHEMBL123252,CN(CCCc1ccccc1)CCCN(C)CCOC(c1ccccc1)c1ccccc1,Ki,438.0,6.36,430.64,5.68,1
CHEMBL2030637,Fc1cccc(CCCN2CCCC2)c1,Ki,4361.0,5.36,207.29,2.85,0
CHEMBL1813478,CN1C[C@@H]2CCC[C@]2(c2ccc(Cl)c(Cl)c2)C1,IC50,83.18,7.08,270.2,3.98,1
CHEMBL2037431,Clc1ccc(N2CCN(CCCCc3nc4ccccc4s3)CC2)cc1,Ki,166.0,6.78,385.96,5.09,1
CHEMBL513206,Cc1ccc(-c2c(C)noc2[C@@H]2C3CCC(C[C@@H]2c2ccc(Cl)cc2)N3C)cc1.Cl,Ki,297.0,6.53,443.42,6.35,1
CHEMBL1173533,CCOC[C@@]12CNCC[C@]1(c1ccc(Cl)c(Cl)c1)C2,Ki,10.0,8.0,300.23,3.65,1
CHEMBL1173342,COC[C@@H]1[C@@H]2CNCC[C@]12c1ccc(Cl)c(Cl)c1,Ki,10.0,8.0,286.2,3.12,1
CHEMBL1172381,COC[C@H]1[C@@H]2CNCC[C@@]21c1ccc(Cl)c(Cl)c1,Ki,50.12,7.3,286.2,3.12,1
CHEMBL1173607,Clc1ccc([C@@H]2CCNC[C@@]23CCCOC3)cc1Cl,Ki,0.3162,9.5,300.23,3.87,1
CHEMBL103152,COC(=O)C1=C(c2ccc3ccccc3c2)CC2CCC1C2,IC50,1310.0,5.88,292.38,4.59,0
CHEMBL322923,COC(=O)C1=C(c2ccc(Cl)c(Cl)c2)CC2CCC1C2,IC50,5160.0,5.29,311.21,4.74,0
CHEMBL256039,CCCCN(CC)C(=O)C1(c2ccccc2)CC1CN,IC50,2000.0,5.7,274.41,2.55,0
CHEMBL405355,COC(=O)C1=C(C)NC(C)=C(C(=O)OCCCN2CCC(c3ccccc3)(c3ccccc3)CC2)[C@H]1c1cccc([N+](=O)[O-])c1,Ki,862.09,6.06,609.72,6.02,1
CHEMBL1376064,C[C@@H](NCCc1ccc(O)cc1)[C@@H](O)c1ccc(O)cc1.Cl,Ki,4054.15,5.39,323.82,2.35,0
CHEMBL267777,Cc1nc2sccn2c(=O)c1CCN1CCC(=C(c2ccc(F)cc2)c2ccc(F)cc2)CC1,Ki,567.74,6.25,477.58,5.48,1
CHEMBL1224165,CCCC1(C(=O)c2cc(F)c3[nH]ccc3c2)CCCN1,Ki,6.31,8.2,274.34,3.41,1
CHEMBL1170397,c1cc2[nH]ncc2cc1N1CCNC[C@@H]1CC1CCOCC1,Ki,79.43,7.1,300.41,2.16,1
CHEMBL1172524,CCC[C@@H]1CNCCN1c1ccc2[nH]ncc2c1,Ki,6.31,8.2,244.34,2.14,1
CHEMBL1170794,Cn1ccc2cc(N3CCNCC3Cc3ccccc3)ccc21,Ki,7.943,8.1,305.43,3.2,1
CHEMBL1214176,CCCn1c(-c2ccccc2)cc(C(=O)N(C)CCCN2CCN(c3cccc(C)c3C)CC2)c1C,IC50,163.0,6.79,486.7,5.77,1
CHEMBL1214177,Cc1c(C(=O)N(C)CCCN2CCN(c3cccc(Cl)c3Cl)CC2)cc(-c2ccccc2)n1C,IC50,98.0,7.01,499.49,5.59,1
CHEMBL2447969,Cc1c(C(=O)NCCN2CCN(c3cccc(Cl)c3Cl)CC2)cc(-c2ccccc2)n1C.Cl,IC50,57.0,7.24,507.89,4.86,1
CHEMBL1214425,CCn1c(-c2ccc(Cl)cc2)cc(C(=O)NCCCN2CCN(c3cccc(C)c3C)CC2)c1C.Cl,IC50,93.0,7.03,529.56,5.7,1
CHEMBL1214596,Cc1cccc(N2CCN(CCCNC(=O)c3cc(C(C)(C)C)n(C)c3C)CC2)c1C,IC50,252.0,6.6,424.63,4.19,1
CHEMBL1087818,CS(=O)(=O)Nc1cccc(OCCN2CC3CCC(C2)C3Cc2ccc3c(c2)NC(=O)CC3)c1,Ki,1.7,8.77,483.63,3.52,1
CHEMBL1087743,CS(=O)(=O)Nc1cc(OCCN2CCC(Cc3ccc4c(c3)NC(=O)CC4)CC2)ccc1F,Ki,20.0,7.7,475.59,3.42,1
CHEMBL5420565,N#Cc1ccc2[nH]cc(CCCCN3CCN(c4ncc(-c5ccc(Cl)cc5)cn4)CC3)c2c1,IC50,0.32,9.49,471.01,5.29,1
CHEMBL604063,CN(CCCc1c[nH]c2ccc(F)cc12)C1COc2ccc3c(c2C1)C(=O)NCC3,Ki,17.0,7.77,407.49,3.46,1
CHEMBL607419,O=C1NCc2ccc3c(c21)CC(N(CCCc1c[nH]c2ccc(F)cc12)CC1CC1)CO3,Ki,15.0,7.82,433.53,4.2,1
CHEMBL605919,O=C1NCCc2ccc3c(c21)CC(N(CCCc1c[nH]c2ccc(F)cc12)CCC(F)(F)F)CO3,Ki,340.0,6.47,489.51,4.78,1
CHEMBL174088,COC(=O)[C@@H]1C2CCC(C[C@@H]1c1ccc(/C=C\I)cc1)N2,Ki,0.05,10.3,397.26,3.49,1
CHEMBL278080,Fc1ccc2[nH]cc(CC3CCNCC3)c2c1,IC50,170.0,6.77,232.3,2.85,1
CHEMBL444985,N#Cc1ccc2ccc(OCC3CCNCC3)cc2c1,IC50,3.0,8.52,266.34,3.09,1
CHEMBL201666,CCCC(C(=O)c1ccc(C(=O)OC)cc1)N1CCCC1,Ki,3650.0,5.44,289.38,2.92,0
CHEMBL372312,CCC[C@@H](C(=O)c1ccc(C)cc1)N1CCCC1,Ki,2220.0,5.65,245.37,3.44,0
CHEMBL445794,c1ccc2cc(CO[C@H]3CCNC3)ccc2c1,IC50,23.0,7.64,227.31,2.72,1
CHEMBL445743,CNC[C@@H](O)[C@H](c1ccccc1)N(C)c1ccccc1OC,IC50,2105.0,5.68,300.4,2.45,0
CHEMBL512435,CNC[C@@H](O)[C@H](c1cccc(Cl)c1)N(C)c1ccccc1,IC50,237.0,6.62,304.82,3.1,1
CHEMBL75342,COc1cccc2c1CCC[C@@H]2CN(C)CCc1ccc2ccoc2c1,Ki,92.0,7.04,349.47,5.04,1
CHEMBL509007,CNCC[C@@H](c1ccccc1)N1C(=O)C(C)(C)c2ccccc21,IC50,1950.0,5.71,308.43,3.66,0
CHEMBL1762480,Cc1ccc(C#N)c(S[C@H](CCN)c2ccccc2)n1.O=C(O)/C=C/C(=O)O,IC50,2600.0,5.58,399.47,3.44,0
CHEMBL1813315,CN1C[C@@H]2CCCC[C@]2(c2ccc(Cl)c(Cl)c2)C1,IC50,107.15,6.97,284.23,4.37,1
CHEMBL1813317,CCN1C[C@@H]2CCCC[C@]2(c2ccc(Cl)c(Cl)c2)C1,IC50,69.18,7.16,298.26,4.76,1
CHEMBL1830892,O=S1(=O)N(CCC2CNCCO2)c2cccc(F)c2N1c1ccccc1F,IC50,5790.0,5.24,395.43,2.55,0
CHEMBL4754287,CCC(=O)NC[C@@H]1CNCCO[C@H]1c1ccc(Cl)c(Cl)c1.Cl,IC50,120.0,6.92,367.7,2.8,1
CHEMBL2333608,CN1CCC(COCc2cc(C(F)(F)F)cc(C3(F)CC3)n2)(c2ccc(F)cc2)CC1,IC50,5.6,8.25,440.46,5.38,1
CHEMBL2333637,CN1CCC(COCc2cc(C(F)(F)F)cc(C3CC3)n2)(c2ccc(F)cc2)CC1,IC50,2.1,8.68,422.47,5.3,1
CHEMBL2333627,CN1CCC(COCc2cc(C(F)(F)F)cc(N3CCC(C#N)C3)n2)(c2ccc(F)cc2)CC1,IC50,3.3,8.48,476.52,4.77,1
CHEMBL2333619,CCNc1cc(C(F)(F)F)cc(COCC2(c3ccc(F)cc3)CCN(C)CC2)n1,IC50,4.8,8.32,425.47,4.85,1
CHEMBL2333616,CN1CCC(COCc2cc(Cl)cc(C(F)(F)F)n2)(c2ccccc2)CC1,IC50,14.0,7.85,398.86,4.93,1
CHEMBL2333648,FC(F)(F)c1cc(Cl)cc(COCC2(c3ccccc3)CCNCC2)n1,IC50,6.3,8.2,384.83,4.59,1
CHEMBL2333647,Clc1cc(COCC2(c3ccccc3)CCNCC2)cc(Cl)n1,IC50,6.6,8.18,351.28,4.23,1
CHEMBL2333641,CN1CCC(COCc2cc(C(F)(F)F)cc(Cl)n2)(c2ccc(Cl)cc2)CC1,IC50,23.0,7.64,433.3,5.59,1
CHEMBL1642903,NC[C@H]1Cc2ccccc2[C@@H](c2ccc(Cl)c(Cl)c2)C1,IC50,19.0,7.72,306.24,4.65,1
CHEMBL2112644,Fc1ccc2[nH]cc(CCCNCCOc3ccccc3)c2c1,IC50,3790.0,5.42,312.39,3.91,0
CHEMBL1642905,NC[C@@H]1Cc2ccccc2[C@@H](c2ccc(Cl)c(Cl)c2)C1,IC50,61.0,7.21,306.24,4.65,1
CHEMBL566155,O=C1Cc2c(ccc3c2OC[C@H](CNCCC2CCc4c([nH]c5ccc(F)cc45)C2)O3)N1,Ki,5200.0,5.28,435.5,3.73,0
CHEMBL1237165,Cl.O=C1Cc2c(ccc3c2OC[C@H](CNCCC2CCc4[nH]c5ccc(F)cc5c4C2)O3)N1,Ki,24.0,7.62,471.96,3.73,1
CHEMBL540466,COc1ccc([C@H](N[C@@H]2CC[C@@H](C(=O)N3CCC(C(=O)N4CCCC4)(c4ccccc4)CC3)C(C)(C)C2)C(F)F)cc1,IC50,4800.0,5.32,581.75,5.97,0
CHEMBL561332,COc1ccc([C@@H](C)N[C@@H]2CC[C@@H](C(=O)N3CCC(c4ccccc4)(N4CCCOC4=O)CC3)C(C)(C)C2)cc1,IC50,17.0,7.77,547.74,5.9,1
CHEMBL556915,COc1ccc([C@@H](C)N[C@@H]2CC[C@@H](C(=O)C3CCC(NC(C)=O)(c4ccccc4)CC3)C(C)(C)C2)cc1,IC50,26.0,7.58,504.72,6.33,1
CHEMBL512677,CNCC[C@@H](c1ccccc1)n1c(=O)n(-c2ccccc2)c2ccccc21,IC50,273.0,6.56,357.46,3.99,1
CHEMBL556539,CCSc1ccccc1C(=O)N(CC1CCC1)[C@H]1CCNC1,Ki,266.0,6.58,318.49,3.4,1
CHEMBL549584,O=C(c1ccccc1Oc1ccccc1)N(CC1CCC1)[C@H]1CCNC1,Ki,151.0,6.82,350.46,4.08,1
CHEMBL555121,CC(C)N(C(=O)c1ccccc1C(F)(F)F)[C@H]1CCNC1,Ki,457.0,6.34,300.32,2.92,1
CHEMBL596987,Clc1ccc([C@]23CNC[C@H]2[C@@H]3COC2CCCC2)cc1Cl,Ki,0.2512,9.6,326.27,4.04,1
CHEMBL596784,Clc1ccc([C@@]23CNC[C@@H]2[C@H]3COC2CCC2)cc1Cl,Ki,25.12,7.6,312.24,3.65,1
CHEMBL611063,Cl.Clc1ccc([C@]23CNC[C@H]2[C@@H]3COC2CCC2)cc1Cl,Ki,0.3162,9.5,348.7,3.65,1
CHEMBL602550,CNC[C@@H](O)[C@H](c1cccc(F)c1)N1CC2(CCCCC2)c2ccccc21.Cl,IC50,4917.0,5.31,404.96,4.17,0
CHEMBL597530,Fc1ccccc1Oc1ncccc1C1CCNCC1,Ki,728.0,6.14,272.32,3.48,1
CHEMBL598560,Fc1ccc(Cl)c(Oc2ncccc2C2CCNCC2)c1,Ki,251.0,6.6,306.77,4.13,1
CHEMBL597135,Fc1cccc(F)c1Oc1ncccc1C1CCNCC1,Ki,1850.0,5.73,290.31,3.62,0
CHEMBL1812746,COC(=O)[C@H]1[C@@H](c2ccc(Cl)c(C)c2)C[C@@H]2CC[C@H]1N2,IC50,6.2,8.21,293.79,3.05,1
CHEMBL1828653,O=S1(=O)N(CCC2CNCCO2)c2c(F)cccc2N1c1ccccc1F,IC50,992.0,6.0,395.43,2.55,1
CHEMBL1830890,O=S1(=O)N(CCC2CNCCO2)c2cc(F)ccc2N1c1ccccc1F,IC50,8347.0,5.08,395.43,2.55,0
CHEMBL2219885,c1ccc(COC(c2ccccc2)C2CNC2)cc1,IC50,82.9,7.08,253.35,3.16,1
CHEMBL3908637,O=C(OC(c1ccc(Cl)c(Cl)c1)C1CNC1)c1ccccc1,IC50,69.9,7.16,336.22,4.11,1
CHEMBL3917453,Cc1cccc(OC(c2ccc(Cl)c(Cl)c2)C2CNC2)c1,IC50,19.8,7.7,322.24,4.64,1
CHEMBL392933,CC(C)N1CCC(COc2cc3c(cn2)C(c2ccc(Cl)c(Cl)c2)CN(C)C3)CC1,Ki,31.0,7.51,448.44,5.46,1
CHEMBL247062,c1ccc(C2CNCc3cc(OCCCN4CCCCC4)ncc32)cc1,Ki,2333.0,5.63,351.49,3.57,0
CHEMBL241706,COc1ccc(C2CNCc3cc(OCCCN4CCCCC4)ncc32)cc1,Ki,147.0,6.83,381.52,3.58,1
CHEMBL1644480,O=[N+]([O-])c1cccc(O[C@@H]2C[C@H]3CC[C@@H](C2)N3)c1,IC50,86.0,7.07,248.28,2.26,1
CHEMBL3704757,CCOc1ccc(C2(C[C@@H](C)CCNCCCC(N)=O)CCC2)cc1,Ki,2.79,8.55,346.52,3.78,1
CHEMBL1290486,Cc1ccc2c(N3CCN(CCc4cccc5c4CCC(=O)N5)CC3)cccc2n1,Ki,251.19,6.6,400.53,3.79,1
CHEMBL204586,O=C(O)C(=O)O.O[C@@H](Cc1ccccc1)CN1CCC(CCOC(c2ccccc2)c2ccccc2)CC1,Ki,450.0,6.35,519.64,5.5,1
CHEMBL424682,C[C@H](CCN1CCC(CCOC(c2ccc(F)cc2)c2ccc(F)cc2)CC1)c1ccccc1.O=C(O)C(=O)O,Ki,58.0,7.24,553.65,7.37,1
CHEMBL311964,Cc1cccc2sc([C@@H]3CCN(C[C@H](O)COc4cccc5[nH]ccc45)[C@@H](C)C3)cc12,Ki,0.44,9.36,434.61,5.7,1
CHEMBL309396,C[C@H]1C[C@H](c2cc3ccc(F)cc3s2)CCN1C[C@H](O)COc1cccc2[nH]ccc12,Ki,0.31,9.51,438.57,5.53,1
CHEMBL308388,COc1cccc2sc([C@H]3CCN(C[C@H](O)COc4cccc5[nH]ccc45)[C@H](C)C3)cc12,Ki,1.15,8.94,450.6,5.4,1
CHEMBL307874,COc1cccc2sc([C@@H]3CCN(C[C@H](O)COc4cccc5[nH]ccc45)[C@H](C)C3)cc12,Ki,14.71,7.83,450.6,5.4,1
CHEMBL3216289,Cc1cccc(N2CCN(CC(O)CNC(=O)c3nc(C)n(-c4ccccc4F)c3C)CC2)c1C.Cl.Cl,IC50,7.59,8.12,552.52,3.16,1
CHEMBL3216076,Cc1cccc(N2CCN(C[C@H](O)CNC(=O)c3nc(C)n(-c4ccccc4)c3C)CC2)c1C.Cl.Cl,IC50,0.64,9.19,534.53,3.02,1
CHEMBL3215619,Cc1c(Cl)cccc1N1CCN(C[C@H](O)CNC(=O)c2nc(-c3ccccc3)n(-c3ccc(F)cc3)c2C)CC1.Cl.Cl.Cl,IC50,257.0,6.59,671.47,4.86,1
CHEMBL568372,O=C(c1ccc2ccccc2c1)N(C1CCC1)[C@@H]1CCNC1,IC50,9.0,8.05,294.4,3.2,1
CHEMBL567945,Cc1c(C(=O)N(C)[C@@H]2CCNC2)ccc(Cl)c1Cl,IC50,58.0,7.24,287.19,2.74,1
CHEMBL566240,Cc1c(C(=O)N(CC(C)(C)C)[C@H]2CCNC2)ccc(Cl)c1Cl,IC50,15.0,7.82,343.3,4.15,1
CHEMBL219916,O=c1[nH]c2ccccc2n1CCCN1CCC(n2c(=O)[nH]c3cc(Cl)ccc32)CC1,Ki,1623.0,5.79,425.92,3.35,0
CHEMBL207915,COc1ccccc1CN(CC(C)C)C1CCNCC1.O=C(O)/C=C/C(=O)O,Ki,15.0,7.82,392.5,2.91,1
CHEMBL207719,CC(C)CN(Cc1ccc(F)cc1)C1CCNCC1.O=C(O)/C=C/C(=O)O,Ki,1.9,8.72,380.46,3.04,1
CHEMBL206580,CC(C)CN(Cc1ccc(C(F)(F)F)cc1)C1CCNCC1.O=C(O)/C=C/C(=O)O,Ki,0.07,10.15,430.47,3.92,1
CHEMBL1683904,CNCC1(c2ccc(-c3ccccc3)cc2)CCCCC1,IC50,286.0,6.54,279.43,4.77,1
CHEMBL4792902,Cl.O=C(NC[C@@H]1CNCCO[C@H]1c1ccc(Cl)c(F)c1)C1COCCO1,IC50,540.0,6.27,409.29,1.29,1
CHEMBL102018,Cc1ccc([C@H]2C[C@H]3CCC4C2C(=O)CN43)cc1,IC50,68.0,7.17,241.33,2.51,1
CHEMBL565935,O=C1Cc2c(ccc3c2OC[C@H](CNCC2CCc4c([nH]c5ccc(F)cc45)C2)O3)N1,Ki,25.0,7.6,421.47,3.34,1
CHEMBL566380,O=c1[nH]c2cccc(N3CCN(CC4CCc5c([nH]c6ccc(F)cc56)C4)CC3)c2o1,Ki,62.0,7.21,420.49,3.67,1
CHEMBL568103,O=c1[nH]c2cccc(N3CCN(CCCC4CCc5c([nH]c6ccc(F)cc56)C4)CC3)c2o1,Ki,62.0,7.21,448.54,4.45,1
CHEMBL565553,O=c1[nH]c2cccc(OC3CCN(CCC4CCc5[nH]c6ccc(F)cc6c5C4)CC3)c2o1,Ki,1200.0,5.92,449.53,4.78,0
CHEMBL569476,O=c1[nH]c2cccc(OCC3CCN(CCC4CCc5[nH]c6ccc(F)cc6c5C4)CC3)c2o1,Ki,10.0,8.0,463.55,5.03,1
CHEMBL3317704,C[C@@H]1NCCCN(c2ccc3ccccc3c2)C1=O.Cl,IC50,83.0,7.08,290.79,2.55,1
CHEMBL595751,CN1C2CCC1[C@@H](C(=O)NCCCCCCCCCCNC(=O)[C@H]1C3CCC(C[C@@H]1c1ccc(-c4ccsc4)cc1)N3C)[C@@H](c1ccc(-c3ccsc3)cc1)C2,Ki,250.0,6.6,791.18,10.33,1
CHEMBL497461,CNC[C@@H]1COc2ccccc2[C@H]1Oc1ccccc1C,IC50,3000.0,5.52,283.37,3.34,0
CHEMBL562115,COC(=O)[C@H]1[C@@H](c2ccc(C)cc2)C[C@@H]2CC[C@H]1N2CC#CCF,IC50,239.77,6.62,329.42,3.08,1
CHEMBL444742,CNC[C@@H]1OCc2ccccc2[C@@H]1Oc1cccc(F)c1C,IC50,300.0,6.52,301.36,3.37,1
CHEMBL2207498,CCCN1CCC(c2cc3ccccc3s2)CC1,Ki,130.0,6.89,259.42,4.49,1
CHEMBL2207497,CCCN1CCC(c2ccc3ccccc3c2)CC1,Ki,127.0,6.9,253.39,4.43,1
CHEMBL3310478,Fc1ccc(OC(CC2CNC2)c2ccc(Cl)c(Cl)c2)cc1,IC50,71.9,7.14,340.23,4.86,1
CHEMBL3673171,FC(F)(F)c1ccc(Oc2ccc3c(c2)CN2CCC3(c3cccc(Cl)c3)CC2)nn1,IC50,24.2,7.62,445.87,5.84,1
CHEMBL3673173,Fc1ccc(C23CCN(CC2)Cc2cc(Oc4ccc(C(F)(F)F)nn4)ccc23)cc1,IC50,8.9,8.05,429.42,5.32,1
CHEMBL3673177,Fc1ccc(C23CCN(Cc4cc(-c5ccc(C(F)(F)F)nn5)ccc42)C3)cc1Cl,IC50,2.4,8.62,433.84,5.46,1
CHEMBL513090,COC(=O)[C@H]1[C@@H](c2ccc(OC)c(Br)c2)C[C@H]2CC[C@H]1N2C.Cl,Ki,3.1,8.51,404.73,3.2,1
CHEMBL457635,COc1ccc([C@H]2C[C@H]3CC[C@H]([C@H]2C(=O)OC2CC2)N3C)cc1.Cl,Ki,29.0,7.54,351.87,2.97,1
CHEMBL458080,COc1ccc([C@H]2C[C@H]3CC[C@H]([C@H]2C(=O)OCCc2ccc(N)cc2)N3C)cc1.Cl,Ki,8.3,8.08,430.98,3.63,1
CHEMBL457655,COc1ccc([C@H]2C[C@H]3CC[C@H]([C@H]2C(=O)OCCc2ccc(NC(C)=O)cc2)N3C)cc1.Cl,Ki,5.5,8.26,473.01,4.01,1
CHEMBL516933,COc1ccc([C@H]2C[C@H]3CC[C@H]([C@H]2C(=O)OCCc2cc(Br)c(N)c(Br)c2)N3C)cc1.Cl,Ki,2.0,8.7,588.77,5.15,1
CHEMBL454507,COc1ccc(C2=NN(CCCCCNCC[C@H](Oc3ccc(C(F)(F)F)cc3)c3ccccc3)C(=O)C3CC=CCC23)cc1OC,IC50,42.0,7.38,649.75,7.82,1
CHEMBL2112357,Cc1cc2c(OC[C@@H](O)CN3CC[C@@H](c4cccc5ccsc45)C[C@@H]3C)cccc2[nH]1,Ki,9.24,8.03,434.61,5.7,1
CHEMBL2206529,Cc1ccc(C2CN(C)Cc3c(C)cccc32)cc1,Ki,822.0,6.08,251.37,3.88,1
CHEMBL2206513,COc1cccc2c1CN(C)CC2c1ccccc1,Ki,4224.0,5.37,253.34,3.27,0
CHEMBL2206512,Cc1cccc2c1CN(C)CC2c1ccccc1,Ki,1430.0,5.84,237.35,3.57,0
CHEMBL2207484,CCCN1CCC(c2c[nH]c3cc(F)ccc23)CC1,Ki,45.0,7.35,260.36,3.9,1
CHEMBL2338044,Fc1ccc(F)c(O[C@@H](c2ccccc2)[C@H]2CCNC2)c1F,IC50,63.1,7.2,307.31,3.83,1
CHEMBL2338038,COc1cc([N+](=O)[O-])ccc1O[C@@H](c1ccccc1)[C@H]1CCNC1,IC50,1.585,8.8,328.37,3.33,1
CHEMBL2338033,Fc1cc(F)cc(O[C@H](c2ccccc2)[C@@H]2CCNC2)c1,IC50,3.981,8.4,289.32,3.69,1
CHEMBL1276164,CN(C)C1CCC(c2c[nH]c3cccc(Br)c23)C1,IC50,5.3,8.28,307.23,4.13,1
CHEMBL1276165,CN(C)C1CCC(c2c[nH]c3ccc(C#N)cc23)C1,IC50,0.48,9.32,253.35,3.24,1
CHEMBL1276297,N#Cc1ccc2[nH]cc(C3CCC(N)C3)c2c1,IC50,32.0,7.5,225.29,2.63,1
CHEMBL1275731,CN(C)[C@@H]1CC[C@@H](c2c[nH]c3ccc(C#N)cc23)C1,IC50,1.3,8.89,253.35,3.24,1
CHEMBL204288,CCCC(C(=O)c1ccc(Cl)c(Cl)c1)N1CCCCC1,Ki,2460.0,5.61,314.26,4.83,0
CHEMBL203488,CCCC(C(=O)c1ccc(Cl)c(Cl)c1)N1CCCC1,IC50,600.0,6.22,300.23,4.44,1
CHEMBL3216975,CCCc1nc(C(=O)NCCCN2CCN(c3cccc(Cl)c3C)CC2)c(C)n1-c1ccc2c(c1)OCCO2.Cl.Cl.Cl,IC50,14.0,7.85,661.5,4.81,1
CHEMBL498566,CCN(CCc1ccc(OC(F)(F)F)cc1)CCN1CCCC1,Ki,3791.0,5.42,330.39,3.55,0
CHEMBL3104091,CN1CCc2c(c3cccc4c3n2-c2ccccc2CC4)C1,Ki,2190.0,5.66,288.39,3.72,0
CHEMBL1813475,Clc1ccc([C@@]23CCC[C@@H]2CNC3)cc1Cl,IC50,48.98,7.31,256.18,3.63,1
CHEMBL1813476,c1ccc2cc([C@]34CCC[C@H]3CNC4)ccc2c1,IC50,13.49,7.87,237.35,3.48,1
CHEMBL1813482,CN1C[C@@H]2CCC[C@]2(c2cc(Cl)cc(Cl)c2)C1,IC50,331.13,6.48,270.2,3.98,1
CHEMBL1830877,O=S1(=O)N(CCC2CNCCO2)c2ccccc2N1c1ccccc1,IC50,1775.0,5.75,359.45,2.27,0
CHEMBL1830888,O=S1(=O)N(CC[C@@H]2CNCCO2)c2ccccc2N1c1ccc(F)cc1F,IC50,4128.0,5.38,395.43,2.55,0
CHEMBL2037430,Clc1ccc(N2CCN(CCCc3nc4ccccc4s3)CC2)cc1,Ki,1184.0,5.93,371.94,4.7,0
CHEMBL2037527,O=C(CCCCN1Cc2ccccc2C1)c1nc2ccccc2s1,Ki,237.0,6.62,336.46,4.67,1
CHEMBL623,CCc1nn(CCCN2CCN(c3cccc(Cl)c3)CC2)c(=O)n1CCOc1ccccc1,Ki,290.0,6.54,470.02,3.55,1
CHEMBL3769968,C=CCOc1cc(F)c(F)cc1C1CC1CN.Cl,Ki,1258.93,5.9,275.73,2.59,0
CHEMBL3217181,CCCn1c(C)nc(C(=O)NCC(O)CN2CCN(c3cccc(C)c3C)CC2)c1C.Cl.Cl,IC50,10.4,7.98,500.52,2.44,1
CHEMBL2031873,O=C(NC1CCCC1)c1ccc(-c2ccc3c(c2)CCN(CCN2CCCC2)C3=O)cc1,Ki,170.0,6.77,431.58,4.12,1
CHEMBL344116,CCCN(C)[C@@H]1C[C@@H](c2ccc(Cl)c(Cl)c2)c2ccccc21,Ki,190.0,6.72,334.29,5.91,1
CHEMBL215376,COC(=O)[C@H]1[C@@H](c2ccc(I)cc2)C[C@@H]2CC[C@H]1N2C,Ki,29.17,7.54,385.25,3.03,1
CHEMBL446570,CN[C@@H]1C[C@H](Oc2ccccc2C)c2ccccc21,IC50,1400.0,5.85,253.34,3.78,0
CHEMBL54465,N#Cc1ccc2[nH]cc([C@H]3CC[C@@H](N4CCc5ccccc5C4)CC3)c2c1,Ki,4.51,8.35,355.49,5.12,1
CHEMBL55505,N#Cc1ccc2[nH]cc([C@H]3CC[C@H](N4CCc5ccccc5C4)CC3)c2c1,Ki,90.7,7.04,355.49,5.12,1
CHEMBL479044,CC(=O)N(Cc1ccccc1-c1ccccc1)[C@H]1CCNC1,Ki,5810.0,5.24,294.4,3.06,0
CHEMBL378070,COc1ccc(CN(CC(C)C)C2CCNCC2)c(OC)c1.O=C(O)/C=C/C(=O)O,Ki,2.2,8.66,422.52,2.91,1
CHEMBL208252,CC(C)CN(Cc1cc(F)ccc1C(F)(F)F)C1CCNCC1.O=C(O)/C=C/C(=O)O,Ki,7.9,8.1,448.46,4.05,1
CHEMBL2337593,Clc1ccccc1O[C@H](c1ccccc1)[C@@H]1CCNC1,IC50,3.981,8.4,287.79,4.07,1
CHEMBL2337592,Clc1ccccc1O[C@@H](c1ccccc1)[C@H]1CCNC1,IC50,125.89,6.9,287.79,4.07,1
CHEMBL173594,C/C=C/c1ccc([C@H]2CC3CCC([C@H]2C(=O)OC)N3C)cc1,IC50,1.3,8.89,299.41,3.46,1
CHEMBL404849,CCCCCCCCNC(C)C(O)c1ccc(SC(C)C)cc1,IC50,1253.2,5.9,337.57,5.56,0
CHEMBL86654,COC(=O)C1C(c2ccc3ccccc3c2)CC2C[C@@H](O)C1N2C,IC50,5.57,8.25,325.41,2.55,1
CHEMBL343324,CNCCCOc1cccc2ccccc12,Ki,75.0,7.12,215.3,2.83,1
CHEMBL169429,COC(=O)C1=C(c2ccc(Cl)c(Cl)c2)CC2CCC1O2,IC50,2120.0,5.67,313.18,3.87,0
CHEMBL3656913,O=C1CCOc2ccc(CCN3CCC(Cc4ccc(Br)c(O)c4)CC3)cc21,Ki,6.5,8.19,444.37,4.62,1
CHEMBL3705001,COCCOc1cc(CC2CCNCC2)ccc1Br,Ki,376.0,6.42,328.25,3.02,1
CHEMBL1947087,COC(=O)[C@H]1[C@@H](c2ccc(C)cc2)C[C@@H]2CC[C@H]1N2C/C=C(\I)C(F)(F)F,Ki,251.0,6.6,493.31,4.99,1
CHEMBL523916,CN1[C@H]2CC[C@@H]1[C@@H](c1cn(Cc3ccccc3)nn1)[C@@H](c1ccc(Cl)cc1)C2.Cl,Ki,161.0,6.79,429.4,4.71,1
CHEMBL3260337,C[C@@H](Oc1ccc(C(F)(F)F)cc1OC1CNC1)c1cccc(C(F)(F)F)c1,Ki,224.0,6.65,405.34,5.21,1
CHEMBL454288,Cc1ccc(Oc2ccccc2CN(C)C)cc1,IC50,3.46,8.46,241.33,3.85,1
CHEMBL488069,CN(C)Cc1ccc(C(F)(F)F)cc1Oc1ccc(Cl)c(Cl)c1,IC50,17.1,7.77,364.19,5.87,1
CHEMBL454657,CNCc1cc(F)c(OC)cc1Oc1ccc(Cl)c(Cl)c1,IC50,4.51,8.35,330.19,4.65,1
CHEMBL513629,CNC(C)c1ccc(Cl)cc1Oc1ccc(C)c(C)c1,IC50,115.0,6.94,289.81,5.03,1
CHEMBL469150,CNC[C@@H](O)[C@H](c1ccccc1)N(C)c1ccccc1C,IC50,2607.0,5.58,284.4,2.75,0
CHEMBL596806,CCC(C)OCC[C@]1(c2ccc(Cl)c(Cl)c2)[C@@H]2CNC[C@@H]21,Ki,0.3162,9.5,328.28,4.29,1
CHEMBL610220,FC(F)(F)COC[C@]1(c2ccc(Cl)c(Cl)c2)[C@@H]2CNC[C@@H]21,Ki,1.0,9.0,340.17,3.66,1
CHEMBL595055,CCN(CCCc1c[nH]c2ccc(F)cc12)C1COc2c(F)cc3c(c2C1)C(=O)NCC3,Ki,15.0,7.82,439.51,3.99,1
CHEMBL594357,O=C1NCCc2ccc3c(c21)CC(N(CCCc1c[nH]c2ccc(F)cc12)C1CCC1)CO3,Ki,28.0,7.55,447.55,4.38,1
CHEMBL594829,O=C1NCc2ccc3c(c21)CC(NCCCc1c[nH]c2ccc(F)cc12)CO3,Ki,8.0,8.1,379.44,3.08,1
CHEMBL592029,CCN(CCCc1c[nH]c2ccc(F)cc12)C1COc2ccc3c(c2C1)C(=O)NC3,Ki,8.0,8.1,407.49,3.81,1
CHEMBL595622,O=C1NCc2ccc3c(c21)CC(NCCCCc1c[nH]c2ccc(F)cc12)CO3,Ki,20.0,7.7,393.46,3.47,1
CHEMBL589141,O=C1NCc2ccc3c(c21)CC(N(CCCCc1c[nH]c2ccc(F)cc12)CC1CC1)CO3,Ki,139.0,6.86,447.55,4.59,1
CHEMBL498482,CNC[C@@H]1OCc2ccccc2[C@@H]1Oc1cccc(C)c1C,IC50,300.0,6.52,297.4,3.54,1
CHEMBL525717,CNC[C@H]1OCc2ccccc2[C@H]1Oc1ccccc1Cl,IC50,4500.0,5.35,303.79,3.58,0
CHEMBL138195,CNCCCCOc1cccc2ccccc12,Ki,31.0,7.51,229.32,3.22,1
CHEMBL363396,CN(C)Cc1ccccc1Sc1ccc(CCCF)cc1N,Ki,8.55,8.07,318.46,4.38,1
CHEMBL4217398,CC(C)(C)OC(=O)NCCCCCCn1cc(CCCCN2CCC(c3ccc(-c4cc(C(=O)O)cc5cc(-c6ccc(C(F)(F)F)cc6)ccc45)cc3)CC2)nn1,Ki,2080.0,5.68,797.96,10.77,0
CHEMBL503609,[11CH3]Oc1ccc2c(c1)CCN(CCCc1c[nH]c3ccc(Br)cc13)C2,Ki,11.4,7.94,398.33,4.93,1
CHEMBL4066784,Cc1cccc(Cl)c1-c1nc(CN2CCC(C(=O)NCCCN3C[C@H](C)C[C@H](C)C3)CC2)c(C)o1,Ki,2495.0,5.6,501.12,5.31,0
CHEMBL4744893,CN(C)CCN1C(=O)c2ccccc2CCc2ccccc21,Ki,12400.0,4.91,294.4,2.99,0
CHEMBL4088925,Cc1[nH]c2ccc(Cl)cc2c1C1=CCN(CCCNS(=O)(=O)c2ccc3ccccc3c2)CC1,Ki,16.0,7.8,494.06,5.74,1
CHEMBL4095555,O=S(=O)(NCCN1CC=C(c2c[nH]c3ccc(Cl)cc23)CC1)c1cccc(F)c1,Ki,3.6,8.44,433.94,4.03,1
CHEMBL4095979,O=S(=O)(NCCCCN1CC=C(c2c[nH]c3ccc(Cl)cc23)CC1)c1ccc(F)cc1,Ki,5.7,8.24,461.99,4.81,1
CHEMBL329065,COc1cc2c(cc1OC)C1=NO[C@@H](CN3CCN(C/C=C(\C)c4ccc(O)cc4)CC3)[C@@H]1CO2,Ki,7.6,8.12,479.58,3.24,1
CHEMBL141974,CNCCC(Oc1cccc2ccccc12)c1cccc(C(F)(F)F)c1,Ki,19.0,7.72,359.39,5.59,1
CHEMBL209689,Cc1ccc2c(c1)c(-c1ccnc3c(C)cccc13)c(C)n2CC(=O)O,IC50,2000.0,5.7,344.41,4.87,0
CHEMBL5900904,CNCc1cc(OCc2cc(F)ccc2F)n(CCC(C)C)n1,Ki,0.59,9.23,323.39,3.51,1
CHEMBL5867962,CNCc1cc(OCc2cc(Cl)ccc2F)n(CC2(C(F)(F)F)CC2)n1,Ki,4.9,8.31,391.8,4.32,1
CHEMBL5966892,CNCc1cc(OCc2ccccc2)n(C(C)C2CCCC2)n1,Ki,0.86,9.07,313.45,3.93,1
CHEMBL5875286,Fc1ccc(F)c(COc2cc(CNC3CC3)nn2CC2CCCCC2)c1,Ki,8.5,8.07,375.46,4.57,1
CHEMBL190700,CN(C)Cc1ccccc1Sc1ccccc1N,Ki,1.59,8.8,258.39,3.48,1
CHEMBL3817970,Cc1cccc(CN(C2CCOCC2)C2CCNC2)c1C,IC50,8.9,8.05,288.44,2.65,1
CHEMBL210116,CCOc1ccccc1CC(c1nccs1)N1CCNCC1,IC50,39.0,7.41,317.46,2.73,1
CHEMBL380758,CN[C@H]1CC[C@@H](c2ccc(Cl)c(Cl)c2)c2ccc(C(=O)OC)cc21,IC50,5.0,8.3,364.27,4.97,1
CHEMBL3775008,Clc1ccc(N2CCN(CCN3CCC(Cc4ccccc4)CC3)CC2)c(Cl)c1,IC50,4320.0,5.37,432.44,5.07,0
CHEMBL3774556,Clc1ccc(N2CCN(CCCN3CCC(Cc4ccccc4)CC3)CC2)cc1,IC50,2030.0,5.69,412.02,4.81,0
CHEMBL463388,CC1(c2ccc3[nH]ccc3c2)CCNC1,Ki,871.0,6.06,200.28,2.42,1
CHEMBL457931,NC(=O)c1cc2cc(C3(Cc4ccccc4)CCNC3)ccc2[nH]1,Ki,2.0,8.7,319.41,2.74,1
CHEMBL457930,N#Cc1cc2cc(C3(Cc4ccccc4)CCNC3)ccc2[nH]1,Ki,0.4,9.4,301.39,3.51,1
CHEMBL459176,Cn1ccc2cc(C3(Cc4ccccc4)CCNC3)ccc21,Ki,4.0,8.4,290.41,3.65,1
CHEMBL514759,COc1cccc(CC2(c3ccc4[nH]ccc4c3)CCNC2)c1,Ki,34.0,7.47,306.41,3.65,1
CHEMBL459165,c1ccc(CC2(c3ccc4cc[nH]c4c3)CCNC2)cc1,Ki,8.0,8.1,276.38,3.64,1
CHEMBL380191,Cc1ccc(CN(CC(C)C)C2CCNCC2)cc1,Ki,0.99,9.0,260.43,3.21,1
CHEMBL382001,CC(C)CN(Cc1ccc(C#N)cc1)C1CCNCC1.O=C(O)/C=C/C(=O)O,Ki,0.28,9.55,387.48,2.77,1
CHEMBL129053,COc1cccc2sc([C@@H]3CCN(C[C@H](O)COc4cccc5[nH]c(C)cc45)[C@@H](C)C3)cc12,Ki,0.86,9.07,464.63,5.71,1
CHEMBL78405,COc1ccc2cc([C@@H]3CCN(C[C@H](O)COc4cccc5[nH]ccc45)[C@@H](C)C3)sc2c1,Ki,1.1,8.96,450.6,5.4,1
CHEMBL311701,C[C@H]1C[C@H](c2cc3ccccc3s2)CCN1C[C@H](O)COc1cccc2[nH]ccc12,Ki,0.51,9.29,420.58,5.39,1
CHEMBL310883,COc1cccc2sc([C@H]3CCN(C[C@H](O)COc4cccc5[nH]ccc45)[C@@H](C)C3)cc12,Ki,13.59,7.87,450.6,5.4,1
CHEMBL208069,CCN(Cc1ccccc1C(F)(F)F)C1CCNCC1.O=C(O)/C=C/C(=O)O,Ki,8.0,8.1,402.41,3.28,1
CHEMBL382248,COCCN(Cc1ccccc1C(F)(F)F)C1CCNCC1.O=C(O)/C=C/C(=O)O,Ki,2.5,8.6,432.44,2.91,1
CHEMBL206153,N#CCCCN(Cc1ccc(F)cc1C(F)(F)F)C1CCNCC1.O=C(O)C(O)C(O)C(=O)O,Ki,0.4,9.4,493.45,3.7,1
CHEMBL208535,CC(C)CN(Cc1cc(Cl)ccc1Cl)C1CCNCC1.O=C(O)/C=C/C(=O)O,Ki,2.1,8.68,431.36,4.2,1
CHEMBL99868,COc1ccccc1/C=C(\C)CN1CCN(C[C@@H]2ON=C3c4cc(OC)c(OC)cc4OC[C@H]32)CC1,Ki,1.6,8.8,493.6,3.55,1
CHEMBL209324,COc1ccccc1N1CCN(CCCCNS(=O)(=O)c2ccc(C)cc2)CC1,Ki,200.0,6.7,417.58,2.88,1
CHEMBL379181,CN1CCCCCCCCCCCC(=O)OCC2C(CC3CCC2N3C)c2ccc1cc2,IC50,450.0,6.35,440.67,6.15,1
CHEMBL439849,N#Cc1ccc2[nH]cc(CCCCN3CCN(c4ccc5oc(C(N)=O)cc5c4)CC3)c2c1,IC50,0.67,9.17,441.54,4.03,1
CHEMBL4245867,O=C(NCCCN1CCN(c2cccc(Cl)c2Cl)CC1)c1ccc2ccccc2c1,IC50,740.0,6.13,442.39,5.09,1
CHEMBL3612826,O=C(NCCCN1CCC(Cc2ccccc2)CC1)c1cc2ccccc2[nH]1,IC50,546.0,6.26,375.52,4.24,1
CHEMBL3612833,O=C(NCCCN1CCC(Cc2ccccc2)CC1)c1ccc2ccccc2c1,IC50,108.0,6.97,386.54,4.91,1
CHEMBL419894,COc1cc2c(cc1OC)C1=NO[C@@H](CN3CCN(C/C=C/c4ccc(F)cc4)CC3)[C@@H]1CO2,Ki,5.6,8.25,467.54,3.29,1
CHEMBL147983,CCN[C@@H]1C[C@@H](c2ccc(Cl)c(Cl)c2)c2ccccc21,Ki,2.0,8.7,306.24,5.18,1
CHEMBL146615,CCCN[C@H]1C[C@@H](c2ccc(Cl)c(Cl)c2)c2ccccc21,Ki,1300.0,5.89,320.26,5.57,0
CHEMBL490613,O=c1ccc(-n2ccc3ccccc32)nn1CCCCN1CCN(c2cccc(C(F)(F)F)c2)CC1,Ki,109.0,6.96,495.55,4.81,1
CHEMBL479999,CN(C)Cc1cc(C(N)=O)ccc1Cc1ccc(Cl)c(Cl)c1,IC50,3.0,8.52,337.25,3.74,1
CHEMBL451165,CNCc1cc(C(N)=O)ccc1Cc1ccc(Cl)c(Cl)c1,IC50,4.0,8.4,323.22,3.4,1
CHEMBL479783,CSc1ccc(Sc2ccc(N(C)S(C)(=O)=O)cc2CN(C)C)cc1,IC50,5.0,8.3,396.6,4.02,1
CHEMBL479409,CN(C)Cc1cc(S(N)(=O)=O)ccc1Oc1ccc(OC(F)(F)F)cc1,IC50,9.0,8.05,390.38,3.09,1
CHEMBL361622,CN(C)CCCc1c[nH]c2cc(Cl)ccc12,IC50,36.0,7.44,236.75,3.32,1
CHEMBL2347176,ONCCCc1c[nH]c2ccc(F)cc12,Ki,20.0,7.7,208.24,2.22,1
CHEMBL2346670,CCN(CCc1c[nH]c2ccc(F)cc12)S(C)(=O)=O,Ki,174.0,6.76,284.36,2.13,1
CHEMBL3704750,CCOC(=O)NCCNC(CC(C)C)C1(c2ccc(Cl)c(Cl)c2)CCC1,Ki,1.0,9.0,401.38,5.17,1
CHEMBL3331507,Clc1cccc(N(Cc2ccc3ccccc3c2)C2CNC2)c1,IC50,99.9,7.0,322.84,4.47,1
CHEMBL3818117,Cl.O=C1NCCCN1C[C@@H]1CNCCO[C@H]1c1ccc(Cl)c(F)c1,IC50,12.0,7.92,378.28,2.17,1
CHEMBL3818345,Cl.O=c1[nH]c(-c2cccn(C[C@@H]3CNCCO[C@H]3c3ccc(Cl)c(F)c3)c2=O)no1,IC50,380.0,6.42,457.29,1.96,1
CHEMBL2337601,O=[N+]([O-])c1ccccc1O[C@H](c1ccccc1)[C@@H]1CCNC1,IC50,63.1,7.2,298.34,3.32,1
CHEMBL2337598,Fc1ccccc1O[C@H](c1ccccc1)[C@@H]1CCNC1,IC50,19.95,7.7,271.33,3.56,1
CHEMBL1946255,Clc1ccc(N2CCCN(CCCc3nc4ccccc4s3)CC2)cc1,Ki,34.0,7.47,385.96,5.09,1
CHEMBL3663906,Cc1noc(C)c1C1CN(C)Cc2ccccc21,Ki,1400.0,5.85,242.32,2.87,0
CHEMBL1172526,CC(C)CC1CNCCN1c1ccc2[nH]ncc2c1,Ki,5.012,8.3,258.37,2.39,1
CHEMBL1170017,NC(=O)c1cc2cc(N3CCNCC3Cc3ccccc3)ccc2[nH]1,Ki,7.943,8.1,334.42,2.29,1
CHEMBL451620,CNCC1(O)Cc2ccccc2C1Cc1ccccc1C,IC50,2500.0,5.6,281.4,2.83,0
CHEMBL3912020,COc1ccc(Br)c(CC2CCN(CCc3cc(OC)c(OC)cc3Cl)CC2)c1,Ki,28.0,7.55,482.85,5.63,1
CHEMBL419336,COc1cc2c(cc1OC)C1=NO[C@@H](CN3CCN(C/C(C)=C/c4cccc(F)c4F)CC3)[C@@H]1CO2,Ki,7.1,8.15,499.56,3.81,1
CHEMBL332506,COC(=O)C1C2CCC(C[C@@H]1OC1c3ccccc3-c3ccccc31)N2C,IC50,3440.0,5.46,363.46,3.8,0
CHEMBL334929,CNCCC(Oc1cccc2ccccc12)c1ccccc1C(F)(F)F,Ki,10.0,8.0,359.39,5.59,1
CHEMBL3105242,O=C(O)[C@H]1[C@@H](c2ccc(I)cc2)C[C@@H]2CC[C@H]1N2C/C=C/I,Ki,71.4,7.15,523.15,4.26,1
CHEMBL2207490,CCCN1CCC(c2n[nH]c3ccccc23)CC1,Ki,5638.0,5.25,243.35,3.15,0
CHEMBL2347852,FC(F)(F)c1cc(COC[C@]2(c3ccccc3)CCCNCC2)cc(C(F)(F)F)c1,IC50,2.9,8.54,431.42,5.95,1
CHEMBL316428,COC(=O)C1=C(c2ccc3ccccc3c2)CC2[C@@H](O)CC1N2C,IC50,260.0,6.58,323.39,2.6,1
CHEMBL419385,CN(C)C[C@H]1C2CCC(C2)[C@@H]1c1ccc2cc(O)ccc2c1,Ki,47.0,7.33,295.43,4.24,1
CHEMBL147544,Clc1ccc([C@@H]2C[C@H](NCc3ccccc3)c3ccccc32)cc1Cl,Ki,2100.0,5.68,368.31,6.36,0
CHEMBL101250,Cc1ccc([C@H]2C[C@H]3CCC4C2[C@](C)(O)CN43)cc1,IC50,147.0,6.83,257.38,2.7,1
CHEMBL201960,CCCC(C(=O)c1ccc(C)cc1)N1CCCC1,Ki,3770.0,5.42,245.37,3.44,0
CHEMBL3104093,CN1CCc2c(c3cccc4c3n2CCc2ccccc2-4)C1,Ki,416.87,6.38,288.39,3.85,1
CHEMBL2337605,Clc1cccc(Cl)c1O[C@@H](c1ccccc1)[C@H]1CCNC1,IC50,10.0,8.0,322.24,4.72,1
CHEMBL2337602,Clc1cccc(O[C@@H](c2ccccc2)[C@H]2CCNC2)c1Cl,IC50,10.0,8.0,322.24,4.72,1
CHEMBL1276962,CN(Cc1ccccc1)C1CCC(c2c[nH]c3ccc(C#N)cc23)C1,IC50,5.3,8.28,329.45,4.81,1
CHEMBL1277049,N#Cc1ccc2[nH]cc(C3CCC(N4CCCC4)C3)c2c1,IC50,3.0,8.52,279.39,3.77,1
CHEMBL3217173,Cc1cccc(N2CCN(CCCNC(=O)c3nc(C)n(-c4ccc(F)cc4)c3C)CC2)c1C.Cl.Cl,IC50,21.6,7.67,536.52,4.19,1
CHEMBL3216959,Cc1c(Cl)cccc1N1CCN(CCCNC(=O)c2nc(-c3ccccc3)n(-c3ccc(F)cc3)c2C)CC1.Cl.Cl.Cl,IC50,281.9,6.55,655.47,5.89,1
CHEMBL3216755,Cc1c(Cl)cccc1N1CCN(CCCNC(=O)c2nc(C)n(-c3ccc4c(c3)OCCO4)c2C)CC1.Cl.Cl.Cl,IC50,2.7,8.57,633.45,4.16,1
CHEMBL3216756,CCCc1nc(C(=O)NCC(O)CN2CCN(c3cccc(Cl)c3C)CC2)c(C)n1-c1ccccc1.Cl.Cl.Cl,IC50,6.2,8.21,619.47,4.01,1
CHEMBL496913,CN1[C@H]2CC[C@@H]1[C@@H](C#Cc1ccc(N)cc1)[C@@H](c1ccc(Cl)cc1)C2.Cl,Ki,19.0,7.72,387.35,4.54,1
CHEMBL522699,CN1[C@H]2CC[C@@H]1[C@@H](C#Cc1ccc([N+](=O)[O-])cc1)[C@@H](c1ccc(Cl)cc1)C2.Cl,Ki,620.0,6.21,417.34,4.87,1
CHEMBL35411,Fc1ccc(C(OCCC2CCN(Cc3cccc4ccccc34)CC2)c2ccc(F)cc2)cc1,Ki,370.0,6.43,471.59,7.53,1
CHEMBL1683897,NCC1(c2cccc3ccccc23)CCCCC1,IC50,1517.0,5.82,239.36,4.0,0
CHEMBL3235465,CC(=O)c1ccc2c(c1)oc(=O)n2CCCCN1CCN(c2ccc(F)cc2)CC1,Ki,159.0,6.8,411.48,3.54,1
CHEMBL34730,COc1cc2c(CCNC(C)=O)c[nH]c2cc1Cl,Ki,4376.23,5.36,266.73,2.51,0
CHEMBL1707,CN(C)C(=O)C(CCN1CCC(O)(c2ccc(Cl)cc2)CC1)(c1ccccc1)c1ccccc1.Cl,Ki,517.19,6.29,513.51,5.09,1
CHEMBL338313,COC(=O)C1C2CCC(C[C@@H]1OC(c1ccccc1)c1ccc(Cl)cc1)N2C,IC50,5960.0,5.22,399.92,4.47,0
CHEMBL611962,CN1C2CCC1[C@@H](C(=O)Nc1ccc(NC(=O)[C@H]3C4CCC(C[C@@H]3c3ccc(-c5ccsc5)cc3)N4C)cc1)[C@@H](c1ccc(-c3ccsc3)cc1)C2,Ki,270.0,6.57,727.01,9.55,1
CHEMBL607546,CN1C2CCC1[C@@H](C(=O)Nc1ccc(CCNC(=O)[C@H]3C4CCC(C[C@@H]3c3ccc(-c5ccsc5)cc3)N4C)cc1)[C@@H](c1ccc(-c3ccsc3)cc1)C2,Ki,340.0,6.47,755.07,9.27,1
CHEMBL608704,CN1C2CCC1[C@@H](C(=O)Nc1ccc(NC(=O)[C@H]3C4CCC(C[C@@H]3c3ccc(Cl)cc3)N4C)cc1)[C@@H](c1ccc(Cl)cc1)C2,Ki,3200.0,5.5,631.65,7.4,0
CHEMBL1818444,Cc1csc([C@@]23CNCC[C@]2(c2ccc(Cl)c(Cl)c2)C3)n1,Ki,0.5012,9.3,339.29,4.33,1
CHEMBL562118,CNC[C@H]1CCC[C@@H]1c1c[nH]c2ccc(C#N)cc12,IC50,7.0,8.15,253.35,3.14,1
CHEMBL553224,CNC[C@@H]1C[C@@]1(Oc1cccc2ccccc12)c1cccs1.Cl,Ki,2.01,8.7,345.9,4.41,1
CHEMBL496911,CN1[C@H]2CC[C@@H]1[C@@H](c1cn(CCN3CCCCC3)nn1)[C@@H](c1ccc(Cl)cc1)C2.Cl,Ki,138.0,6.86,450.46,4.15,1
CHEMBL171377,COc1ccc([C@@H](C)N[C@@H]2CC[C@@H](C(=O)N3CCC(c4ccccc4)(c4ccc(OC)nc4)CC3)C(C)(C)C2)cc1,IC50,14.0,7.85,555.76,6.55,1
CHEMBL549510,CSc1ccccc1C(=O)N(C1CCCC1)[C@H]1CCNC1,Ki,36.0,7.44,304.46,3.16,1
CHEMBL559802,O=C(c1ccccc1C(F)(F)F)N(CC1CC1)[C@H]1CCNC1,Ki,581.0,6.24,312.34,2.92,1
CHEMBL294733,COC(=O)C1C(c2cccc(-c3ccccc3)c2)CC2CCC1N2C,Ki,38.6,7.41,335.45,4.09,1
CHEMBL598216,OCC[C@H]1[C@@H]2CNC[C@]12c1ccc(Cl)c(Cl)c1,Ki,2.512,8.6,272.17,2.46,1
CHEMBL599240,Fc1ccc(OC[C@H]2[C@@H]3CNC[C@@]32c2ccc(Cl)c(Cl)c2)cc1,Ki,1.259,8.9,352.24,4.3,1
CHEMBL597190,FC(F)(F)COC[C@@H]1[C@H]2CNC[C@]21c1ccc(Cl)c(Cl)c1,Ki,0.631,9.2,340.17,3.66,1
CHEMBL605502,CCOC[C@H]1[C@@H]2CN(C)C[C@]12c1ccc(Cl)c(Cl)c1,Ki,1.259,8.9,300.23,3.46,1
CHEMBL494624,CN1[C@H]2CC[C@@H]1[C@H](C=C(Br)Br)[C@@H](c1ccc(Cl)cc1)C2.Cl,Ki,76.0,7.12,456.05,5.54,1
CHEMBL524188,Cc1ccc([C@H]2C[C@@H]3CC[C@H]([C@@H]2C=C(Br)Br)N3C)cc1.Cl,Ki,252.0,6.6,435.63,5.19,1
CHEMBL42553,COC(=O)[C@@H]1C2CCC(C[C@@H]1c1ccc(Cl)c(Cl)c1)N2C,IC50,2.5,8.6,328.24,3.73,1
CHEMBL514232,CN(C)S(=O)(=O)N(Cc1ccccc1-c1ccccc1)[C@H]1CCNC1,Ki,3330.0,5.48,359.5,2.32,0
CHEMBL476116,CC(C)C(=O)N(Cc1ccccc1-c1ccccc1)[C@H]1CCNC1,Ki,960.0,6.02,322.45,3.7,1
CHEMBL477782,CCC(=O)N(Cc1ccccc1-c1ccccc1)[C@H]1CCNC1,Ki,2680.0,5.57,308.43,3.45,0
CHEMBL26649,Fc1ccc(C(OCCN2CCN(CCc3ccccc3)CC2)c2ccc(F)cc2)cc1,Ki,36.0,7.44,436.55,4.93,1
CHEMBL397889,CN(C)Cc1cc(OCCCO)ccc1Sc1ccc(Br)cc1N,Ki,0.21,9.68,411.37,4.01,1
CHEMBL439423,C#CCN(C)C(=O)[C@@]1(c2ccsc2)C[C@H]1CN,IC50,34.0,7.47,248.35,1.06,1
CHEMBL255449,C=CCN(C(=O)[C@@]1(c2ccsc2)C[C@H]1CN)C1CC1,IC50,26.0,7.58,276.41,2.14,1
CHEMBL257808,CCN(CC)C(=O)[C@@]1(c2csc3ccccc23)C[C@H]1CN,IC50,3100.0,5.51,302.44,2.99,0
CHEMBL401976,CCN(CC)C(=O)[C@@]1(c2ccccn2)C[C@H]1CN,IC50,3500.0,5.46,247.34,1.17,0
CHEMBL3323094,CN1Cc2ccccc2C(c2cccc3ccoc23)C1,IC50,31.0,7.51,263.34,4.01,1
CHEMBL403441,CCOc1ccccc1C[C@H](c1ccccc1)N1CCNCC1,IC50,14.0,7.85,310.44,3.27,1
CHEMBL260038,CNCc1cnc(C)cc1Oc1ccc(C)cc1OC,IC50,18.0,7.75,272.35,3.22,1
CHEMBL3321791,OC1(c2ccc(Cl)cc2)CC2CCC(C1)N2CCCSc1cccc(F)c1,Ki,227.0,6.64,405.97,5.48,1
CHEMBL436673,CCc1ccccc1Oc1cc(C)ncc1CN(C)C,Ki,279.0,6.55,270.38,3.81,1
CHEMBL486045,CN[C@H]1Cc2ccccc2[C@H](Oc2ccccc2C)C1,IC50,590.0,6.23,267.37,3.65,1
CHEMBL67387,COC(=O)C1C(c2cccc(I)c2)CC2CCC1N2C,Ki,9.63,8.02,385.25,3.03,1
CHEMBL526849,CCN(CCc1ccc(OC(F)(F)F)cc1)CCN1CCCCC1,Ki,3303.0,5.48,344.42,3.94,0
CHEMBL2207491,CCCN1CCC(n2ccc3ccccc32)CC1,Ki,54.0,7.27,242.37,3.69,1
CHEMBL148104,CN([C@@H]1C[C@@H](c2ccc(Cl)c(Cl)c2)c2ccccc21)C(C)(C)C,Ki,4700.0,5.33,348.32,6.3,0
CHEMBL2430699,O=C1NCC(c2ccc(Cl)c(Cl)c2)C1c1ccc2ccccc2c1,IC50,965.4,6.01,356.25,5.14,1
CHEMBL299890,COC(=O)C1C(c2ccc(F)cc2)CC2CCC1N2Cc1ccccc1,IC50,1073.0,5.97,353.44,4.14,0
CHEMBL4865485,CNCCC(Oc1ccccc1)c1ccccc1,Ki,1458.0,5.84,241.33,3.42,0
CHEMBL4857489,COC(=O)C1CCC2CC(O)C1N2c1ccccc1,IC50,15.0,7.82,261.32,1.58,1
CHEMBL4472066,O=C1CC(c2c[nH]c3ccc(F)cc23)C(=O)N1CCN1CCC(c2c[nH]c3ccc(F)cc23)CC1,Ki,314.0,6.5,476.53,4.65,1
CHEMBL4456442,COc1ccc2[nH]cc(C3CCN(CCN4C(=O)CC(c5c[nH]c6ccc(OC)cc56)C4=O)CC3)c2c1,Ki,63.0,7.2,500.6,4.39,1
CHEMBL4553259,COc1ccc2[nH]cc(C3CC(=O)N(CCCN4CCC(c5c[nH]c6ccc(F)cc56)CC4)C3=O)c2c1,Ki,30.0,7.52,502.59,4.91,1
CHEMBL4571321,COc1ccc2[nH]cc(C3CC(=O)N(CCCCN4CCC(c5c[nH]c6ccc(F)cc56)CC4)C3=O)c2c1,Ki,17.5,7.76,516.62,5.3,1
CHEMBL4286313,Clc1cccc(N2CCN(CCOc3ccc4ccccc4c3)CC2)c1,IC50,1860.0,5.73,366.89,4.69,0
CHEMBL3797621,CN(C)CCCN1c2ccccc2CCc2ccc(C#CCO)cc21,Ki,35.0,7.46,334.46,3.22,1
CHEMBL4226242,CN1Cc2c(N)cccc2C(c2ccc(Cl)c(Cl)c2)C1,Ki,10.3,7.99,307.22,4.15,1
CHEMBL4228747,Cc1cc2cc(OC3C[C@H]4CC[C@@H](C3)N4)ccc2oc1=O,IC50,0.72,9.14,285.34,2.76,1
CHEMBL4853402,COCCCC/C(=N\OCCN)c1ccc(Cl)c(Cl)c1,Ki,9.0,8.05,319.23,3.49,1
CHEMBL3331469,Cl.c1ccc(N(Cc2ccc3ccccc3c2)C2CNC2)cc1,IC50,11.9,7.92,324.86,3.82,1
CHEMBL2380974,CN(Cc1ccccc1)C[C@@H]1CCC[C@H]1c1ccc2[nH]cc(C#N)c2c1,IC50,140.0,6.85,343.47,5.06,1
CHEMBL1516187,NCCSC(c1ccccc1)c1ccccc1,Ki,630.0,6.2,243.38,3.47,1
CHEMBL2441437,O=C1OCc2cc(CCN3CCN(C(=O)Cc4ccc(-n5cnnn5)cc4)CC3)ccc21,IC50,9100.0,5.04,432.48,1.26,0
CHEMBL2333635,C/C=C/c1cc(C(F)(F)F)cc(COCC2(c3ccc(F)cc3)CCN(C)CC2)n1,IC50,10.0,8.0,422.47,5.45,1
CHEMBL5946602,CC(N(C)C)C1(c2ccc3ccccc3c2)CCC(C)(O)CC1,IC50,18.0,7.75,311.47,4.35,1
CHEMBL5757576,CC(N)C1(c2ccc(-c3ccco3)cc2)CCCCC1,IC50,63.0,7.2,269.39,4.5,1
CHEMBL6016618,CN(C)CC1(c2ccc(Cl)cc2)CCCCC1O,IC50,439.0,6.36,267.8,3.07,1
CHEMBL6014858,CNC(C)C1(c2cccc3ccccc23)CCCCC1,IC50,4396.0,5.36,267.42,4.65,0
CHEMBL5809008,CNCC1(c2ccc3ccccc3c2)CCC(F)CC1,IC50,744.0,6.13,271.38,4.21,1
CHEMBL5778654,CNCC1(c2ccc(Cl)c(Cl)c2)CCC(C)(O)CC1,IC50,830.0,6.08,302.25,3.78,1
CHEMBL5770646,NCC1(c2ccc(S)cc2)CCCCC1,IC50,1905.0,5.72,221.37,3.14,0
CHEMBL5848698,CNCC1(c2ccc(Cl)c(Cl)c2)CCC(F)CC1,IC50,1052.0,5.98,290.21,4.36,0
CHEMBL4227238,COCCOc1cc(CC2CCN(CCc3ccc4c(c3)OCCO4)CC2)ccc1Br,Ki,2.39,8.62,490.44,4.74,1
CHEMBL4228218,COCCOc1cc(Br)cc(CC2CCN(CCc3ccc4c(c3)C(=O)CCO4)CC2)c1,Ki,5.32,8.27,502.45,4.94,1
CHEMBL4229131,COCCOc1cc(CC2CCN(CCc3ccc4c(c3)C(=O)CCO4)CC2)ccc1I,Ki,0.41,9.39,549.45,4.78,1
CHEMBL4225635,COCCOc1cc(CC2CCN(CCc3ccc4c(c3)C(=O)CCO4)CC2)ccc1C(C)C,Ki,246.0,6.61,465.63,5.3,1
CHEMBL3593394,Cl.OC[C@H]1CNCCO[C@H]1c1ccc(Cl)c(Cl)c1,IC50,120.0,6.92,312.62,2.26,1
CHEMBL3593391,Cl.OC[C@]1(c2ccc(Cl)c(Cl)c2)CCNCCO1,IC50,330.0,6.48,312.62,2.19,1
CHEMBL445102,OC1(c2ccc(Cl)cc2)CCN(Cc2c[nH]c3ccccc23)CC1,Ki,29.5,7.53,340.85,4.3,1
CHEMBL3775703,Clc1ccc(N2CCN(CCCN3CCC(Cc4ccccc4)CC3)CC2)c(Cl)c1,IC50,1460.0,5.84,446.47,5.46,0
CHEMBL3612834,O=C(NCCCN1CCC(Cc2ccccc2)CC1)c1ccc2cc(Br)ccc2c1,IC50,1914.0,5.72,465.44,5.68,0
CHEMBL3334776,Clc1ccc(C(CCN2CCOCC2)N2CCCC2)cc1Cl,IC50,389.4,6.41,343.3,3.85,1
CHEMBL2407323,CCOC(=O)C(c1ccc(Cl)c(Cl)c1)C1CCNCC1.Cl,IC50,9.3,8.03,352.69,3.64,1
CHEMBL4464476,N#Cc1ccc2[nH]cc(CCCCN3CCN(c4c5c(nc6ccccc46)CCCC5)CC3)c2c1,IC50,15.8,7.8,463.63,5.61,1
CHEMBL1196025,COc1cc2c(cc1OC)CN(C)CC2,Ki,46700.0,4.33,207.27,1.69,0
CHEMBL3663911,COc1cccc2cc(C3CN(C)Cc4ccccc43)oc12,Ki,26.8,7.57,293.37,4.02,1
CHEMBL3317696,Cl.O=C1CNCC(F)(F)CN1c1ccc(Cl)c(Cl)c1,IC50,1300.0,5.89,331.58,2.56,0
CHEMBL370158,C[N+]1(CCl)C2C=C(c3ccccc3-c3ccccc3)CC1CC2,IC50,16100.0,4.79,324.88,5.31,0
CHEMBL3317705,C[C@H]1NCCCN(c2ccc3ccccc3c2)C1=O.Cl,IC50,260.0,6.58,290.79,2.55,1
CHEMBL3317695,CC1CNCC(=O)N(c2ccc(Cl)c(Cl)c2)C1.Cl,IC50,2200.0,5.66,309.62,2.57,0
CHEMBL3317694,Cl.O=C1CNCCCN1c1ccc(Cl)c(Cl)c1,IC50,50.0,7.3,295.6,2.32,1
CHEMBL421546,COC(=O)C1=C(c2ccc3ccccc3c2)CC2C[C@@H](O)C1N2C,IC50,677.0,6.17,323.39,2.6,1
CHEMBL2431797,COC1OC[C@@H](Cc2ccc3c(c2)OCO3)[C@@H]1Cc1ccc2c(c1)OCO2,IC50,90300.0,4.04,370.4,3.16,0
CHEMBL4591262,O=C1CC(c2c[nH]c3ccc(F)cc23)C(=O)N1CCN1CCC(c2c[nH]c3ccccc23)CC1,Ki,102.0,6.99,458.54,4.51,1
CHEMBL4482920,COc1ccc2[nH]cc(C3CC(=O)N(CCCN4CCC(c5c[nH]c6ccccc56)CC4)C3=O)c2c1,Ki,523.0,6.28,484.6,4.77,1
CHEMBL4483554,COc1ccc2[nH]cc(C3CC(=O)N(CCCCN4CCC(c5c[nH]c6ccccc56)CC4)C3=O)c2c1,Ki,705.0,6.15,498.63,5.16,1
CHEMBL3334793,CN(C)CCC(c1cc2ccccc2s1)N1CCOCC1,IC50,449.2,6.35,304.46,3.23,1
CHEMBL4069245,Cc1c([C@@H](O)CN2CCC3(CC2)CCN(c2ccc(=O)n(C)n2)C3=O)ccc2c1COC2=O,IC50,10400.0,4.98,452.51,1.31,0
CHEMBL5207117,CCCCn1c(-c2cccc(Oc3ccc(Cl)cc3)c2)nc2cc(N3CCN(CCCCc4c[nH]c5ccc(C#N)cc45)CC3)ccc21,IC50,11.67,7.93,657.26,9.45,1
CHEMBL3817898,COc1ccc(C(=O)CCCN2CCc3ccccc3C2)cc1,Ki,2442.0,5.61,309.41,3.72,0
CHEMBL3764950,O=C(Cn1cnccc1=O)Nc1ccc(C[C@@H]2CC[C@H]([C@H](O)c3ccccc3)N2)cc1,IC50,700.0,6.16,418.5,2.28,1
CHEMBL1215762,CN(C)CCCC1(c2ccc(F)cc2)OCc2cc(/C=C/c3ccccc3)ccc21,IC50,3400.0,5.47,401.53,6.11,0
CHEMBL3703740,Fc1cc2c(cc1-c1ccc(C(F)(F)F)nn1)CNCC2c1ccc(Cl)c(Cl)c1,IC50,30.0,7.52,442.24,5.84,1
CHEMBL3323176,CN1Cc2cc(F)ccc2C(c2ccc3sccc3c2)C1,IC50,8.4,8.08,297.4,4.62,1
CHEMBL209784,CCCN(CCCCc1c[nH]c2ccc(F)cc12)C1COc2c(F)ccc(C(N)=O)c2C1,IC50,217.0,6.66,441.52,4.58,1
CHEMBL209262,CCN(CCCc1c[nH]c2ccc(F)cc12)C1COc2cccc(OC)c2C1,IC50,64.0,7.19,382.48,4.57,1
CHEMBL379536,NC(=O)c1cccc(CC(c2ccccc2)N2CCNCC2)c1,IC50,210.0,6.68,309.41,1.97,1
CHEMBL213287,Clc1ccccc1CC(c1ccccc1)N1CCNCC1,IC50,5.4,8.27,300.83,3.53,1
CHEMBL210126,CCc1ccccc1CC(c1ccccc1)N1CCNCC1,IC50,16.0,7.8,294.44,3.44,1
CHEMBL5619931,NC(=O)c1cc2cc(N3CCN(CCc4cc5c(cc4F)OCC(=O)N5)CC3)ccc2o1,IC50,65.0,7.19,438.46,2.37,1
CHEMBL3775085,Brc1ccc(N2CCN(CCN3CCC(Cc4ccccc4)CC3)CC2)cc1,IC50,4920.0,5.31,442.45,4.53,0
CHEMBL3775177,c1ccc(CC2CCN(CCCN3CCN(c4ccccc4)CC3)CC2)cc1,IC50,1360.0,5.87,377.58,4.15,0
CHEMBL197696,CN(C)C(=O)Oc1ccc2c(c1)C=CCN(C)[C@@H]2CCOc1ccc([N+](=O)[O-])cc1,IC50,6.0,8.22,411.46,4.12,1
CHEMBL124670,COC(=O)C1C2CCC(C[C@@H]1OC(c1ccc(F)cc1)c1ccc(F)cc1)N2CCCc1ccc(Br)cc1,IC50,234.0,6.63,584.5,6.86,1
CHEMBL4470395,O=C1CC(c2c[nH]c3ccc(F)cc23)C(=O)N1CCCN1CCC(c2c[nH]c3ccc(F)cc23)CC1,Ki,140.0,6.85,490.55,5.04,1
CHEMBL220819,CC(=O)c1cccc(NC(=O)NCCC[C@H]2C[C@H](Cc3ccc(F)cc3)CCN2CC2CC2)c1,Ki,117.0,6.93,465.61,5.66,1
CHEMBL3309701,Fc1ccccc1OC(CC1CNC1)c1ccc(Cl)c(Cl)c1,IC50,73.8,7.13,340.23,4.86,1
CHEMBL569364,CCCN(C(=O)c1ccccc1C(C)C)[C@H]1CCNC1,Ki,5210.0,5.28,274.41,3.02,0
CHEMBL558651,CC(C)CN(C(=O)c1ccccc1Oc1ccccc1)[C@H]1CCNC1,Ki,160.0,6.8,338.45,3.94,1
CHEMBL564935,O=C(c1ccccc1Oc1ccccc1)N(c1ccccc1)[C@H]1CCNC1,Ki,68.0,7.17,358.44,4.49,1
CHEMBL214209,CN1C2CCC1C1COC(=O)CCCCCC(=O)Nc3ccc(cc3)C1C2,IC50,200.0,6.7,370.49,3.7,1
CHEMBL552341,NS(=O)(=O)c1cccc(CN(c2ccc3[nH]ccc3c2)C2CCNCC2)c1,Ki,6.31,8.2,384.51,2.57,1
CHEMBL557119,Fc1ccccc1CN(c1ccc2[nH]ccc2c1)C1CCNCC1,Ki,3.981,8.4,323.42,4.07,1
CHEMBL550932,CNCCN(c1ccccc1)c1ccc2[nH]ccc2c1,Ki,398.11,6.4,265.36,3.53,1
CHEMBL559319,CC(C)c1ccccc1C(=O)N(CC1CCC1)[C@@H]1CCNC1,Ki,1990.0,5.7,300.45,3.41,0
CHEMBL201556,[2H]C([2H])([2H])N(C[C@H]1CCCC[C@]1(O)c1cccc(O)c1)C([2H])([2H])[2H],IC50,9900.0,5.0,255.39,2.33,0
CHEMBL558525,CNC[C@H]1C[C@]1(Oc1cccc2ccccc12)c1cccs1.Cl,Ki,30.4,7.52,345.9,4.41,1
CHEMBL376952,c1ccc(C(Cc2ccccn2)N2CCNCC2)cc1,IC50,230.0,6.64,267.38,2.27,1
CHEMBL213229,CCOc1ccccc1CC(c1cccnc1)N1CCNCC1,IC50,46.0,7.34,311.43,2.67,1
CHEMBL214395,CCOc1ccccc1CC(c1cccc(F)c1)N1CCNCC1,IC50,28.0,7.55,328.43,3.41,1
CHEMBL1237044,COc1cccc(C2(O)CCCCC2CN(C)C)c1,Ki,198.0,6.7,263.38,2.63,1
CHEMBL3094176,CN(CCCC1(c2ccc(F)cc2)OCc2cc(C#N)ccc21)CCc1ccccc1,IC50,5300.0,5.28,414.52,5.43,0
CHEMBL796,COC(=O)C(c1ccccc1)C1CCCCN1,Ki,65000.0,4.19,233.31,2.09,0
CHEMBL421867,c1ccc(CCCNC2CCN(CCOC(c3ccccc3)c3ccccc3)CC2)cc1,IC50,390.0,6.41,428.62,5.48,1
CHEMBL394356,COc1ccc2[nH]cc(C3=CCC(N(C)C)CC3)c2c1,IC50,150.0,6.82,270.38,3.67,1
CHEMBL285777,COc1ccc2[nH]cc(C3=CCN(C)CC3)c2c1,IC50,730.0,6.14,242.32,2.9,1
CHEMBL27227,CN1CC=C(c2c[nH]c3ccc(Br)cc23)CC1,IC50,210.0,6.68,291.19,3.65,1
CHEMBL1643510,CN(C)C1CCN(c2ccc(Cl)c(Cl)c2)c2ccccc21,IC50,3.0,8.52,321.25,5.14,1
CHEMBL336940,COc1cccc2c1C1=NCCN1C2(O)c1ccc(Cl)cc1,Ki,870.0,6.06,314.77,2.62,1
CHEMBL245309,CC(C)N1CCN(C(=O)c2ccc(C(CCN(C)C)Oc3ccccc3)cc2)CC1,Ki,245.0,6.61,409.57,3.92,1
CHEMBL103138,COC(=O)c1ccccc1-c1ccc(F)cc1,IC50,33000.0,4.48,230.24,3.28,0
CHEMBL3126962,N[C@H]1CC[C@](COCc2cc(C(F)(F)F)cc(C(F)(F)F)c2)(c2ccccc2)C1,IC50,350.0,6.46,417.39,5.69,1
CHEMBL388255,COC(=O)[C@@H]1CN(C)CC[C@H]1c1ccccc1,Ki,46700.0,4.33,233.31,1.89,0
CHEMBL225235,Cc1ccc([C@H]2CC3CCC([C@H]2c2ccc(F)cc2)N3C)cc1,IC50,100.0,7.0,309.43,4.87,1
CHEMBL220713,CC(=O)c1cc(NC(=O)NCCC[C@H]2C[C@H](Cc3ccc(F)cc3)CCN2CCF)cc(C(C)=O)c1,Ki,49.0,7.31,499.6,5.43,1
CHEMBL376737,CC(=O)CN1CC[C@@H](Cc2ccc(F)cc2)C[C@@H]1CCCNC(=O)Nc1cc(C(C)=O)cc(C(C)=O)c1,Ki,11.0,7.96,509.62,5.04,1
CHEMBL221067,CCCN1CC[C@@H](Cc2ccc(F)cc2)C[C@@H]1CCCNC(=O)Nc1cccc(C(C)=O)c1,Ki,296.0,6.53,453.6,5.66,1
CHEMBL377678,FC(F)(F)CCN(Cc1ccccc1C(F)(F)F)C1CCNCC1.O=C(O)/C=C/C(=O)O,Ki,2.8,8.55,470.41,4.21,1
CHEMBL383734,CCC(CC)N(Cc1ccccc1C(F)(F)F)C1CCNCC1.O=C(O)/C=C/C(=O)O,Ki,6.8,8.17,444.49,4.45,1
CHEMBL377882,FC(F)(F)c1ccccc1CN(CC1CC1)C1CCNCC1.O=C(O)/C=C/C(=O)O,Ki,1.5,8.82,428.45,3.67,1
CHEMBL208070,CC(C)OCCN(Cc1ccc(F)cc1C(F)(F)F)C1CCNCC1.O=C(O)C(O)C(O)C(=O)O,Ki,3.0,8.52,512.5,3.82,1
CHEMBL208533,CC(C)CN(Cc1cccc(C(F)(F)F)c1Cl)C1CCNCC1.O=C(O)/C=C/C(=O)O,Ki,0.48,9.32,464.91,4.57,1
CHEMBL550401,CC(C)c1ccccc1C(=O)N(C1CCCC1)[C@H]1CCNC1,Ki,663.0,6.18,300.45,3.56,1
CHEMBL5618922,CC(=O)Nc1nc2ccc(CCN3CCN(c4ccc5oc(C(N)=O)cc5c4)CC3)cc2s1,IC50,80.0,7.1,463.56,3.46,1
CHEMBL5620090,NC(=O)c1cc2cc(N3CCN(CCc4ccc5ccc(=O)[nH]c5c4)CC3)ccc2s1,IC50,3.0,8.52,432.55,3.21,1
CHEMBL5618995,NC(=O)c1cc2c(N3CCN(CCc4ccc5c(c4)NC(=O)CC5)CC3)cccc2s1,IC50,2.0,8.7,434.57,3.25,1
CHEMBL455937,COc1ccc([C@H]2C[C@H]3CC[C@H]([C@H]2C(=O)OC2CCC2)N3C)cc1.Cl,Ki,100.0,7.0,365.9,3.36,1
CHEMBL300115,O[C@H](COc1cccc2[nH]ccc12)CN1CCC(c2cc3ccccc3s2)CC1,Ki,16.75,7.78,406.55,5.0,1
CHEMBL549917,C[C@@H](N[C@@H]1CC[C@@H](C(=O)N2CCC(C(=O)N3CCCC3)(c3ccccc3)CC2)C(C)(C)C1)c1ccc(F)cc1,IC50,130.0,6.89,533.73,5.85,1
CHEMBL551933,COc1ccc([C@@H](C)N[C@@H]2CC[C@@H](C(=O)N3CCC(c4ccccc4)(N4CCCNC4=O)CC3)C(C)(C)C2)cc1,IC50,24.0,7.62,546.76,5.47,1
CHEMBL561193,COc1ccc([C@@H](C)N[C@@H]2CC[C@@H](C(=O)C3CCC(c4ccccc4)(N(C)C(C)=O)CC3)C(C)(C)C2)cc1,IC50,14.0,7.85,518.74,6.67,1
CHEMBL551206,COc1ccc([C@@H](C)N[C@@H]2CC[C@@H](C(=O)N3CCC(c4ccccc4)(c4ccc(Cl)nc4)CC3)C(C)(C)C2)cc1,IC50,8.0,8.1,560.18,7.2,1
CHEMBL559045,COc1ccc([C@@H](C)N[C@@H]2CC[C@@H](C(=O)N3CCC(c4ccccc4)(c4cccnc4)CC3)C(C)(C)C2)cc1,IC50,17.0,7.77,525.74,6.54,1
CHEMBL186242,COC(=O)C1=C(c2ccc(Cl)c(Cl)c2)CC2CCC1S2,IC50,3600.0,5.44,329.25,4.59,0
CHEMBL218997,N#Cc1cccc(NC(=O)NCCC[C@H]2C[C@H](Cc3ccccc3)CCN2)c1,Ki,35.0,7.46,376.5,4.07,1
CHEMBL221903,C=CCN1CC[C@@H](Cc2ccc(F)cc2)C[C@@H]1CCCNC(=O)Nc1cccc(C(C)=O)c1,Ki,217.0,6.66,451.59,5.44,1
CHEMBL218999,CC(C)CC(c1ccc(Cl)c(Cl)c1)C1CCCCN1,IC50,1100.0,5.96,300.27,5.27,0
CHEMBL3085028,C=CCN1[C@@H]2CC[C@H]1C[C@@H](NC(c1ccc(F)cc1)c1ccc(F)cc1)C2,Ki,3920.0,5.41,368.47,4.83,0
CHEMBL2333613,CN1CCC(COCc2cc(C(F)(F)F)cc(C3CC3)n2)(c2ccc(Cl)cc2)CC1,IC50,32.0,7.5,438.92,5.81,1
CHEMBL2333632,COc1cc(C(F)(F)F)cc(COCC2(c3ccc(F)cc3)CCN(C)CC2)n1,IC50,2.8,8.55,412.43,4.43,1
CHEMBL2333618,CCN(CC)c1cc(C(F)(F)F)cc(COCC2(c3ccc(F)cc3)CCN(C)CC2)n1,IC50,7.3,8.14,453.52,5.27,1
CHEMBL2333640,CN1CCC(COCc2cc(C(F)(F)F)cc(Cl)n2)(c2ccccc2)CC1,IC50,6.3,8.2,398.86,4.93,1
CHEMBL272289,CNCc1cc(C(=O)N2CCCN(C(C)C)CC2)ccc1Oc1cccc(Cl)c1,Ki,116.0,6.94,415.97,4.41,1
CHEMBL403363,Cc1cc(Oc2ccccc2C(C)C)c(CN(C)C)cn1,Ki,1470.0,5.83,284.4,4.37,0
CHEMBL3703738,Cc1noc(C)c1-c1ccc2c(c1)CNCC2c1ccc(Cl)c(Cl)c1,IC50,4.9,8.31,373.28,5.5,1
CHEMBL401877,CNCc1cc(C(N)=O)ccc1Oc1ccc(Cl)cc1OC,IC50,12.0,7.92,320.78,2.96,1
CHEMBL203453,CN[C@H]1CC[C@@H](c2ccc(Cl)c(Cl)c2)c2cc(S(C)(=O)=O)ccc21,IC50,54.0,7.27,384.33,4.58,1
CHEMBL382673,CN[C@H]1CC[C@H](c2ccc(Cl)c(Cl)c2)c2ccc(S(N)(=O)=O)cc21,IC50,25.0,7.6,385.32,3.83,1
CHEMBL205837,CN[C@H]1CC[C@@H](c2ccc(Cl)c(Cl)c2)c2cccc(C(N)=O)c21,IC50,8.0,8.1,349.26,4.28,1
CHEMBL207837,CC(C)CN(Cc1ccccc1)C1CCNCC1,Ki,8.4,8.08,246.4,2.9,1
CHEMBL207635,O=C(O)/C=C/C(=O)O.OCCN(Cc1ccc(F)cc1C(F)(F)F)C1CCNCC1,Ki,3.1,8.51,436.4,2.39,1
CHEMBL207067,Fc1ccc(CN(CC2CC2)C2CCNCC2)c(C(F)(F)F)c1.O=C(O)C(O)C(O)C(=O)O,Ki,0.4,9.4,480.46,3.81,1
CHEMBL378839,CC(C)CN(Cc1cc(C(F)(F)F)ccc1Cl)C1CCNCC1.O=C(O)/C=C/C(=O)O,Ki,9.6,8.02,464.91,4.57,1
CHEMBL3323099,CN1Cc2ccccc2C(c2cccc3sccc23)C1,Ki,40.3,7.39,279.41,4.48,1
CHEMBL392196,c1cnn(-c2ccc([C@@H]3CN4CCC[C@@H]4c4cc(OCCCN5CCOCC5)ccc43)cc2)c1,Ki,12.3,7.91,458.61,4.26,1
CHEMBL247335,c1ccc([C@@H]2CN3CCC[C@@H]3c3cc(OCCCN4CCOCC4)ccc32)nc1,Ki,31.3,7.5,393.53,3.47,1
CHEMBL375131,FC(F)(F)Oc1ccccc1CC(c1ccccc1)N1CCNCC1,IC50,13.0,7.89,350.38,3.77,1
CHEMBL388832,COc1ccc(-c2cnc([C@H]3[C@@H](c4ccc(Cl)cc4)C[C@@H]4CC[C@H]3N4C)s2)cc1OC,Ki,3590.0,5.45,455.02,6.21,0
CHEMBL2338055,Clc1cc(Cl)c(O[C@@H](c2ccccc2)[C@H]2CCNC2)c(-c2ccccn2)c1,IC50,31.62,7.5,399.32,5.79,1
CHEMBL2338051,Fc1ccc(F)c(O[C@@H](c2ccccc2)[C@@H]2CCNC2)c1Cl,IC50,6.31,8.2,323.77,4.35,1
CHEMBL224771,Cc1ccc([C@H]2CC3CCC([C@H]2c2ccccc2)N3C)cc1,Ki,100.0,7.0,291.44,4.73,1
CHEMBL133646,OC1(c2ccc(Cl)cc2)c2ccc3ccccc3c2C2=NCCN21,Ki,224.0,6.65,334.81,3.76,1
CHEMBL420333,COC(=O)C1C2CCC(C[C@@H]1OC(c1ccc(I)cc1)c1ccc(I)cc1)N2C,IC50,8550.0,5.07,617.26,5.03,0
CHEMBL219116,COC(=O)C(c1ccc(Cl)cc1)C1CCCCN1,Ki,5900.0,5.23,267.76,2.74,0
CHEMBL3673140,FC(F)Oc1ccc(-c2ccc3c(c2)CN2CCC3(c3ccc(Cl)cc3)CC2)nn1,IC50,1.1,8.96,427.88,5.29,1
CHEMBL3673147,O=C1NC2C=CC(c3ccc4c(c3)CN3CCC4(c4ccc(Cl)cc4)CC3)=CC2O1,IC50,3.4,8.47,418.92,4.67,1
CHEMBL3673167,FC(F)(F)c1ccc(Oc2ccc3c(c2)CN2CCC3(c3ccc(Cl)c(Cl)c3)CC2)nn1,IC50,4.8,8.32,480.32,6.49,1
CHEMBL4451635,COc1ccc2[nH]cc(C3CCN(CCCN4C(=O)CC(c5c[nH]c6ccc(OC)cc56)C4=O)CC3)c2c1,Ki,111.0,6.96,514.63,4.78,1
CHEMBL183550,COc1ccc(Br)c(CC2CCN([C@H]3CC[C@]4(CC3)OC(=O)c3c5c(ccc34)OCO5)CC2)c1,IC50,91.0,7.04,528.44,5.45,1
CHEMBL180537,CN(C)CCCc1c[nH]c2c(Cl)cccc12,IC50,32.0,7.5,236.75,3.32,1
CHEMBL256046,CN1C2CCC1[C@@H](COC(=O)CCC(=O)OC[C@@H]1C3CCC(C[C@@H]1c1ccc(Cl)c(Cl)c1)N3C)[C@@H](c1ccc(Cl)c(Cl)c1)C2,IC50,106.0,6.97,682.52,8.0,1
CHEMBL5868734,CNCc1cc(OCc2cc(Cl)ccc2F)n(CC(C)(C)C)n1,Ki,2.4,8.62,339.84,4.02,1
CHEMBL5968037,CNCc1cc(OCc2cc(F)c(F)cc2F)n(CC2CCCC2)n1,Ki,1.9,8.72,353.39,3.79,1
CHEMBL245716,CN(C)CCC(Oc1ccc(Cl)cc1)c1ccc(OCCCN2CCCCC2)cc1,Ki,16.0,7.8,431.02,5.67,1
CHEMBL245516,Cc1ccc(OC(CCN(C)C)c2ccc(OCCCN3CCCCC3)cc2)cc1,Ki,16.0,7.8,410.6,5.32,1
CHEMBL245515,CN(C)CCC(Oc1ccccc1)c1ccc(C#CCCN2CCCCC2)cc1,Ki,29.0,7.54,390.57,4.99,1
CHEMBL3215629,COc1ccc(-n2cc(C(=O)NCCCN3CCN(c4cccc(C)c4C)CC3)nc2-c2ccccc2)cc1.Cl.Cl,IC50,42.6,7.37,596.6,5.11,1
CHEMBL3216754,CCCc1nc(C(=O)NCCCN2CCN(c3cccc(C)c3C)CC2)c(C)n1-c1ccccc1Cl.Cl.Cl.Cl,IC50,7.3,8.14,617.49,5.35,1
CHEMBL3215638,Cc1cccc(N2CCN(CCCNC(=O)c3nc(-c4ccccc4)n(-c4ccc5c(c4)OCCO5)c3C)CC2)c1C.Cl.Cl,IC50,185.0,6.73,638.64,5.18,1
CHEMBL1213856,Cc1c(C(=O)NCCCN2CCN(c3ccc(Cl)cc3Cl)CC2)cc(-c2ccccc2)n1C,IC50,23.0,7.64,485.46,5.25,1
CHEMBL1214046,CCCn1c(-c2ccccc2)cc(C(=O)NCCCN2CCN(c3cccc(Br)c3)CC2)c1C,IC50,225.0,6.65,523.52,5.58,1
CHEMBL1214304,CCCn1c(C)c(C(=O)NCCN2CCN(c3cccc(Cl)c3Cl)CC2)c(C)c1-c1ccccc1.Cl,IC50,78.0,7.11,549.97,6.04,1
CHEMBL1214426,CCCn1c(-c2ccc(Cl)cc2)cc(C(=O)NCCCN2CCN(c3cccc(C)c3C)CC2)c1C.Cl,IC50,131.0,6.88,543.58,6.09,1
CHEMBL1214595,Cc1cccc(N2CCN(CCNC(=O)c3cc(C(C)(C)C)n(C)c3C)CC2)c1C,IC50,908.0,6.04,410.61,3.8,1
CHEMBL1214597,Cc1c(C(=O)NCCN2CCN(c3cccc(Cl)c3Cl)CC2)cc(C(C)(C)C)n1C.Cl,IC50,45.0,7.35,487.9,4.49,1
CHEMBL1213676,Cc1c(Cl)cccc1N1CCN(CCNC(=O)c2cc(C(C)(C)C)n(C)c2C)CC1,IC50,315.0,6.5,431.02,4.14,1
CHEMBL393036,CNCc1cc(C#CCCN2CCCCC2)ccc1Oc1ccc(SC)cc1,Ki,0.7,9.15,394.58,5.15,1
CHEMBL441137,CNCc1cc(C#CCCN2CCN(C(C)C)CC2)ccc1Oc1ccc(SC)cc1,Ki,13.0,7.89,437.65,4.69,1
CHEMBL236047,CNCc1cc(C#CCCN2CCOCC2)ccc1Oc1ccc(Cl)c(Cl)c1,Ki,1.8,8.74,419.35,4.58,1
CHEMBL236010,CNCc1cc(CCCCN2CCSCC2)ccc1Oc1ccc(SC)cc1,Ki,1.9,8.72,416.66,5.29,1
CHEMBL237521,CNCc1cc(Br)ccc1Oc1ccc(SC)cc1,Ki,1.7,8.77,338.27,4.68,1
CHEMBL4224951,CCOC[C@H]1[C@@H](c2ccc(Cl)c(Cl)c2)C[C@@H]2CC[C@H]1N2C,IC50,11.0,7.96,328.28,4.6,1
CHEMBL558853,O=C(c1ccccc1Oc1ccccc1)N(CC1CCC1)[C@@H]1CCNC1,Ki,587.0,6.23,350.46,4.08,1
CHEMBL3703739,NC(=O)c1ccc(-c2cc3c(cc2F)C(c2ccc(Cl)c(Cl)c2)CNC3)cc1,IC50,25.0,7.6,415.3,5.13,1
CHEMBL3703743,Clc1ccc(C2CNCc3cc(-c4cccnn4)ccc32)cc1Cl,IC50,6.2,8.21,356.26,4.69,1
CHEMBL219048,CC(=O)c1cccc(NC(=O)NCCC[C@H]2C[C@H](Cc3ccc(F)cc3)CCN2)c1,Ki,18.0,7.75,411.52,4.54,1
CHEMBL249329,CN(C)CC1CC1c1cccc2c(C#N)cccc12,IC50,48.0,7.32,250.34,3.38,1
CHEMBL404730,C#CCN(CC1CC1)C(=O)[C@@]1(c2ccc3c(c2)OCCO3)C[C@H]1CN,IC50,210.0,6.68,340.42,1.55,1
CHEMBL257336,C#CCN(C(=O)[C@@]1(c2ccc3c(c2)OCCO3)C[C@H]1CN)C1CC1,IC50,160.0,6.8,326.4,1.3,1
CHEMBL405613,C=C(F)CN(CC)C(=O)[C@@]1(c2ccc3c(c2)OCCO3)C[C@H]1CN,IC50,112.0,6.95,334.39,2.01,1
CHEMBL1118,CN(C)CC(c1ccc(O)cc1)C1(O)CCCCC1,IC50,17.0,7.77,263.38,2.73,1
CHEMBL2386166,COc1ccc(O[C@H](CC(C)C)[C@@H]2CCNC2)c(C)n1,Ki,0.75,9.12,278.4,2.8,1
CHEMBL2386164,COc1ccc(O[C@H](CC(C)C)[C@H]2CCNC2)c(C)n1,Ki,0.23,9.64,278.4,2.8,1
CHEMBL260823,Fc1ccc(O[C@H](c2ccccc2)[C@H]2CNCCO2)c(Cl)c1,Ki,20.0,7.7,321.78,3.59,1
CHEMBL3233407,CN1CCN2c3c(cccc31)[C@@H]1CN(CCCC(=O)c3ccncc3)CC[C@@H]12,Ki,101.0,7.0,376.5,3.17,1
CHEMBL2314215,O=C(OCCF)[C@H]1[C@@H](c2ccc(/C=C\I)cc2)C[C@H]2CC[C@H]1N2,Ki,0.08,10.1,429.27,3.83,1
CHEMBL2314217,CN(C)Cc1cc(I)ccc1Sc1ccccc1CO,Ki,0.03,10.52,399.3,4.0,1
CHEMBL404027,NC[C@@H]1C[C@@]1(C(=O)N1CCc2ccccc2C1)c1ccsc1,IC50,320.0,6.5,312.44,2.55,1
CHEMBL260039,CNCc1cnc(C)cc1Oc1ccc(F)cc1C,IC50,231.0,6.64,260.31,3.35,1
CHEMBL1173087,C=CCC(OC)[C@]12CNCC[C@]1(c1ccc(Cl)c(Cl)c1)C2,Ki,0.1259,9.9,326.27,4.21,1
CHEMBL1173416,COC[C@@]12CN[C@@H](C)C[C@]1(c1ccc(Cl)c(Cl)c1)C2,Ki,7.943,8.1,300.23,3.65,1
CHEMBL1173751,CCOC(=O)[C@@]12CNCC[C@]1(c1ccc(Cl)c(Cl)c1)C2,Ki,15.85,7.8,314.21,3.18,1
CHEMBL1173415,COC[C@@]12CNCC[C@]1(c1ccc(C(F)(F)F)c(Cl)c1)C2,Ki,15.85,7.8,319.75,3.63,1
CHEMBL1173412,COC[C@@]12CNCC[C@]1(c1ccc(Cl)cc1)C2,Ki,15.85,7.8,251.76,2.61,1
CHEMBL3317697,CC1CCNCC(=O)N1c1ccc(Cl)c(Cl)c1.Cl,IC50,1900.0,5.72,309.62,2.71,0
CHEMBL397065,CN1Cc2cc(OCCCN3CCC(F)CC3)ccc2C(c2ccccc2)C1,Ki,46.0,7.34,382.52,4.47,1
CHEMBL246332,CN1Cc2cc(OCCCN3CCC(F)CC3)ccc2C(c2ccc(Cl)cc2)C1,Ki,11.0,7.96,416.97,5.12,1
CHEMBL272493,CNCc1cc(C(=O)N(C)C)ccc1Oc1ccc(Cl)cc1C,IC50,17.0,7.77,332.83,3.86,1
CHEMBL255957,CNCc1ccccc1Oc1ccc(OC)cc1Cl,IC50,22.0,7.66,277.75,3.86,1
CHEMBL411033,NC[C@@H]1C[C@@]1(C(=O)C1NCc2ccccc21)c1ccc2c(c1)OCO2,IC50,77.0,7.11,336.39,2.05,1
CHEMBL403760,CCN(CC)C(=O)[C@@]1(c2ccsc2)C[C@H]1CNC,IC50,4400.0,5.36,266.41,2.09,0
CHEMBL5886722,Cc1ccc(C2CCNc3cc(-c4ccc(C)nn4)ccc32)cc1,IC50,28.0,7.55,315.42,4.71,1
CHEMBL3609637,COc1cc(-c2cn(C3CCc4c(F)cccc4N(CC(F)(F)F)C3=O)nn2)ccc1-n1cnc(C)c1,IC50,32.0,7.5,514.48,4.67,1
CHEMBL335423,COC(=O)C1C(c2ccc(OC)c(OC)c2)CC2CCC1N2C,Ki,46.0,7.34,319.4,2.44,1
CHEMBL4086593,CCCNc1nc(C#Cc2ccc(Cl)s2)nc2c1ncn2[C@@H]1O[C@H](C(=O)NC)[C@@H](O)[C@H]1O,Ki,3100.0,5.51,476.95,1.13,0
CHEMBL4066427,COC(=O)[C@H]1[C@@H](c2ccc([125I])cc2)CC2CC[C@H]1N2C,Ki,1.27,8.9,383.25,3.03,1
CHEMBL1818443,Cc1cnc([C@@]23CNCC[C@]2(c2ccc(Cl)c(Cl)c2)C3)o1,Ki,6.31,8.2,323.22,3.86,1
CHEMBL1258223,CCCCN1CCC(COC(=O)c2cc(Cl)c(NC)c3c2OCCO3)CC1,Ki,9006.0,5.04,396.92,3.82,0
CHEMBL6005144,Fc1cccc(Oc2ccc(F)c(N3CCC4(CC3)CNCCO4)c2)c1,IC50,4786.0,5.32,360.4,3.72,0
CHEMBL251576,CN(C)CC1CC1c1n[nH]c2ccc(C#N)cc12,IC50,71.0,7.15,240.31,2.1,1
CHEMBL251763,CCN(C)CC1CC1c1cccc2ccccc12,IC50,58.0,7.24,239.36,3.9,1
CHEMBL249107,CN(C)CC1CC1c1cnc2ccccc2c1,IC50,130.0,6.89,226.32,2.9,1
CHEMBL4247254,O=C(NCCCN1CCN(c2cccc(Cl)c2Cl)CC1)c1cccc2ccccc12,IC50,4270.0,5.37,442.39,5.09,0
CHEMBL198298,CN(C)CCC(Oc1ccc(C(F)(F)F)cc1)c1ccccc1,Ki,8.3,8.08,323.36,4.78,1
CHEMBL253184,CN(C)Cc1cc(Br)ccc1Sc1ccc(CO)cc1N,Ki,0.29,9.54,367.31,3.74,1
CHEMBL403251,CCc1cc(Cl)ccc1Oc1cc(C)ncc1CNC,Ki,18.0,7.75,290.79,4.12,1
CHEMBL339481,CCC(O[C@H]1CC2CCC(C1C(=O)OC)N2C)c1ccccc1,IC50,21000.0,4.68,317.43,3.18,0
CHEMBL2407320,CCSCC(c1ccc(Cl)c(Cl)c1)C1CCNCC1.Cl,IC50,9.2,8.04,354.77,4.83,1
CHEMBL2407319,CSCC(c1ccc(Cl)c(Cl)c1)C1CCNCC1.Cl,IC50,9.1,8.04,340.75,4.44,1
CHEMBL606930,COC(=O)C1=C(c2ccc(Cl)c(Cl)c2)C[C@H]2C[C@@H](O)C1N2C,IC50,5370.0,5.27,342.22,2.76,0
CHEMBL186056,CN(C)Cc1ccccc1Cc1ccc(I)cc1N,Ki,48.6,7.31,366.25,3.53,1
CHEMBL589250,COc1cccc(C(=O)C(C)NC2CCCC2)c1,IC50,6900.0,5.16,247.34,2.8,0
CHEMBL566000,CC(NC(C)(C)C)C(=O)c1ccc(Cl)cc1,IC50,9800.0,5.01,239.75,3.3,0
CHEMBL2337589,COc1ccccc1O[C@@H](c1ccccc1)[C@@H]1CCNC1,IC50,125.89,6.9,283.37,3.42,1
CHEMBL3105243,O=C(OCCF)[C@H]1[C@@H](c2ccc(I)cc2)C[C@@H]2CC[C@H]1N2C/C=C/I,Ki,2.4,8.62,569.2,4.69,1
CHEMBL378498,CCC(CC)CN(Cc1ccccc1C(F)(F)F)C1CCNCC1.O=C(O)/C=C/C(=O)O,Ki,6.9,8.16,458.52,4.7,1
CHEMBL380890,CC(C)CN(Cc1ccccc1C(F)(F)F)C1CCNCC1.O=C(O)/C=C/C(=O)O,Ki,1.4,8.85,430.47,3.92,1
CHEMBL207023,CCCCN(Cc1ccccc1C(F)(F)F)C1CCNCC1.O=C(O)/C=C/C(=O)O,Ki,1.5,8.82,430.47,4.06,1
CHEMBL208232,CC(C)CN(Cc1ccc(C(F)(F)F)cc1F)C1CCNCC1.O=C(O)/C=C/C(=O)O,Ki,5.8,8.24,448.46,4.05,1
CHEMBL441358,CC(C)CN(Cc1ccc(F)cc1C(F)(F)F)C1CCNCC1.O=C(O)/C=C/C(=O)O,Ki,0.3,9.52,448.46,4.05,1
CHEMBL207374,Cc1ccc(CN(CC(C)C)C2CCNCC2)c(C)c1.O=C(O)/C=C/C(=O)O,Ki,0.39,9.41,390.52,3.51,1
CHEMBL438059,CSc1ccccc1CN(CC(C)C)C1CCNCC1.O=C(O)/C=C/C(=O)O,Ki,1.1,8.96,408.56,3.62,1
CHEMBL3128180,Cc1nc2c(s1)CC[C@H]2C(=O)Nc1ccc(C[C@@H]2CC[C@H]([C@H](O)c3cccnc3)N2)cc1,IC50,89.0,7.05,448.59,3.91,1
CHEMBL2380975,CNC[C@@H]1CCC[C@H]1c1ccc2[nH]cc(C#N)c2c1,IC50,4.3,8.37,253.35,3.14,1
CHEMBL3126972,FC(F)(F)c1cc(COCC2(c3ccccc3)CCC(NC3CC3)C2)cc(C(F)(F)F)c1,IC50,530.0,6.28,457.46,6.48,1
CHEMBL3126970,CN(C)C1CCC(COCc2cc(C(F)(F)F)cc(C(F)(F)F)c2)(c2ccccc2)C1,IC50,57.0,7.24,445.45,6.29,1
CHEMBL3216974,Cc1cccc(N2CCN(CCCNC(=O)c3nc(C)n(-c4cccc(Cl)c4)c3C)CC2)c1C.Cl.Cl.Cl,IC50,4.88,8.31,589.44,4.7,1
CHEMBL3216285,Cc1cccc(N2CCN(CC(O)CNC(=O)c3nc(C)n(-c4ccc(F)cc4)c3C)CC2)c1C.Cl.Cl,IC50,16.6,7.78,552.52,3.16,1
CHEMBL3216074,Cc1cccc(N2CCN(CC(O)CNC(=O)c3nc(-c4ccccc4)n(-c4ccc(F)cc4)c3C)CC2)c1C.Cl.Cl,IC50,150.1,6.82,614.59,4.52,1
CHEMBL3216958,Cc1cccc(N2CCN(C[C@@H](O)CNC(=O)c3nc(C)n(-c4ccccc4)c3C)CC2)c1C.Cl.Cl,IC50,5.08,8.29,534.53,3.02,1
CHEMBL3216079,Cc1cccc(N2CCN(C[C@@H](O)CNC(=O)c3nc(C)n(-c4ccccc4F)c3C)CC2)c1C.Cl.Cl,IC50,10.3,7.99,552.52,3.16,1
CHEMBL103936,COC(=O)c1ccccc1-c1ccc2ccccc2c1,IC50,10000.0,5.0,262.31,4.29,0
CHEMBL3673129,Clc1ccc(C23CCN(Cc4cc(-c5ccc6ncnn6c5)ccc42)C3)cc1,IC50,9.4,8.03,386.89,4.56,1
CHEMBL3673144,Nc1cnc(-c2ccc3c(c2)CN2CCC3(c3ccc(Cl)cc3)CC2)cn1,IC50,3.5,8.46,376.89,4.27,1
CHEMBL3673151,CS(=O)(=O)c1ccc(-c2ccc3c(c2)CN2CCC3(c3ccc(Cl)cc3)CC2)cc1,IC50,7.2,8.14,437.99,5.31,1
CHEMBL3673152,[C-]#[N+]c1cccc(-c2ccc3c(c2)CN2CCC3(c3ccc(Cl)cc3)CC2)c1,IC50,3.4,8.47,384.91,6.45,1
CHEMBL3673156,Nc1cnc(Oc2ccc3c(c2)CN2CCC3(c3ccc(Cl)cc3)CC2)cn1,IC50,2.3,8.64,392.89,4.4,1
CHEMBL4100796,CCCN(C)CCC[C@@]1(c2ccc(F)cc2)OCc2cc(C#N)ccc21,IC50,190.0,6.72,352.45,4.59,1
CHEMBL4074032,CCCN(C)CCC[C@]1(c2ccc(F)cc2)OCc2cc(C#N)ccc21,IC50,2400.0,5.62,352.45,4.59,0
CHEMBL4070256,CCCCN(C)CCC[C@]1(c2ccc(F)cc2)OCc2cc(C#N)ccc21,IC50,1100.0,5.96,366.48,4.98,0
CHEMBL4061866,CN(C)CCCC1(c2cccc3ccccc23)OCc2cc(C#N)ccc21,IC50,250.0,6.6,356.47,4.83,1
CHEMBL2206510,Cc1ccc2c(c1)CN(C)CC2c1ccc(Cl)cc1,Ki,116.0,6.94,271.79,4.23,1
CHEMBL2206532,COc1ccc2c(c1)CN(C)CC2c1cccc(C)c1,Ki,479.0,6.32,267.37,3.58,1
CHEMBL2206525,CN1Cc2ccccc2C(c2ccc(Cl)c(F)c2)C1,Ki,81.7,7.09,275.75,4.06,1
CHEMBL3216300,CCCc1nc(C(=O)NCCN2CCN(c3cccc(Cl)c3Cl)CC2)c(C)n1-c1ccccc1.Cl.Cl.Cl.Cl,IC50,82.0,7.09,646.32,4.99,1
CHEMBL3216098,Cc1nc(C(=O)NCCCN2CCN(c3cccc(Cl)c3Cl)CC2)c(C)n1-c1ccccc1.Cl.Cl.Cl.Cl,IC50,10.2,7.99,632.29,4.74,1
CHEMBL3215621,CCCc1nc(C(=O)NCCCN2CCN(c3cccc(Cl)c3Cl)CC2)c(C)n1-c1ccc(OC)cc1.Cl.Cl.Cl.Cl,IC50,84.0,7.08,690.37,5.39,1
CHEMBL3216499,Cc1nc(C(=O)NCCCN2CCN(c3cccc(Cl)c3Cl)CC2)c(C)n1-c1ccccc1Cl.Cl.Cl.Cl.Cl.Cl,IC50,82.0,7.09,703.2,5.39,1
CHEMBL4520788,CNCc1ccccc1-c1csc([C@H](C)Nc2nc(C)nc3cc(OC)c(OC)cc23)c1,Ki,4231.56,5.37,448.59,5.58,0
CHEMBL3593392,Cl.OC[C@@]1(c2ccc(Cl)c(Cl)c2)CCNCCO1,IC50,200.0,6.7,312.62,2.19,1
CHEMBL3323095,CN1Cc2ccccc2C(c2ccc3sccc3c2)C1,Ki,4.0,8.4,279.41,4.48,1
CHEMBL3126964,CCNC1CCC(COCc2cc(C(F)(F)F)cc(C(F)(F)F)c2)(c2ccccc2)CC1,IC50,150.0,6.82,459.47,6.73,1
CHEMBL6047355,CNCC1(c2ccc(Cl)c(Cl)c2)CCCC(C)(O)C1,IC50,2324.0,5.63,302.25,3.78,0
CHEMBL5787289,NCC1(c2ccc3ccccc3c2)CC=CCC1,IC50,185.0,6.73,237.35,3.78,1
CHEMBL6059576,COC1CCC(CN)(c2ccc(Cl)c(Cl)c2)CC1,IC50,2075.0,5.68,288.22,3.78,0
CHEMBL3799668,CN(C)CCCN1c2ccccc2CCc2ccc(CCCOCCOc3cccc4ccccc34)cc21,Ki,270.0,6.57,508.71,7.06,1
CHEMBL4777782,O=C(CN1CCN(C(=O)c2ccccc2Br)CC1)N1CCN(CCCc2c[nH]c3ccc(F)cc23)CC1,IC50,1900.0,5.72,570.51,3.6,0
CHEMBL4060019,Clc1cccc(-c2nnnn2CCCN2CCC(Cc3ccccc3)CC2)c1Cl,IC50,3960.0,5.4,430.38,4.99,0
CHEMBL197354,CN(C)C[C@H]1C[C@@H]1c1c[nH]c2c(C#N)cccc12,Ki,0.58,9.24,239.32,2.7,1
CHEMBL364050,CN(C)C[C@H]1C[C@@H]1c1c[nH]c2c(F)cccc12,Ki,10.0,8.0,232.3,2.97,1
CHEMBL199054,CCn1cc([C@H]2C[C@@H]2CN(C)C)c2cc(C#N)ccc21,Ki,1.8,8.74,267.38,3.2,1
CHEMBL363328,O=C1O[C@]2(CC[C@@H](N3CCC(Cc4cc(F)ccc4F)CC3)CC2)c2ccc3c(c21)OCCO3,IC50,110.0,6.96,469.53,5.0,1
CHEMBL3704754,C[C@@H](CCNCCCC(N)=O)CC1(c2ccc(Cl)c(Cl)c2)CCC1,Ki,2.3,8.64,371.35,4.69,1
CHEMBL3946788,CC(C)CC(NCCCC(N)=O)C1(c2ccc(Cl)c(Cl)c2)CCC1,Ki,8.1,8.09,371.35,4.68,1
CHEMBL1173085,COC[C@@]12CNC[C@H](OC)[C@]1(c1ccc(Cl)c(Cl)c1)C2,Ki,100.0,7.0,316.23,2.89,1
CHEMBL1169622,COC[C@@]12CNCC[C@]1(c1ccc(OC(F)(F)F)cc1)C2,Ki,3.162,8.5,301.31,2.85,1
CHEMBL566886,CCC(NC(C)(C)C)C(=O)c1cccc(Cl)c1,IC50,16000.0,4.8,253.77,3.69,0
CHEMBL383081,CN[C@H]1CC[C@@H](c2ccc(Cl)c(Cl)c2)c2cc(C(N)=O)ccc21,IC50,13.0,7.89,349.26,4.28,1
CHEMBL575535,CNC[C@@H](O)[C@H](c1cccc(Cl)c1)n1ccc2ccccc21,IC50,554.0,6.26,314.82,3.46,1
CHEMBL579056,COC(=O)[C@@H]1C2CCC(C[C@@H]1c1ccc(SC)cc1)N2C,Ki,0.7,9.15,305.44,3.15,1
CHEMBL198018,CN(C)C[C@H]1C[C@@H]1c1c[nH]c2cccc(C#N)c12,Ki,230.0,6.64,239.32,2.7,1
CHEMBL385353,NC(=O)c1ccc(F)c2c1CC(N(CCCCc1c[nH]c3ccc(F)cc13)CC1CC1)CO2,IC50,82.4,7.08,453.53,4.58,1
CHEMBL232620,COc1ccc(C2CN(C)Cc3cc(OCCCN4CCN(C(C)=O)CC4)ccc32)cc1,Ki,42.0,7.38,437.58,3.21,1
CHEMBL233681,COc1ccc(C2CN(C)Cc3cc(OCCCN4CCC(C(F)(F)F)CC4)ccc32)cc1,Ki,14.0,7.85,462.56,5.32,1
CHEMBL3321790,OC1(c2ccc(Cl)cc2)CC2CCC(C1)N2CCCSc1ccc(F)cc1,Ki,316.0,6.5,405.97,5.48,1
CHEMBL2112984,c1ccc2c(c1)NC[C@@H]1C2=NO[C@H]1CN1CCN(Cc2ccc3ccccc3c2)CC1,Ki,0.5,9.3,412.54,3.8,1
CHEMBL2112983,COc1cc2c(cc1OC)C1=NO[C@@H](CN3CCN(C/C=C/c4ccccc4)CC3)[C@@H]1CN2,Ki,9.7,8.01,448.57,3.18,1
CHEMBL216736,COC(=O)[C@@H]1C2CCC(C[C@@H]1c1cccc(/C=C/I)c1)N2,Ki,0.2,9.7,397.26,3.49,1
CHEMBL385173,COC(=O)[C@@H]1C2CCC(C[C@@H]1c1cccc(/C=C/Br)c1)N2,Ki,0.2,9.7,350.26,3.45,1
CHEMBL190937,CN(C)Cc1ccccc1Sc1ccc(CO)cc1N,Ki,0.8,9.1,288.42,2.97,1
CHEMBL633,CCCCc1oc2ccccc2c1C(=O)c1cc(I)c(OCCN(CC)CC)c(I)c1,Ki,1224.0,5.91,645.32,6.94,0
CHEMBL808,Clc1ccc(COC(Cn2ccnc2)c2ccc(Cl)cc2Cl)cc1,IC50,423.0,6.37,381.69,5.8,1
CHEMBL386493,CC(=O)c1cc(NC(=O)NCCC[C@H]2C[C@H](Cc3ccc(F)cc3)CCN2CC(F)F)cc(C(C)=O)c1,Ki,328.0,6.48,517.59,5.72,1
CHEMBL384199,CC(=O)c1cc(NC(=O)NCCC[C@H]2C[C@H](Cc3ccc(F)cc3)CCN2CCCO)cc(C(C)=O)c1,Ki,212.0,6.67,511.64,4.84,1
CHEMBL182386,CN(C)CCCc1c[nH]c2cccc(Cl)c12,IC50,29.0,7.54,236.75,3.32,1
CHEMBL463389,CCCC1(c2ccc3[nH]ccc3c2)CCNC1,Ki,66.0,7.18,228.34,3.2,1
CHEMBL456654,c1ccc(CC2(c3ccc4[nH]ccc4c3)CCNC2)nc1,Ki,53.0,7.28,277.37,3.04,1
CHEMBL243204,COC(=O)[C@@H]1CN(C)CC[C@@H]1c1ccccc1,Ki,27000.0,4.57,233.31,1.89,0
CHEMBL1173428,CC1NC(C)(C)COC1(O)c1ccc(Cl)c(Cl)c1,IC50,360.0,6.44,290.19,2.93,1
CHEMBL1224161,O=C(c1ccc2[nH]ccc2c1)C1(Cc2ccccc2)CCCNC1,Ki,12.59,7.9,318.42,3.96,1
CHEMBL1224162,O=C(c1ccc2[nH]ccc2c1)C1(Cc2ccccc2)CCNCC1,Ki,7.943,8.1,318.42,3.96,1
CHEMBL5924421,CNCC1(c2ccc(Cl)c(F)c2)CCCCC1O,IC50,1898.0,5.72,271.76,2.87,0
CHEMBL5790123,CNCC1(c2ccc(OC(F)(F)F)cc2)CCCCC1O,IC50,220.0,6.66,303.32,2.98,1
CHEMBL5992787,CN(C)C[C@H](c1ccc2ccccc2c1)[C@H](N)c1ccccc1,Ki,15.3,7.82,304.44,4.19,1
CHEMBL5756427,CN(C)C[C@H](c1ccc2ccccc2c1)[C@H](O)c1ccccc1,Ki,5.1,8.29,305.42,4.22,1
CHEMBL600674,CNC[C@@H](O)[C@H](c1cccc(F)c1)N1CCc2cccc(C)c21.Cl,IC50,280.0,6.55,350.87,2.82,1
CHEMBL611367,Clc1ccc([C@@]2(CCOC3CCC3)[C@@H]3CNC[C@@H]32)cc1Cl,Ki,0.1995,9.7,326.27,4.04,1
CHEMBL599242,CSC[C@@H]1[C@H]2CNC[C@]21c1ccc(Cl)c(Cl)c1,Ki,25.12,7.6,288.24,3.44,1
CHEMBL611990,CN(C)C[C@H]1[C@@H]2CNC[C@@]21c1ccc(Cl)c(Cl)c1,Ki,3.981,8.4,285.22,2.64,1
CHEMBL605209,CC(C)OC[C@@H]1[C@H]2CNC[C@]21c1ccc(Cl)c(Cl)c1,Ki,0.1259,9.9,300.23,3.51,1
CHEMBL598825,CCCOC[C@@H]1[C@H]2CNC[C@]21c1ccc(Cl)c(Cl)c1,Ki,0.2512,9.6,300.23,3.51,1
CHEMBL393009,CNCc1cc(C#CCCN2CCN(C(C)C)C(=O)C2)ccc1Oc1ccc(SC)cc1,Ki,1.2,8.92,451.64,4.21,1
CHEMBL235614,COc1ccc([C@@H]2CN3CCC[C@@H]3c3cc(OCCCN4CCCCC4)ccc32)cc1,Ki,3.3,8.48,420.6,5.23,1
CHEMBL402441,C#CCN(CC#C)C(=O)[C@@]1(c2ccc3c(c2)OCCO3)C[C@H]1CN,IC50,25.0,7.6,324.38,0.77,1
CHEMBL408384,C#CCN(CC#C)C(=O)[C@@]1(c2ccc3c(c2)OCO3)C[C@H]1CN,IC50,49.0,7.31,310.35,0.73,1
CHEMBL3681355,CCCn1c(C)nc(C(=O)NCC(O)CN2CCN(c3cccc(Cl)c3C)CC2)c1C,IC50,12.1,7.92,448.01,2.78,1
CHEMBL1852517,CCCc1nc(C(=O)NCCCN2CCN(c3cccc(Cl)c3C)CC2)c(C)n1-c1ccc(OC)cc1,IC50,10.2,7.99,524.11,5.05,1
CHEMBL3681368,CCCc1nc(C(=O)NC[C@H](O)CN2CCN(c3cccc(Cl)c3Cl)CC2)cn1-c1ccc(Cl)cc1,IC50,786.0,6.11,550.92,4.7,1
CHEMBL393625,CN(C)Cc1cc(OCCCF)ccc1Sc1ccccc1N,Ki,1.4,8.85,334.46,4.22,1
CHEMBL138031,CNCCC(Oc1cccc2ccccc12)c1nccs1,Ki,6.4,8.19,298.41,4.03,1
CHEMBL4104622,O=S(=O)(NCCN1CC=C(c2c[nH]c3ccc(Cl)cc23)CC1)c1cccc(O)c1,Ki,2.2,8.66,431.95,3.59,1
CHEMBL4066971,O=S(=O)(NCCCCN1CC=C(c2c[nH]c3ccc(Cl)cc23)CC1)c1cccc(O)c1,Ki,4.2,8.38,460.0,4.37,1
CHEMBL1271873,Cc1cc(C(=O)NCCCN2CCN(c3cccc(C)c3C)CC2)nc(C(C)(C)C)n1.Cl,IC50,537.0,6.27,460.07,3.64,1
CHEMBL1271757,Cc1nc(C(=O)NCCCN2CCN(c3cccc(Cl)c3Cl)CC2)cc(-c2ccccc2)n1.Cl,IC50,588.0,6.23,520.89,4.7,1
CHEMBL3593399,CN(C)C(=O)[C@@H]1CNCCO[C@H]1c1ccc(Cl)c(Cl)c1.Cl,IC50,350.0,6.46,353.68,2.36,1
CHEMBL1290716,Cc1ccc2c(N3CCN(CCc4cccc5c4ccc(=O)n5C)CC3)cccc2n1,Ki,2.512,8.6,412.54,3.76,1
CHEMBL1289048,Cc1ccc2c(N3CCN(CCc4c(C)ccc5c4ccc(=O)n5C)CC3)cccc2n1,Ki,12.59,7.9,426.56,4.07,1
CHEMBL1289164,Cc1ccc2c(N3CCN(CCc4c(Cl)ccc5c4ccc(=O)n5C)CC3)cccc2n1,Ki,15.85,7.8,446.98,4.41,1
CHEMBL3942037,COc1ccc(Br)c(CC2CCN(CCc3ccc(C)cc3)CC2)c1,Ki,65.3,7.18,402.38,5.26,1
CHEMBL3982923,COc1ccc(Br)c(CC2CCN(CCc3ccc(Cl)cc3)CC2)c1,Ki,46.2,7.33,422.79,5.61,1
CHEMBL3939995,COc1ccc(Br)c(CC2CCN(CCc3cccc4ccccc34)CC2)c1,Ki,38.9,7.41,438.41,6.11,1
CHEMBL4469848,FC(F)(F)c1cc(Oc2nccc3occc23)ccc1-c1cccc2nccn12,Ki,9700.0,5.01,395.34,5.95,0
CHEMBL190860,CN(C)Cc1ccccc1Sc1ccc(F)cc1N,Ki,1.46,8.84,276.38,3.62,1
CHEMBL3085033,CN(C(c1ccc(F)cc1)c1ccc(F)cc1)[C@H]1C[C@H]2CC[C@@H](C1)N2C,Ki,17200.0,4.76,356.46,4.61,0
CHEMBL373211,CN(C)C[C@H]1C[C@H]1c1c[nH]c2ccc(C#N)cc12,Ki,5.7,8.24,239.32,2.7,1
CHEMBL433956,O=C1O[C@]2(CC[C@@H](N3CCC(Cc4ccccc4Cl)CC3)CC2)c2ccc3c(c21)OCO3,IC50,140.0,6.85,453.97,5.33,1
CHEMBL182431,O=C1O[C@]2(CC[C@@H](N3CCC(Cc4ccccc4F)CC3)CC2)c2ccc3c(c21)OCCO3,IC50,480.0,6.32,451.54,4.86,1
CHEMBL362298,O=C1O[C@]2(CC[C@@H](N3CCC(Cc4ccccc4C(F)(F)F)CC3)CC2)c2ccc3c(c21)OCO3,IC50,180.0,6.75,487.52,5.7,1
CHEMBL362143,O=C1O[C@]2(CC[C@@H](N3CCC(Cc4ccccc4C(F)(F)F)CC3)CC2)c2ccc3c(c21)OCCO3,IC50,510.0,6.29,501.55,5.74,1
CHEMBL3818124,O=C1NCN(c2ccccc2)C12CCN(CCCCc1nc3cc(Cl)ccc3s1)CC2,Ki,3090.3,5.51,455.03,4.7,0
CHEMBL318604,C1=C(c2c[nH]c3ccccc23)CCN(CCOc2cccc3ncccc23)C1,Ki,93.6,7.03,369.47,4.88,1
CHEMBL193482,C[C@]12CC[C@@H]3c4ccc(O)cc4CC[C@H]3[C@@H]1C[C@@H](O)[C@@H]2O,IC50,10336.0,4.99,288.39,2.58,0
CHEMBL1818450,Cc1ncoc1C[C@@]12CNCC[C@]1(c1ccc(Cl)c(Cl)c1)C2,Ki,3.162,8.5,337.25,4.15,1
CHEMBL1818467,Cc1ccc(C)n1C[C@@]12CNCC[C@]1(c1ccc(Cl)c(Cl)c1)C2,Ki,2.512,8.6,349.31,4.73,1
CHEMBL3681359,CCc1nc(C(=O)NCC(O)CN2CCN(c3cccc(C)c3C)CC2)c(C)n1-c1ccccc1,IC50,9.0,8.05,475.64,3.27,1
CHEMBL1852373,COc1ccc(-n2cc(C(=O)NCCCN3CCN(c4cccc(C)c4C)CC3)nc2-c2ccccc2)cc1,IC50,42.6,7.37,523.68,5.11,1
CHEMBL1852659,CCCc1nc(C(=O)NCCCN2CCN(c3cccc(Cl)c3Cl)CC2)c(C)n1-c1ccc(OC)cc1,IC50,84.0,7.08,544.53,5.39,1
CHEMBL192619,CCNCc1ccccc1Sc1ccc(C)cc1N,Ki,70.2,7.15,272.42,3.84,1
CHEMBL1818452,Cc1ccnn1CC12CNCC[C@]1(c1ccc(Cl)c(Cl)c1)C2,Ki,0.7943,9.1,336.27,3.82,1
CHEMBL1818469,Clc1ccc([C@]23CCNC[C@@]2(Cn2cncn2)C3)cc1Cl,Ki,3.981,8.4,323.23,2.91,1
CHEMBL1818542,Cc1nc(C)n(C[C@@]23CNCC[C@]2(c2ccc(Cl)c(Cl)c2)C3)n1,Ki,3.162,8.5,351.28,3.52,1
CHEMBL1813309,COc1cccc([C@]23CCCC[C@H]2CN(C)C3)c1,IC50,147.91,6.83,245.37,3.07,1
CHEMBL1813310,COc1ccc([C@]23CCCC[C@H]2CN(C)C3)cc1,IC50,128.82,6.89,245.37,3.07,1
CHEMBL1813470,CN1C[C@H]2CCCC[C@@]2(c2ccc3ccccc3c2)C1,IC50,12.59,7.9,265.4,4.21,1
CHEMBL1170374,CCCC1CNCCN1c1ccc2[nH]ncc2c1,Ki,15.85,7.8,244.34,2.14,1
CHEMBL571464,O=C1Cc2c(cccc2N2CCN(CC3CCc4[nH]c5ccc(F)cc5c4C3)CC2)N1,Ki,1140.0,5.94,418.52,3.73,0
CHEMBL55174,COC(=O)[C@@H]1C2CCC(C[C@@H]1OC(c1ccc(F)cc1)c1ccc(F)cc1)N2Cc1ccccc1,IC50,4970.0,5.3,477.55,5.67,0
CHEMBL2207487,CCCN1CCC(c2csc3ccccc23)CC1,Ki,6.5,8.19,259.42,4.49,1
CHEMBL2207485,CCCN1CCC(c2cn(C)c3cc(F)ccc23)CC1,Ki,45.0,7.35,274.38,3.91,1
CHEMBL5201565,CCCc1sc(C2CCN(CCCCc3c[nH]c4ccc(C#N)cc34)CC2)nc1-c1ccc(Oc2ccc(Cl)cc2)cc1,IC50,11.16,7.95,609.24,9.76,1
CHEMBL5200156,CCCCCc1nc(C2CCN(CCCCc3cn(CC)c4ccc(C#N)cc34)CC2)cn1-c1ccc(Oc2ccc(Cl)cc2)cc1,IC50,41.58,7.38,648.3,10.1,1
CHEMBL5204395,CCCCCc1nc(C2CCN(CCCCc3cn(CCC)c4ccc(C#N)cc34)CC2)cn1-c1ccc(Oc2ccc(Cl)cc2)cc1,IC50,45.83,7.34,662.32,10.49,1
CHEMBL382241,CN[C@H]1CC[C@@H](c2ccc(Cl)c(Cl)c2)c2cc([S+](C)[O-])ccc21,IC50,7.0,8.15,368.33,4.92,1
CHEMBL382810,CN[C@H]1CC[C@@H](c2ccc(Cl)c(Cl)c2)c2ccc([S+](C)[O-])cc21,IC50,2.0,8.7,368.33,4.92,1
CHEMBL438257,CN[C@H]1CC[C@@H](c2ccc(Cl)c(Cl)c2)c2ccc(C(N)=O)cc21,IC50,2.0,8.7,349.26,4.28,1
CHEMBL4071385,c1ccc(CC2CCN(CCCn3nnnc3-c3cccc4ccccc34)CC2)cc1,IC50,310.0,6.51,411.55,4.84,1
CHEMBL1221,Clc1ccc(CSC(Cn2ccnc2)c2ccc(Cl)cc2Cl)cc1,IC50,141.0,6.85,397.76,6.52,1
CHEMBL199053,CN(C)C[C@H]1C[C@@H]1c1cn(C)c2ccc(C#N)cc12,Ki,6.5,8.19,253.35,2.72,1
CHEMBL3952992,O=[SH](=O)Cc1ccc(-c2ccc3c(c2)CN2CCC3(c3ccc(Cl)cc3)C2)cc1,IC50,23.5,7.63,423.97,4.62,1
CHEMBL3673138,COc1ccc2c(c1)CN1CCC2(c2ccc(Cl)cc2)CC1,IC50,7.8,8.11,313.83,4.24,1
CHEMBL3673153,c1cc(C23CCN(CC2)Cc2cc(N4CCOCC4)ccc23)ccc1N1CCOCC1,IC50,327.9,6.48,419.57,3.26,1
CHEMBL3673163,Oc1ccc(-c2ccc3c(c2)CN2CCC3(c3ccc(Cl)c(Cl)c3)CC2)nn1,IC50,5.0,8.3,412.32,5.05,1
CHEMBL3705036,COCCOc1cc(CC2CCN(CCc3ccc4c(c3)C(=O)C(O)CO4)CC2)ccc1Br,Ki,2.7,8.57,518.45,3.91,1
CHEMBL3705038,O=c1ccoc2ccc(CCN3CCC(Cc4ccc(Br)c(OCCO)c4)CC3)cc12,Ki,3.5,8.46,486.41,4.42,1
CHEMBL3705033,O=C(O)COc1cc(CC2CCN(CCc3ccc4c(c3)C(=O)C(O)CO4)CC2)ccc1Br,Ki,700.0,6.16,518.4,3.35,1
CHEMBL4093518,CN(C)CCCC1(c2ccc(F)cc2)OCc2c1ccc1ccccc21,IC50,4.0,8.4,349.45,5.09,1
CHEMBL1852472,CCCc1nc(C(=O)NCCN2CCN(c3cccc(Cl)c3Cl)CC2)c(C)n1-c1ccccc1,IC50,82.0,7.09,500.47,4.99,1
CHEMBL1852420,CCCn1c(C)nc(C(=O)NCC(O)CN2CCN(c3cccc(C)c3C)CC2)c1C,IC50,10.4,7.98,427.59,2.44,1
CHEMBL3681358,Cc1cccc(N2CCN(CC(O)CNC(=O)c3nc(C(C)C)n(-c4ccccc4)c3C)CC2)c1C,IC50,15.0,7.82,489.66,3.83,1
CHEMBL1852466,COc1ccccc1-n1c(C)nc(C(=O)NCCCN2CCN(c3cccc(Cl)c3C)CC2)c1C,IC50,16.8,7.78,496.06,4.4,1
CHEMBL328631,COc1cc2c(cc1OC)C1=NO[C@@H](CN3CCN(C/C=C(\C)c4ccc(F)cc4F)CC3)[C@@H]1CO2,Ki,5.4,8.27,499.56,3.81,1
CHEMBL3916301,CCC(NC(CC(C)C)C1(c2ccc(Cl)cc2)CCC1)C(=O)OCC(C)C,IC50,415.0,6.38,394.0,5.74,1
CHEMBL107077,COc1ccc(Sc2ccccc2CN(C)C)c(N)c1,Ki,1.89,8.72,288.42,3.49,1
CHEMBL1812749,COC(=O)[C@@H]1[C@H]2CC[C@@H](C[C@H]1c1ccc(Cl)c(C)c1)N2C,IC50,105.0,6.98,307.82,3.39,1
CHEMBL1812747,Cc1cc([C@H]2[C@@H](c3ccc(Cl)c(C)c3)C[C@@H]3CC[C@H]2N3C)on1,IC50,115.0,6.94,330.86,4.68,1
CHEMBL3673127,COc1ccc2c(c1)CN1CCC2(c2ccc(Cl)cc2)C1,IC50,74.2,7.13,299.8,3.85,1
CHEMBL3673128,Oc1ccc2c(c1)CN1CCC2(c2ccc(Cl)cc2)C1,IC50,125.6,6.9,285.77,3.55,1
CHEMBL3260334,Clc1cccc(COc2ccc(Br)cc2OC2CNC2)c1,Ki,1.0,9.0,368.66,4.03,1
CHEMBL137020,Fc1ccc(C(OCCC2CCN(Cc3cc4ccccc4s3)CC2)c2ccc(F)cc2)cc1,Ki,246.0,6.61,477.62,7.59,1
CHEMBL3818881,Cl.O=C(CCCCN1C2CCC1CC(O)(c1ccc(Cl)cc1)C2)c1nc2ccccc2s1,Ki,54.0,7.27,491.48,5.82,1
CHEMBL1830878,O=S1(=O)N(CC[C@H]2CNCCO2)c2ccccc2N1c1ccccc1,IC50,1030.0,5.99,359.45,2.27,0
CHEMBL1830879,O=S1(=O)N(CC[C@@H]2CNCCO2)c2ccccc2N1c1ccccc1,IC50,6770.0,5.17,359.45,2.27,0
CHEMBL1830889,O=S1(=O)N(CC[C@@H]2CNCCO2)c2ccccc2N1c1c(F)cc(F)cc1F,IC50,1400.0,5.85,413.42,2.69,0
CHEMBL3913012,CN1Cc2ccccc2C(c2ccc3[nH]ncc3c2)C1Cl,Ki,21.3,7.67,297.79,3.71,1
CHEMBL3954574,CC1NOC(C)C1c1ccc2c(c1)CN(C)CC2c1ccc2ccccc2c1,Ki,5.2,8.28,372.51,4.81,1
CHEMBL416526,CN(C)CCc1c[nH]c2ccc(O)cc12,IC50,1200.0,5.92,204.27,1.98,0
CHEMBL1173752,NC(=O)[C@@]12CNCC[C@]1(c1ccc(Cl)c(Cl)c1)C2,Ki,100.0,7.0,285.17,2.1,1
CHEMBL567041,CNC[C@H](O)[C@@H](c1ccccc1)n1ccc2ccccc21.Cl,IC50,144.0,6.84,316.83,2.81,1
CHEMBL5925642,CNC[C@H](c1ccc2ccccc2c1)[C@H](OCc1nc(C)no1)c1ccccc1,Ki,0.7,9.15,387.48,4.79,1
CHEMBL5869405,CNC[C@H](c1ccc2ccccc2c1)[C@H](OCC(=O)N(C)OC)c1ccccc1,Ki,4.4,8.36,392.5,3.92,1
CHEMBL5783622,CNC[C@@H](c1ccc2ccccc2c1)[C@@H](O)c1ccccc1F,Ki,15.3,7.82,309.38,4.02,1
CHEMBL5991104,CNC[C@H](c1ccc(-c2ccccc2)cc1)[C@H](O)c1ccccc1,Ki,5.2,8.28,317.43,4.39,1
CHEMBL126536,Fc1ccc2[nH]cc(CCCNCCOc3cccc4ncccc34)c2c1,IC50,73.0,7.14,363.44,4.46,1
CHEMBL419240,Fc1ccc2[nH]cc(CCCNCCOc3cccc4c3OCCO4)c2c1,IC50,6.3,8.2,370.42,3.68,1
CHEMBL81525,COC(=O)C1C2CCC(CC1c1ccc(Cl)cc1)N2,IC50,1.63,8.79,279.77,2.74,1
CHEMBL3817934,Cc1ccccc1CN(C1CCOCC1)C1CCNC1,IC50,29.0,7.54,274.41,2.34,1
CHEMBL1836102,Cl.Nc1nc(NC[C@H]2CC[C@H](CNS(=O)(=O)c3ccc4ccccc4c3)CC2)nc2ccccc12,Ki,6.2,8.21,512.08,4.56,1
CHEMBL3317701,CCC1NCCCN(c2ccc(Cl)c(Cl)c2)C1=O.Cl,IC50,570.0,6.24,323.65,3.1,1
CHEMBL2012105,COC(=O)[C@@H]1C2CCC(C[C@@H]1c1ccc(-c3cccn3C)cc1)O2,IC50,566.0,6.25,325.41,3.52,1
CHEMBL2012111,COC(=O)[C@@H]1C2CCC(C[C@H]1c1cc3ccccc3s1)O2,IC50,10.0,8.0,302.39,3.73,1
CHEMBL104144,C1=C(c2c[nH]c3ccccc23)CCN(CCOc2cccc3c2OCCO3)C1,Ki,45.0,7.35,376.46,4.11,1
CHEMBL4282264,CNC(=O)Nc1ccc2c(c1)CC[C@@]21OC(=O)N(CC(=O)N(Cc2ccc(F)cc2)[C@@H](C)C(F)(F)F)C1=O,Ki,223.27,6.65,536.48,3.68,1
CHEMBL185395,O=C1O[C@]2(CC[C@@H](N3CCC(Cc4ccccc4Cl)CC3)CC2)c2ccc3c(c21)OCCO3,IC50,100.0,7.0,467.99,5.37,1
CHEMBL2347690,FC(F)(F)c1cc(COC[C@]2(c3ccccc3)CCCN(Cc3ccccc3)CC2)cc(C(F)(F)F)c1,IC50,91.0,7.04,521.55,7.86,1
CHEMBL2347854,CN1CCC[C@](COCc2cc(C(F)(F)F)cc(C(F)(F)F)c2)(c2ccccc2)CC1,IC50,26.0,7.58,445.45,6.29,1
CHEMBL506,COc1cc(NC(C)CCCN)c2ncccc2c1,IC50,16.0,7.8,259.35,2.78,1
CHEMBL3593393,Cl.OC[C@@H]1CNCCO[C@@H]1c1ccc(Cl)c(Cl)c1,IC50,11.0,7.96,312.62,2.26,1
CHEMBL3593275,Cl.OCC1(c2ccc(Cl)c(Cl)c2)CCNCCO1,IC50,200.0,6.7,312.62,2.19,1
CHEMBL3593404,CC(=O)NC[C@@H]1CNCCO[C@H]1c1ccc(Cl)c(C)c1.Cl,IC50,480.0,6.32,333.26,2.06,1
CHEMBL3913541,COc1ccc(Br)c(CC2CCN(CCc3ccccc3)CC2)c1,Ki,66.4,7.18,388.35,4.95,1
CHEMBL2326692,Clc1ccc(C2CCCCNC2)cc1Cl,Ki,140.0,6.85,244.16,3.85,1
CHEMBL2322001,C1=CCC(c2ccc3ccccc3c2)CNC1,Ki,63.0,7.2,223.32,3.47,1
CHEMBL2322000,Clc1ccc([C@@H]2CC=CCNC2)cc1Cl,Ki,420.0,6.38,242.15,3.63,1
CHEMBL67078,c1ccc(CCCNCC2CCCN(CCOC(c3ccccc3)c3ccccc3)C2)cc1,Ki,320.0,6.5,442.65,5.73,1
CHEMBL1818455,Cc1cc(C)n(CC23CNCC[C@]2(c2ccc(Cl)c(Cl)c2)C3)n1,Ki,15.85,7.8,350.29,4.13,1
CHEMBL1818544,CC(C)c1nnnn1C[C@@]12CNCC[C@]1(c1ccc(Cl)c(Cl)c1)C2,Ki,63.1,7.2,366.3,3.42,1
CHEMBL1818546,Clc1ccc([C@]23CCNCC2(Cn2ccc4ccccc42)C3)cc1Cl,Ki,1.259,8.9,371.31,5.27,1
CHEMBL4228775,COCCOc1cc(CC2CCN(CCc3ccc4c(c3)C(=O)CCO4)CC2)ccc1C,Ki,5.25,8.28,437.58,4.48,1
CHEMBL4060649,Cc1cccc(S(=O)(=O)NCCCN2CC=C(c3c[nH]c4ccc(F)cc34)CC2)c1,Ki,5.4,8.27,427.55,4.07,1
CHEMBL4071451,O=S(=O)(NCCN1CC=C(c2c[nH]c3ccc(F)cc23)CC1)c1ccc2ccccc2c1,Ki,1.7,8.77,449.55,4.53,1
CHEMBL4103183,c1ccc(CN2CCN(CCCCn3nnnc3C(c3ccccc3)c3ccccc3)CC2)cc1,IC50,1500.0,5.82,466.63,4.45,0
CHEMBL4083258,CCCCCN(C)CCC[C@@]1(c2ccc(F)cc2)OCc2cc(C#N)ccc21,IC50,75.0,7.12,380.51,5.37,1
CHEMBL399730,CN(C)CCC[C@]1(c2ccc(F)cc2)OCc2cc(C#N)ccc21,IC50,170.0,6.77,324.4,3.81,1
CHEMBL4072807,CN(C)CCCC(=O)c1ccc2c(c1)COC2(CCCN(C)C)c1ccc(F)cc1,IC50,1.6,8.8,412.55,4.47,1
CHEMBL1645601,Cc1cccc(F)c1Oc1cccc(F)c1OC1CNC1,Ki,1160.0,5.94,291.3,3.42,0
CHEMBL1644602,Clc1cc(O[C@@H]2C[C@H]3CC[C@@H](C2)N3)cc(-c2ccccc2)c1,IC50,452.0,6.34,313.83,4.67,1
CHEMBL1644608,N#Cc1ccccc1-c1cccc(O[C@@H]2C[C@H]3CC[C@@H](C2)N3)c1,IC50,2550.0,5.59,304.39,3.89,0
CHEMBL4089071,CNc1nc(C#Cc2ccc(Cl)s2)nc2c1ncn2[C@H]1[C@H](O)[C@H](O)[C@]2(C(=O)OCc3ccccc3)C[C@H]12,Ki,5600.0,5.25,536.01,3.01,0
CHEMBL3753894,CN(C)CCN(Cc1ccccc1)S(=O)(=O)c1ccc(I)cc1,Ki,30.4,7.52,444.34,3.04,1
CHEMBL340895,Fc1cc(OCCNCCCc2c[nH]c3ccc(F)cc23)c2occc2c1,IC50,104.0,6.98,370.4,4.79,1
CHEMBL1087585,CS(=O)(=O)Nc1cc(OCCN2CC3CCC(C2)C3Cc2ccc3c(c2)NC(=O)CC3)ccc1F,Ki,5.0,8.3,501.62,3.66,1
CHEMBL1088000,O=C1CCc2ccc(CC3CC4CCC(C3)N4C[C@@H]3COc4c(ccc5c4CC(=O)N5)O3)cc2N1,Ki,0.26,9.59,473.57,3.69,1
CHEMBL566208,CCC(NC(C)(C)C)C(=O)c1ccc(Cl)c(Cl)c1,IC50,790.0,6.1,288.22,4.34,1
CHEMBL583332,Cc1ccc(F)c(Oc2ccccc2C2CCNCC2)c1,Ki,26.0,7.58,285.36,4.39,1
CHEMBL573766,Fc1cccc(OCc2ccccc2C2CCNCC2)c1,Ki,49.0,7.31,285.36,3.87,1
CHEMBL574427,Fc1ccc(Oc2cc(F)c(F)cc2C2CCNCC2)cc1,Ki,260.0,6.58,307.31,4.36,1
CHEMBL4570411,O=C1c2ccc(F)cc2CC1CCN1CCCN(c2ccccn2)CC1,Ki,933.25,6.03,353.44,3.18,1
CHEMBL596001,CN1C2CCC1[C@@H](C(=O)OCc1cn(CCCCCCOC(=O)[C@H]3C4CCC(C[C@@H]3c3ccc(Cl)cc3)N4C)nn1)[C@@H](c1ccc(Cl)cc1)C2,Ki,0.86,9.07,722.76,7.26,1
CHEMBL4454176,COc1ccc2[nH]cc(C3CCN(CCCCN4C(=O)CC(c5c[nH]c6ccc(F)cc56)C4=O)CC3)c2c1,Ki,201.0,6.7,516.62,5.3,1
CHEMBL4591440,COc1ccc2[nH]cc(C3CCN(CCCCN4C(=O)CC(c5c[nH]c6ccc(OC)cc56)C4=O)CC3)c2c1,Ki,308.0,6.51,528.65,5.17,1
CHEMBL1083083,CNCC(O)CCN1c2ccccc2N(c2ccccc2F)S1(=O)=O,IC50,4589.0,5.34,365.43,2.0,0
CHEMBL214273,FC(F)(F)c1cccc(CC(c2ccccc2)N2CCNCC2)c1,IC50,13.0,7.89,334.38,3.89,1
CHEMBL386224,CCOc1ccccc1CC(c1ccccc1)N1CCNCC1,IC50,13.0,7.89,310.44,3.27,1
CHEMBL214240,Clc1cccc(CC(c2ccccc2)N2CCNCC2)c1,IC50,9.4,8.03,300.83,3.53,1
CHEMBL3216287,COc1ccc(-n2c(C)nc(C(=O)NCCCN3CCN(c4cccc(Cl)c4C)CC3)c2C)cc1.Cl.Cl.Cl,IC50,12.4,7.91,605.44,4.4,1
CHEMBL526270,CNC[C@@H]1OCc2ccccc2[C@@H]1Oc1ccccc1C(F)(F)F,IC50,5600.0,5.25,337.34,3.94,0
CHEMBL451105,Cc1ccccc1O[C@H]1c2ccccc2OC[C@H]1CN(C)C,IC50,1100.0,5.96,297.4,3.69,0
CHEMBL496284,CNC[C@H]1OCc2ccccc2[C@@H]1Oc1ccccc1Cl,IC50,3500.0,5.46,303.79,3.58,0
CHEMBL524271,CNC[C@@H]1Cc2ccccc2[C@@H]1Oc1cccc2ccccc12,IC50,140.0,6.85,303.4,4.35,1
CHEMBL465123,NCC[C@H](Oc1ccc(C(F)(F)F)cc1)c1ccccc1,Ki,50.0,7.3,295.3,4.17,1
CHEMBL463387,CN(C)C(=O)c1cc2cc(C3(Cc4ccccc4)CCNC3)ccc2[nH]1,Ki,22.0,7.66,347.46,3.34,1
CHEMBL504231,c1ccc(CCC2(c3ccc4[nH]ccc4c3)CCNC2)cc1,Ki,13.0,7.89,290.41,4.03,1
CHEMBL486538,c1ccc(CC2(c3cnc4[nH]ccc4c3)CCNC2)cc1,Ki,41.0,7.39,277.37,3.04,1
CHEMBL477374,CC(C)C(=O)N(Cc1ccc(Cl)c(Cl)c1Cl)[C@H]1CCNC1,IC50,5.0,8.3,349.69,3.99,1
CHEMBL469068,CC(C)(C)CC(=O)N(Cc1ccc(Cl)cc1Cl)[C@H]1CCNC1,IC50,27.0,7.57,343.3,4.12,1
CHEMBL466963,CCCC(=O)N(Cc1ccc(Cl)cc1Cl)[C@H]1CCNC1,IC50,72.0,7.14,315.24,3.48,1
CHEMBL507806,C=CCN(Cc1nccs1)C(=O)[C@@]1(c2cccs2)C[C@H]1CN,IC50,16.0,7.8,333.48,2.64,1
CHEMBL466500,CNC[C@@H](O)[C@H](c1ccccc1)N(C)c1cccc(Cl)c1,IC50,41.0,7.39,304.82,3.1,1
CHEMBL466670,COc1ccc([C@@H]([C@H](O)CN)N(C)c2ccccc2)cc1,IC50,183.0,6.74,286.38,2.19,1
CHEMBL227179,CN1[C@H]2CC[C@@H]1[C@@H](c1ncc(-c3ccccc3)s1)[C@@H](c1ccc(Cl)cc1)C2,Ki,2670.0,5.57,394.97,6.2,0
CHEMBL2096877,Cc1ccc([C@H]2CC3CCC([C@H]2c2ccc(C)cc2)N3C)cc1,Ki,250.0,6.6,305.47,5.04,1
CHEMBL387758,Cc1ccc([C@@H]2C3CCC(C[C@@H]2c2ccccc2)N3C)cc1,IC50,45000.0,4.35,291.44,4.73,0
CHEMBL1645609,Cc1cccc(F)c1Oc1cccc(F)c1OC1CCNCC1,Ki,3250.0,5.49,319.35,4.2,0
CHEMBL1683889,CN(C)CC1(c2ccc(F)c(Cl)c2)CCCCC1,IC50,31.0,7.51,269.79,4.24,1
CHEMBL575546,CNC[C@@H](O)[C@H](c1cccc(F)c1)n1ccc2ccc(F)cc21,IC50,626.0,6.2,316.35,3.09,1
CHEMBL577597,CNC[C@@H](O)[C@H](c1cccc(F)c1)n1ccc2cc(F)ccc21,IC50,78.0,7.11,316.35,3.09,1
CHEMBL180672,CC(C)(Cc1ccc2ccccc2c1)NC[C@@H](O)COc1cccc(Cl)c1C#N,IC50,2.0,8.7,408.93,4.72,1
CHEMBL575131,CNC[C@@H](O)[C@H](c1ccc(F)cc1)n1ccc2ccccc21,IC50,1366.0,5.87,298.36,2.95,0
CHEMBL583113,CNC[C@@H](O)[C@H](c1ccccc1Cl)n1ccc2ccccc21,IC50,1333.0,5.88,314.82,3.46,0
CHEMBL1762478,CCC(CCNC)Oc1cc(Cl)ccc1C#N.Cl,IC50,44000.0,4.36,289.21,2.98,0
CHEMBL3775140,Clc1cccc(N2CCN(CCCN3CCC(Cc4ccccc4)CC3)CC2)c1Cl,IC50,2510.0,5.6,446.47,5.46,0
CHEMBL1080787,CC(C)CN(C(=O)c1cccc(Cl)c1Cl)[C@H]1CCNC1,Ki,6.0,8.22,315.24,3.45,1
CHEMBL1084971,Oc1ccccc1C[C@H](c1ccccc1)N1CCNCC1,Ki,8.0,8.1,282.39,2.58,1
CHEMBL1083405,CC(C)Oc1ccccc1CC(c1ccccc1)N1CCNCC1,Ki,18.0,7.75,324.47,3.66,1
CHEMBL4087852,O=S(=O)(NCCCCN1CC=C(c2c[nH]c3ccc(Cl)cc23)CC1)c1cccc(F)c1,Ki,3.2,8.49,461.99,4.81,1
CHEMBL4068516,O=[N+]([O-])c1ccc(-c2nnnn2CCN2CCC(Cc3ccccc3)CC2)cc1,IC50,1240.0,5.91,392.46,3.2,0
CHEMBL4061167,c1ccc(CC2CCN(CCCn3nnnc3-c3ccccc3)CC2)cc1,IC50,880.0,6.06,361.49,3.68,1
CHEMBL4083042,FC(F)(F)c1cccc(-c2nnnn2CCCN2CCC(Cc3ccccc3)CC2)c1,IC50,8810.0,5.05,429.49,4.7,0
CHEMBL5801212,COc1ccc(C2(CN(C)C)CCCCC2O)cc1,IC50,76.0,7.12,263.38,2.43,1
CHEMBL136057,Fc1ccc(C(OCCC2CCN(C/C=C/c3ccco3)CC2)c2ccc(F)cc2)cc1,Ki,41.0,7.39,437.53,6.48,1
CHEMBL149246,c1ccc(C(c2ccccc2)c2cccnc2)cc1,Ki,12600.0,4.9,245.32,4.26,0
CHEMBL3216518,CCCc1nc(C(=O)NCCCN2CCN(c3cccc(C)c3C)CC2)c(C)n1-c1ccc2c(c1)OCCO2.Cl.Cl,IC50,5.0,8.3,604.62,4.46,1
CHEMBL3216521,Cc1cccc(N2CCN(CC(O)CNC(=O)c3nc(-c4ccccc4)n(-c4ccccc4)c3C)CC2)c1C.Cl.Cl,IC50,19.1,7.72,596.6,4.38,1
CHEMBL3216290,Cc1c(Cl)cccc1N1CCN(CC(O)CNC(=O)c2nc(C)n(-c3ccc(F)cc3)c2C)CC1.Cl.Cl.Cl,IC50,20.0,7.7,609.4,3.5,1
CHEMBL3216298,Cc1cccc(N2CCN(CCCNC(=O)c3nc(C)n(-c4ccccc4Cl)c3C)CC2)c1C.Cl.Cl.Cl,IC50,17.0,7.77,589.44,4.7,1
CHEMBL2407326,CCC(=O)C(c1ccc(Cl)c(Cl)c1)C1CCNCC1.Cl,IC50,18.0,7.75,336.69,4.06,1
CHEMBL2407337,CCOCC(c1ccc(Cl)c(Cl)c1)C1CCNCC1.Cl,IC50,16.0,7.8,338.71,4.11,1
CHEMBL183921,CC(COc1ccc2c(c1)NC(=O)CO2)NCC(O)COc1cccc2[nH]ccc12,Ki,50.12,7.3,411.46,2.3,1
CHEMBL183460,Cc1ccc2c(OCCN3CCC(Cc4ccc5c(c4)NC(=O)CO5)CC3)cccc2n1,Ki,6.31,8.2,431.54,4.21,1
CHEMBL2096859,COC(=O)[C@H]1C2CCC(C[C@@H]1c1ccc(Br)cc1)N2C,Ki,140.0,6.85,338.24,3.19,1
CHEMBL220765,C#CCN1CC[C@@H](Cc2ccc(F)cc2)C[C@@H]1CCCNC(=O)Nc1cc(C(C)=O)cc(C(C)=O)c1,Ki,305.0,6.52,491.61,5.09,1
CHEMBL218174,CC(=O)c1cccc(NC(=O)NCCC[C@H]2C[C@H](Cc3ccc(F)cc3)CCN2C)c1,Ki,572.0,6.24,425.55,4.88,1
CHEMBL217987,CC(=O)c1cc(NC(=O)NCCC[C@H]2C[C@H](Cc3ccc(F)cc3)CCN2)cc(C(C)=O)c1,Ki,3.5,8.46,453.56,4.74,1
CHEMBL197913,CN1C2C=C(c3cccc(-c4ccccc4)c3)CC1CC2,IC50,670.0,6.17,275.4,4.6,1
CHEMBL199598,CN1C2CCC1CC(O)(C1c3ccccc3-c3ccc(Br)cc31)C2,IC50,2570.0,5.59,384.32,4.55,0
CHEMBL4470604,O=C1CC(c2c[nH]c3ccc(F)cc23)C(=O)N1CCCN1CCC(c2c[nH]c3ccccc23)CC1,Ki,150.5,6.82,472.56,4.9,1
CHEMBL151420,Cc1nc(-c2ccc(-c3ccc(C(=O)Nc4ccc(OCCF)c(N5CCN(C)CC5)c4)cc3)c(C)c2)no1,IC50,900.0,6.05,529.62,5.37,1
CHEMBL4075673,Cc1cccc(S(=O)(=O)NCCCCN2CC=C(c3c[nH]c4ccc(F)cc34)CC2)c1,Ki,2.3,8.64,441.57,4.46,1
CHEMBL4077040,Cc1cccc(S(=O)(=O)NCCCN2CC=C(c3c[nH]c4ccc(Cl)cc34)CC2)c1,Ki,6.2,8.21,444.0,4.59,1
CHEMBL4104596,Cc1cccc(S(=O)(=O)NCCN2CC=C(c3c(C)[nH]c4ccc(Cl)cc34)CC2)c1,Ki,32.0,7.5,444.0,4.51,1
CHEMBL4062817,O=S(=O)(NCCCCN1CC=C(c2c[nH]c3ccc(F)cc23)CC1)c1ccc2ccccc2c1,Ki,4.3,8.37,477.61,5.31,1
CHEMBL4104216,O=S(=O)(NCCN1CC=C(c2c[nH]c3ccc(Cl)cc23)CC1)c1cccc2ccccc12,Ki,2.7,8.57,466.01,5.04,1
CHEMBL4091193,O=S(=O)(NCCCN1CC=C(c2c[nH]c3ccc(Cl)cc23)CC1)c1cccc(Cl)c1,Ki,2.3,8.64,464.42,4.93,1
CHEMBL4103725,O=S(=O)(NCCCN1CC=C(c2c[nH]c3ccc(Cl)cc23)CC1)c1ccc(Cl)cc1,Ki,4.6,8.34,464.42,4.93,1
CHEMBL534479,CCOC(=O)C(c1ccccc1)C1CCCCN1.Cl,IC50,7540.0,5.12,283.8,2.48,0
CHEMBL202565,CCCC(CN1CCCC1)C(=O)c1ccc(C)cc1,IC50,4800.0,5.32,259.39,3.69,0
CHEMBL198045,COc1cccc2c1CCCC2CN(C)CCc1cccc(F)c1,IC50,160.0,6.8,327.44,4.43,1
CHEMBL558065,CNC[C@@H]1C[C@]1(Oc1cccc2ccccc12)c1cccs1.Cl,Ki,33.2,7.48,345.9,4.41,1
CHEMBL1762479,N#Cc1cc(F)c(Cl)cc1O[C@H](CCN)c1ccccc1.O=C(O)C(=O)O,IC50,4400.0,5.36,394.79,3.82,0
CHEMBL564059,CSc1ccccc1C(=O)N(CC1CCC1)[C@H]1CCNC1,Ki,179.0,6.75,304.46,3.01,1
CHEMBL553395,CSc1ccccc1C(=O)N(C1CCCCC1)[C@H]1CCNC1,Ki,16.0,7.8,318.49,3.55,1
CHEMBL563384,O=C(c1ccccc1C(F)(F)F)N(CC1CCC1)[C@@H]1CCNC1,Ki,1650.0,5.78,326.36,3.31,0
CHEMBL538405,Fc1ccc(C(OCCC2CCN(Cc3cc4ccccc4[nH]3)CC2)c2ccc(F)cc2)cc1,Ki,88.0,7.06,460.57,6.85,1
CHEMBL310650,COC(=O)[C@@H]1C2CCC(C[C@@H]1OC(c1ccc(F)cc1)c1ccc(F)cc1)N2C,IC50,3530.0,5.45,401.45,4.1,0
CHEMBL462387,CNCc1ccc(Cl)cc1Oc1ccc(Cl)cc1,IC50,9.2,8.04,282.17,4.51,1
CHEMBL462226,CNCc1cc(Cl)ccc1Oc1ccc(Cl)cc1,IC50,7.49,8.13,282.17,4.51,1
CHEMBL461323,CCCn1c(=O)n([C@H](CCNC)c2ccccc2)c2ccccc21,IC50,3100.0,5.51,323.44,3.41,0
CHEMBL470313,CNCC[C@@H](c1ccccc1)n1c(=O)n(C(C)C)c2cccc(F)c21,IC50,1408.0,5.85,341.43,3.72,0
CHEMBL3613153,O=C(NCCN1CCC(Cc2ccccc2)CC1)c1ccc2ccccc2n1,IC50,786.0,6.11,373.5,3.92,1
CHEMBL3323183,CN1Cc2cc(N3CCOCC3)ccc2C(c2ccc3ccsc3c2)C1,IC50,4.5,8.35,364.51,4.32,1
CHEMBL1940404,OC1(c2ccc(Cl)cc2)CCN(CCCOc2ccc(F)cc2)CC1,Ki,2228.0,5.65,363.86,4.23,0
CHEMBL3321789,OC1(c2ccc(Cl)cc2)CC2CCC(C1)N2CCCOc1ccc(F)cc1,Ki,255.0,6.59,389.9,4.76,1
CHEMBL510855,CNC[C@@H](O)[C@H](c1ccccc1)N(C)c1ccc(C)cc1,IC50,73.0,7.14,284.4,2.75,1
CHEMBL5901639,CN(C)CC1(c2ccc(Cl)c(Cl)c2)CCC(Oc2ccccc2)CC1,IC50,168.0,6.78,378.34,5.81,1
CHEMBL5846875,NCC1(c2ccc(Cl)c(Cl)c2)CCC(O)C1,IC50,4912.0,5.31,260.16,2.73,0
CHEMBL401347,CN(C)CC1CC1c1cccc2cc(C#N)ccc12,IC50,4.1,8.39,250.34,3.38,1
CHEMBL251377,CN(C)CC1CC1c1c[nH]c2ncccc12,IC50,410.0,6.39,215.3,2.23,1
CHEMBL249958,CN(C)C[C@H]1C[C@@H]1c1c[nH]c2ccccc12,IC50,99.0,7.0,214.31,2.83,1
CHEMBL2047570,OC(CCN1CC=C(Cc2ccccc2)CC1)c1csc2ccccc12,IC50,171.0,6.77,363.53,5.2,1
CHEMBL1830876,CNC[C@@H](CCN1c2ccccc2N(c2ccccc2)S1(=O)=O)OC,IC50,5100.0,5.29,361.47,2.51,0
CHEMBL513367,CCCCN([C@H]1CCNC1)S(=O)(=O)c1ccc2ccccc2c1,IC50,16.0,7.8,332.47,2.99,1
CHEMBL471029,CCCCN(Cc1ccc2ccccc2c1)[C@H]1CCNC1,IC50,0.3,9.52,282.43,3.8,1
CHEMBL451460,c1ccc2cc(OCC3CCNC3)ccc2c1,IC50,25.0,7.6,227.31,2.83,1
CHEMBL469551,N#Cc1ccc2cc(OC[C@H]3CCNC3)ccc2c1,IC50,37.0,7.43,252.32,2.7,1
CHEMBL506397,N#Cc1ccc2cc(OC[C@@H]3CCNC3)ccc2c1,IC50,42.0,7.38,252.32,2.7,1
CHEMBL469552,N#Cc1ccc2cc(OCC3CCNCC3)ccc2c1,IC50,15.0,7.82,266.34,3.09,1
CHEMBL4250965,COc1ccc(N2CCN(CCCNC(=O)c3ccc4ccccc4n3)CC2)cc1,IC50,230.0,6.64,404.51,3.19,1
CHEMBL443090,Cc1c(CCN2CCNCC2)ccc2cc(F)ccc12,IC50,4.0,8.4,272.37,2.74,1
CHEMBL513258,Fc1ccc(CC2(c3ccc4[nH]ccc4c3)CCNC2)cc1,Ki,15.0,7.82,294.37,3.78,1
CHEMBL286312,C#Cc1ccc([C@@H]2CN3CCC[C@@H]3c3ccccc32)cc1,Ki,0.27,9.57,273.38,3.95,1
CHEMBL511099,Cc1ccc(C23CNCC2C3)cc1,IC50,117.0,6.93,173.26,1.86,1
CHEMBL4635232,CCOC(=O)Cc1nn(CNC(=O)CCCN2CCN(c3cccc(C)c3C)CC2)c(=O)c2c(F)cccc12,IC50,488.0,6.31,537.64,2.93,1
CHEMBL4641522,CCOC(=O)Cc1nn(CNC(=O)CCN2CCN(c3cccc(C)c3C)CC2)c(=O)c2ccccc12,IC50,379.0,6.42,505.62,2.4,1
CHEMBL2112358,Cc1cc2c(OC[C@@H](O)CN3CC[C@@H](c4ccc5ccsc5c4)C[C@@H]3C)cccc2[nH]1,Ki,0.75,9.12,434.61,5.7,1
CHEMBL3217170,Cc1c(Cl)cccc1N1CCN(CCCNC(=O)c2nc(-c3ccccc3)n(-c3ccccc3)c2C)CC1.Cl.Cl.Cl,IC50,17.8,7.75,637.48,5.75,1
CHEMBL362170,CN(C)CCCc1c[nH]c2ccc(Cl)cc12,IC50,7.0,8.15,236.75,3.32,1
CHEMBL183488,CN(C)CCCc1c[nH]c2ccc(Br)cc12,IC50,17.0,7.77,281.2,3.42,1
CHEMBL4241632,O=C(NCCCN1CCN(c2ccccn2)CC1)c1ccc2ccccc2n1,IC50,6940.0,5.16,375.48,2.57,0
CHEMBL1258314,O=C1NCc2ccc(OCCCN3CCN(c4cccc5cc(F)ccc45)CC3)c(F)c21,Ki,37.4,7.43,437.49,3.95,1
CHEMBL3094168,CN(C)CCCC1(c2ccc(Br)cc2)OCc2cc(C#N)ccc21,IC50,4700.0,5.33,385.31,4.44,0
CHEMBL3126960,N[C@H]1CC[C@@](COCc2cc(C(F)(F)F)cc(C(F)(F)F)c2)(c2ccccc2)C1,IC50,4.7,8.33,417.39,5.69,1
CHEMBL383422,Cc1ccc(Nc2ccccc2CN(C)C)c(N)c1,Ki,10.28,7.99,255.37,3.38,1
CHEMBL206211,CN[C@H]1CC[C@@H](c2ccc(Cl)c(Cl)c2)c2ccc(S(C)(=O)=O)cc21,IC50,6.0,8.22,384.33,4.58,1
CHEMBL381792,CN[C@H]1CC[C@@H](c2ccc(Cl)c(Cl)c2)c2ccc(NS(C)(=O)=O)cc21,IC50,3.0,8.52,399.34,4.55,1
CHEMBL380523,CN[C@H]1CC[C@@H](c2ccc(Cl)c(Cl)c2)c2ccc(C(=O)N(C)C)cc21,IC50,9.0,8.05,377.32,4.88,1
CHEMBL411693,CN[C@H]1CC[C@@H](c2ccc(Cl)c(Cl)c2)c2ccc([N+](=O)[O-])cc21,IC50,2.0,8.7,351.23,5.09,1
CHEMBL202755,CN[C@H]1CC[C@@H](c2ccc(Cl)c(Cl)c2)c2ccc(C(=O)O)cc21,IC50,90.0,7.05,350.25,4.88,1
CHEMBL365183,CN(C)CC1C2CCC(CC2)[C@@H]1c1cccc(Cl)c1,IC50,270.0,6.57,277.84,4.42,1
CHEMBL184910,O=C1O[C@]2(CC[C@@H](N3CCN(Cc4ccccc4I)CC3)CC2)c2ccc3c(c21)OCO3,IC50,48.0,7.32,546.41,4.15,1
CHEMBL362363,O=C1O[C@]2(CC[C@@H](N3CCN(Cc4ccccc4I)CC3)CC2)c2ccc3c(c21)OCCO3,IC50,54.0,7.27,560.43,4.19,1
CHEMBL185540,O=C1O[C@]2(CC[C@@H](N3CCC(Cc4ccccc4Br)CC3)CC2)c2ccc3c(c21)OCO3,IC50,45.0,7.35,498.42,5.44,1
CHEMBL1215761,CN(C)CCCC1(c2ccc(F)cc2)OCc2cc(-c3cccc(N)c3)ccc21,Ki,390.0,6.41,390.5,5.19,1
CHEMBL5868927,CN(C)CC1(c2ccc(Cl)c(Cl)c2)CCC(F)CC1,IC50,294.0,6.53,304.24,4.7,1
CHEMBL5840900,CN(C)CC1(c2ccc(Cl)c(Cl)c2)CC=CCC1,IC50,136.0,6.87,284.23,4.53,1
CHEMBL5941510,CN(C)CC1(c2ccc(Cl)c(Cl)c2)CCCC(F)(F)C1,IC50,306.0,6.51,322.23,5.0,1
CHEMBL6024071,CNC[C@H](c1ccc2ccccc2c1)[C@H](OCC(=O)N1CCC1)c1ccccc1,Ki,1.0,9.0,388.51,4.13,1
CHEMBL413562,CN(C)Cc1ccccc1Sc1ccc(CCCO)cc1N,Ki,92.26,7.04,316.47,3.41,1
CHEMBL189375,CCc1ccc(Sc2ccccc2CNC)c(N)c1,Ki,2.04,8.69,272.42,3.7,1
CHEMBL192528,Cc1ccc(Sc2ccccc2CNCCF)c(N)c1,Ki,71.3,7.15,290.41,3.79,1
CHEMBL446809,CNCC[C@H](c1cc(F)cc(F)c1)N1C(=O)C(C)(C)c2cccc(F)c21,IC50,330.0,6.48,362.39,4.08,1
CHEMBL1628650,[3H]c1cc2c(cc1OC[C@@H]1CNCC[C@H]1c1ccc(F)cc1)OCO2,Ki,0.08,10.1,331.38,3.33,1
CHEMBL1085959,COc1ccccc1CC(c1ccccc1F)N1CCNCC1,Ki,10.0,8.0,314.4,3.02,1
CHEMBL567932,CC(C)CN(C(=O)c1ccc2ccccc2c1)[C@H]1CCNC1,IC50,3.0,8.52,296.41,3.3,1
CHEMBL566576,CS(=O)(=O)N(Cc1ccc2ccccc2c1)[C@@H]1CCNC1,IC50,17.0,7.77,304.42,1.96,1
CHEMBL1914692,CN1C2CCC1[C@@H](C(=O)Nc1cccc(Br)n1)[C@@H](c1ccc(Cl)cc1)C2,Ki,3211.0,5.49,434.77,4.7,0
CHEMBL1852779,COc1cc(OC)cc(-n2c(C)nc(C(=O)NCCCN3CCN(c4cccc(C)c4C)CC3)c2C)c1,IC50,10.0,8.0,505.66,4.07,1
CHEMBL1852362,CCCc1nc(C(=O)NCC(O)CN2CCN(c3cccc(C)c3C)CC2)c(C)n1-c1ccc(OC)cc1,IC50,6.0,8.22,519.69,3.67,1
CHEMBL1852665,COc1ccccc1-n1c(C)nc(C(=O)NCC(O)CN2CCN(c3cccc(Cl)c3Cl)CC2)c1C,IC50,12.2,7.91,532.47,3.72,1
CHEMBL1852503,Cc1nc(C(=O)NCCCN2CCN(c3cccc(Cl)c3Cl)CC2)c(C)n1-c1ccc2c(c1)OCCO2,IC50,9.17,8.04,544.48,4.51,1
CHEMBL1852501,Cc1cccc(N2CCN(C[C@H](O)CNC(=O)c3nc(C)n(-c4ccccc4)c3C)CC2)c1C,IC50,0.64,9.19,461.61,3.02,1
CHEMBL3216498,CCCc1nc(C(=O)NCCCN2CCN(c3cccc(Cl)c3C)CC2)c(C)n1-c1ccc(F)cc1.Cl.Cl.Cl,IC50,28.0,7.55,621.46,5.18,1
CHEMBL3216961,Cc1c(Cl)cccc1N1CCN(CCCNC(=O)c2nc(C)n(C3CCCC3)c2C)CC1.Cl.Cl.Cl,IC50,9.53,8.02,567.43,4.52,1
CHEMBL3215628,COc1ccc(-n2c(C)nc(C(=O)NCCCN3CCN(c4cccc(C)c4C)CC3)c2C)cc1.Cl.Cl,IC50,31.1,7.51,548.56,4.06,1
CHEMBL3966886,COc1cccc(CC2CCN(CCc3ccccc3)CC2)c1,Ki,212.0,6.67,309.45,4.19,1
CHEMBL474922,COc1ccc(Oc2ccccc2CN(C)C)cc1,IC50,25.0,7.6,257.33,3.55,1
CHEMBL481353,CN(C)Cc1ccccc1Oc1ccc(OC(F)(F)F)cc1,IC50,7.0,8.15,311.3,4.44,1
CHEMBL481527,CN(C)Cc1cc(Br)ccc1Oc1ccc(C(F)(F)F)cc1,IC50,3.0,8.52,374.2,5.32,1
CHEMBL520869,c1ccc(CC2(c3ccc4[nH]ncc4c3)CCNC2)cc1,Ki,1.0,9.0,277.37,3.04,1
CHEMBL43064,C(=C/c1ccccc1)\CN1CCN(C(c2ccccc2)c2ccccc2)CC1,IC50,1090.0,5.96,368.52,5.11,0
CHEMBL397597,c1cc([C@@H]2CN3CCC[C@@H]3c3cc(OCCCN4CCOCC4)ccc32)[nH]n1,Ki,121.0,6.92,382.51,2.79,1
CHEMBL391829,c1csc([C@@H]2CN3CCC[C@@H]3c3cc(OCCCN4CCOCC4)ccc32)n1,Ki,291.0,6.54,399.56,3.53,1
CHEMBL246927,c1csc([C@@H]2CN3CCC[C@@H]3c3cc(OCCCN4CCOCC4)ccc32)c1,Ki,6.0,8.22,398.57,4.13,1
CHEMBL247935,c1ccc([C@@H]2CN3CCC[C@@H]3c3cc(OCCCN4CCCCC4)ccc32)nc1,Ki,18.7,7.73,391.56,4.62,1
CHEMBL236902,C[C@H]1CN(c2ccc(C(=O)Nc3ccccc3N)cn2)CCN1C(=O)OCc1ccccc1,IC50,1680.0,5.78,445.52,3.76,0
CHEMBL2206526,Cc1ccc(C2CN(C)Cc3ccccc32)cc1F,Ki,102.0,6.99,255.34,3.71,1
CHEMBL2206518,COc1ccc2c(c1)CN(C)CC2c1ccccc1,Ki,1450.0,5.84,253.34,3.27,0
CHEMBL214056,Clc1cccc(CC(c2ccccc2)N2CCNCC2)c1Cl,IC50,3.9,8.41,335.28,4.18,1
CHEMBL214259,Clc1cccc(Cl)c1CC(c1ccccc1)N1CCNCC1,IC50,12.0,7.92,335.28,4.18,1
CHEMBL378319,Clc1ccccc1CC(c1cccnc1)N1CCNCC1,IC50,14.0,7.85,301.82,2.92,1
CHEMBL213496,CCOc1ccccc1CC(c1cncs1)N1CCNCC1,IC50,40.0,7.4,317.46,2.73,1
CHEMBL213030,Clc1ccccc1CC(c1nccs1)N1CCNCC1,IC50,79.0,7.1,307.85,2.99,1
CHEMBL211412,Fc1ccccc1C(Cc1ccccc1Cl)N1CCNCC1,IC50,30.0,7.52,318.82,3.67,1
CHEMBL1290596,Cc1ccc2c(N3CCN(CCc4c(C)ccc5c4CCC(=O)N5)CC3)cccc2n1,Ki,50.12,7.3,414.55,4.1,1
CHEMBL1290597,Cc1ccc2c(N3CCN(CCc4c(C)ccc5c4CCC(=O)N5C)CC3)cccc2n1,Ki,25.12,7.6,428.58,4.13,1
CHEMBL1289163,Cc1ccc2c(N3CCN(CCc4c(F)ccc5c4ccc(=O)n5C)CC3)cccc2n1,Ki,12.59,7.9,430.53,3.9,1
CHEMBL1289276,Cc1ccc2c(N3CCN(CCc4c(C)ccc5c4ccc(=O)n5C)CC3)cc(F)cc2n1,Ki,10.0,8.0,444.55,4.21,1
CHEMBL1258881,O=C1NCc2cc(F)c(OCCCCN3CCN(c4cccc5cc(F)ccc45)CC3)cc21,Ki,9.1,8.04,451.52,4.34,1
CHEMBL1258534,O=C1NCc2cc(F)c(OCCCCN3CCN(c4cccc5ccccc45)CC3)cc21,Ki,30.8,7.51,433.53,4.2,1
CHEMBL1945251,COC(=O)[C@H]1[C@@H](c2ccc(I)cc2)C[C@@H]2CC[C@H]1N2C/C=C/I,Ki,1.5,8.82,537.18,4.35,1
CHEMBL396402,CN(C)Cc1cc(OCCO)ccc1Sc1ccccc1N,Ki,1.1,8.96,318.44,2.85,1
CHEMBL493056,CNCc1ccccc1Sc1ccc(C(F)(F)F)cc1,IC50,70.0,7.16,297.35,4.58,1
CHEMBL491268,CN(C)Cc1ccccc1Cc1ccc(Cl)c(Cl)c1,IC50,5.0,8.3,294.23,4.65,1
CHEMBL479410,CN(C)Cc1cc(NS(C)(=O)=O)ccc1Oc1ccc(C(F)(F)F)cc1,IC50,5.0,8.3,388.41,3.93,1
CHEMBL454798,CNC[C@@H](O)[C@H](c1ccccc1)N(C)c1ccccc1Cl,IC50,286.0,6.54,304.82,3.1,1
CHEMBL594219,CC(C)CN(CCCc1c[nH]c2ccc(F)cc12)C1COc2ccc3c(c2C1)C(=O)NC3,Ki,617.0,6.21,435.54,4.44,1
CHEMBL257743,CNCc1cc(C(=O)N2CCN(C3CCC3)CC2)ccc1Oc1ccc(Cl)cc1,Ki,39.0,7.41,413.95,4.16,1
CHEMBL404247,CNCc1cc(C(=O)N2CCN(C3CC3)CC2)ccc1Oc1ccc(Cl)cc1,Ki,23.0,7.64,399.92,3.77,1
CHEMBL518580,CC(C)C(=O)N(Cc1ccc(F)cc1Cl)[C@H]1CCNC1,IC50,161.0,6.79,298.79,2.83,1
CHEMBL469887,COc1ccc(-c2cc([C@@H]3C4CCC(C[C@@H]3c3ccc(Cl)cc3)N4C)on2)cc1.Cl,Ki,535.0,6.27,445.39,5.74,1
CHEMBL470690,Cc1ccc(-c2cc([C@@H]3C4CCC(C[C@@H]3c3ccc(Cl)cc3)N4C)on2)cc1.Cl,Ki,522.0,6.28,429.39,6.04,1
CHEMBL270366,CNCc1cnc(C)cc1Oc1ccccc1C,Ki,136.0,6.87,242.32,3.21,1
CHEMBL27979,C[C@H]1CC[C@H](C)N1CCCOc1ccc(-c2ccc(C(=O)N3CCOCC3)cc2)cc1,Ki,3548.13,5.45,422.57,4.47,0
CHEMBL410622,NCC(=O)NCC1CC1(C(=O)N1CCc2ccccc21)c1ccccc1,IC50,77.0,7.11,349.43,1.61,1
CHEMBL256019,NCC1CC1(C(=O)N1CCOCC1)c1ccccc1,IC50,1700.0,5.77,260.34,0.76,0
CHEMBL256447,NCC1C[C@@]1(C(=O)N1CCCC1)c1ccccc1,IC50,3100.0,5.51,244.34,1.53,0
CHEMBL402116,CNC[C@H]1CCCC[C@]1(OC)c1cccc(O)c1,IC50,6922.0,5.16,249.35,2.64,0
CHEMBL3752576,C=CCN(CC=C)CCc1c[nH]c2ccccc12,Ki,151.36,6.82,240.35,3.38,1
CHEMBL89245,O=C(CCc1cc(C(F)(F)F)cc(C(F)(F)F)c1)N(c1ccc(F)cc1)C1CCNCC1,Ki,251.19,6.6,462.41,5.58,1
CHEMBL195774,CN(C)C[C@@H]1C[C@H]1c1c[nH]c2ccc(C#N)cc12,Ki,8.9,8.05,239.32,2.7,1
CHEMBL453996,c1ccc2cc(OCC3CCNCC3)ccc2c1,IC50,8.0,8.1,241.33,3.22,1
CHEMBL485434,CNC(=O)c1ccc(F)c2c1C[C@@H](N(CCCc1c[nH]c3ccc(F)cc13)C1CCC1)CO2,IC50,147.0,6.83,453.53,4.6,1
CHEMBL726,OCCN1CCN(CCCN2c3ccccc3Sc3ccc(C(F)(F)F)cc32)CC1,IC50,1492.0,5.83,437.53,4.31,0
CHEMBL1200623,CC[C@]1(O)CC[C@H]2[C@@H]3CCC4=CCCC[C@@H]4[C@H]3CC[C@@]21C,Ki,43.0,7.37,288.48,5.09,1
CHEMBL1078743,CC(C)CN(C(=O)c1cccc(Cl)c1)[C@H]1CCNC1,Ki,19.0,7.72,280.8,2.8,1
CHEMBL1078162,Cc1c(Cl)cccc1C(=O)N(CC(C)C)[C@H]1CCNC1,Ki,3.0,8.52,294.83,3.11,1
CHEMBL4226546,COCCOc1cc(CC2CCN(CCc3ccc4c(c3)CCCO4)CC2)ccc1Br,Ki,1.74,8.76,488.47,5.3,1
CHEMBL121857,COC(=O)C1C2CCC(C[C@@H]1OC(c1ccccc1)c1ccc(I)cc1)N2C,IC50,9280.0,5.03,491.37,4.42,0
CHEMBL489166,CNS(=O)(=O)c1ccc(Oc2ccc(SC)cc2)c(CN(C)C)c1,IC50,9.0,8.05,366.51,3.17,1
CHEMBL435990,COC(=O)C1C2CCC(C[C@@H]1OC(c1ccc(C)cc1)c1ccc(C)cc1)N2C,IC50,9800.0,5.01,393.53,4.43,0
CHEMBL485433,CNC(=O)c1ccc(F)c2c1CC(N(CCCc1c[nH]c3ccc(F)cc13)C1CCC1)CO2,IC50,15.0,7.82,453.53,4.6,1
CHEMBL519679,O=C(NC1CCC1)c1ccc(F)c2c1CC(N(CCCc1c[nH]c3ccc(F)cc13)C1CCC1)CO2,IC50,70.6,7.15,493.6,5.52,1
CHEMBL484540,O=C(NC1CCCCC1)c1ccc(F)c2c1CC(N(CCCc1c[nH]c3ccc(F)cc13)C1CCC1)CO2,IC50,144.0,6.84,521.65,6.3,1
CHEMBL484581,COc1ccc2[nH]cc(CCCN(C3CCC3)C3COc4c(F)ccc(C(N)=O)c4C3)c2c1,IC50,834.0,6.08,451.54,4.21,1
CHEMBL125871,COC(=O)C1C2CCC(C[C@@H]1OC(c1ccc(F)cc1)c1ccc(F)cc1)N2CCCc1ccc(I)cc1,IC50,2200.0,5.66,631.5,6.7,0
CHEMBL338566,COC(=O)C1C2CCC(C[C@@H]1OC(c1ccccc1)c1ccc(F)cc1)N2C,IC50,4930.0,5.31,383.46,3.96,0
CHEMBL1914698,CN1C2CCC1[C@@H](CNc1ccnc(Br)c1)[C@@H](c1ccc(Cl)cc1)C2,Ki,11.0,7.96,420.78,5.18,1
CHEMBL1914694,CN1C2CCC1[C@@H](C(=O)Nc1ccnc(Br)c1)[C@@H](c1ccc(Cl)cc1)C2,Ki,10298.0,4.99,434.77,4.7,0
CHEMBL2206519,CCOc1ccc2c(c1)CN(C)CC2c1ccccc1,Ki,352.0,6.45,267.37,3.66,1
CHEMBL522708,Cc1ccc2c(OCCN3CCC(Cc4cccc(N5CCCS5(=O)=O)c4)CC3)cccc2n1,Ki,398.11,6.4,479.65,4.42,1
CHEMBL5780496,CC(Oc1ccc(Cl)cc1OC1CN(C(C)(C)C)C1)c1cccc(C(F)(F)F)c1,Ki,4481.0,5.35,427.89,6.36,0
CHEMBL402644,CNCc1cc(C(=O)N2CCN(C3CC3)CC2)ccc1Oc1ccc(Cl)c(Cl)c1,Ki,6.8,8.17,434.37,4.43,1
CHEMBL408206,CNCc1cc(C(=O)N2CCN(C(C)C)CC2)ccc1Oc1ccc(Cl)c(Cl)c1,Ki,6.3,8.2,436.38,4.67,1
CHEMBL258349,CNCc1cc(C(=O)N2CCCN(C3CC3)CC2)ccc1Oc1ccc(F)cc1,Ki,68.0,7.17,397.49,3.65,1
CHEMBL401683,CNCc1cc(C(=O)N2CCCN(C3CC3)CC2)ccc1Oc1ccccc1,Ki,229.0,6.64,379.5,3.51,1
CHEMBL257917,CSc1ccc([C@@H]2CN(C)Cc3cc(OCCCN4CCOCC4)ccc32)cc1,Ki,3.7,8.43,412.6,4.09,1
CHEMBL270396,CNCc1cc(C(=O)N2CCN(C3CC3)CC2)ccc1Oc1ccccc1,Ki,535.0,6.27,365.48,3.12,1
CHEMBL303266,CN1C2CCC1C(C(=O)NCCCNC(=O)C1C(c3ccc(Cl)cc3)CC3CCC1N3C)C(c1ccc(Cl)cc1)C2,IC50,441.0,6.36,597.63,5.45,1
CHEMBL245715,COc1cccc(OC(CCN(C)C)c2ccc(OCCCN3CCCCC3)cc2)c1,Ki,11.0,7.96,426.6,5.02,1
CHEMBL245308,CC(C)N1CCC(Oc2ccc(C(CCN(C)C)Oc3ccccc3)cc2)CC1,Ki,169.0,6.77,396.58,5.01,1
CHEMBL258060,CNCc1cc(NS(C)(=O)=O)ccc1Oc1ccc(Cl)cc1C,IC50,16.0,7.8,354.86,3.53,1
CHEMBL403090,CNCc1cc(N2CCCS2(=O)=O)ccc1Oc1ccc(Cl)cc1C,IC50,10.0,8.0,380.9,3.7,1
CHEMBL404317,CNCc1cc(C(=O)NC)ccc1Oc1ccc(Cl)cc1C,IC50,14.0,7.85,318.8,3.52,1
CHEMBL401819,CNCc1cc(C(N)=O)ccc1Oc1ccc(Cl)cc1C,IC50,7.0,8.15,304.78,3.26,1
CHEMBL404754,CNCc1cc(C(=O)NC)ccc1Oc1ccc(Cl)cc1Cl,IC50,13.0,7.89,339.22,3.86,1
CHEMBL258271,CNCc1cc(C(N)=O)ccc1Oc1ccc(Cl)cc1Cl,IC50,37.0,7.43,325.2,3.6,1
CHEMBL325669,CNCC[C@H](Oc1cccc2c(OC)c(O)ccc12)c1cccs1,Ki,3.66,8.44,343.45,4.35,1
CHEMBL477584,CC(C)C(=O)N(Cc1ccc(C(F)(F)F)cc1F)[C@H]1CCNC1,IC50,24.0,7.62,332.34,3.19,1
CHEMBL332097,CNCC[C@H](Oc1ccc(O)c2ccccc12)c1cccs1,Ki,63.9,7.19,313.42,4.34,1
CHEMBL1818454,Cc1cc(C)n(C[C@@]23CNCC[C@]2(c2ccc(Cl)c(Cl)c2)C3)n1,Ki,0.3981,9.4,350.29,4.13,1
CHEMBL2113279,COc1ccc(-c2cnc([C@H]3[C@@H](c4ccc(C)cc4)C[C@@H]4CC[C@H]3N4C)s2)cc1OC,Ki,7710.0,5.11,434.61,5.87,0
CHEMBL1813311,COc1ccc([C@]23CCCC[C@H]2CN(C)C3)cc1OC,IC50,34.67,7.46,275.39,3.08,1
CHEMBL1813314,CN1C[C@H]2CCCC[C@@]2(c2ccc(Cl)c(Cl)c2)C1,IC50,9.772,8.01,284.23,4.37,1
CHEMBL1813479,CN1C[C@@H]2CCC[C@]2(c2ccc(F)c(F)c2)C1,IC50,1096.48,5.96,237.29,2.95,0
CHEMBL1813485,CN1C[C@H]2CCC[C@@]2(c2ccc3ccccc3c2)C1,IC50,14.45,7.84,251.37,3.82,1
CHEMBL343211,CN(Cc1ccccc1)[C@@H]1C[C@@H](c2ccc(Cl)c(Cl)c2)c2ccccc21,Ki,3700.0,5.43,382.33,6.7,0
CHEMBL6062926,CC(Oc1ccc(Cl)cc1OC1CNC1)c1ccccc1,Ki,773.0,6.11,303.79,3.83,1
CHEMBL6046451,COc1cccc(CCOc2ccc(Cl)cc2OC2CNC2)c1,Ki,211.0,6.68,333.82,3.32,1
CHEMBL403071,CNCc1ccccc1Oc1ccc(Cl)cc1C,IC50,18.0,7.75,261.75,4.16,1
CHEMBL6030453,FC(F)(F)c1ccccc1COc1ccc(Cl)cc1OC1CNC1,Ki,29.0,7.54,357.76,4.29,1
CHEMBL257909,CNCc1cc(C(=O)N2CCCN(C3CC3)CC2)ccc1Oc1ccc(Cl)cc1,Ki,10.0,8.0,413.95,4.16,1
CHEMBL300183,COC(=O)[C@@H]1C2CCC(C[C@@H]1OC(c1ccc(F)cc1)c1ccc(F)cc1)N2CCCc1ccccc1,IC50,19.7,7.71,505.61,6.1,1
CHEMBL246519,Fc1ccc(CN(C2CCOCC2)[C@H]2CCNC2)c(F)c1F,IC50,15.0,7.82,314.35,2.45,1
CHEMBL392016,Cc1cccc(CN(Cc2ccccn2)[C@@H]2CCNC2)c1C,IC50,15.0,7.82,295.43,3.06,1
CHEMBL139106,CNCCC(Oc1cccc2ccccc12)c1ccccc1OC,Ki,2.3,8.64,321.42,4.58,1
CHEMBL1645613,Fc1cccc(Oc2ccccc2Cl)c1OC1CCNC1,Ki,2230.0,5.65,307.75,4.01,0
CHEMBL3663916,COc1c(C2CN(C)Cc3cc(-c4ccc(C)nn4)ccc32)ccc2sccc12,Ki,12.9,7.89,401.54,5.25,1
CHEMBL388545,COC(=O)[C@@H]1C2CCC(C2)C[C@@H]1c1ccc(Cl)c(Cl)c1,IC50,650.0,6.19,313.22,4.69,1
CHEMBL121027,CN(CCOC(c1ccccc1)c1ccccc1)CCN(C)CCc1ccc(F)cc1,IC50,1050.0,5.98,420.57,5.04,0
CHEMBL3126959,CN1CCN(C2CCC(COCc3cc(C(F)(F)F)cc(C(F)(F)F)c3)(c3ccccc3)CC2)CC1,IC50,520.0,6.28,514.55,6.37,1
CHEMBL1232461,CCNC(=O)C[C@@H]1N=C(c2ccc(Cl)cc2)c2cc(OC)ccc2-n2c(C)nnc21,IC50,63000.0,4.2,423.9,3.66,0
CHEMBL4278465,OC1(c2ccc(Cl)c(C(F)(F)F)c2)CCN(CCCCN(c2ccc(F)cc2)c2ccc(F)cc2)CC1,Ki,10000.0,5.0,538.99,7.54,0
CHEMBL47050,OC1(c2ccc(Cl)c(C(F)(F)F)c2)CCN(CCCC(c2ccc(F)cc2)c2ccc(F)cc2)CC1,Ki,1000.0,6.0,523.97,7.53,1
CHEMBL3656907,OCCOc1cc(CC2CCN(CCc3ccc4c(c3)C(O)CCO4)CC2)ccc1Br,Ki,72.0,7.14,490.44,4.13,1
CHEMBL3656920,COCCOc1cc(CC2CCN(CCc3ccc4occ(O)c(=O)c4c3)CC2)ccc1Br,Ki,0.88,9.06,516.43,4.78,1
CHEMBL1818459,N#Cc1ccn(C[C@@]23CNCC[C@]2(c2ccc(Cl)c(Cl)c2)C3)n1,Ki,1.0,9.0,347.25,3.38,1
CHEMBL1818441,Clc1ccc([C@]23CCNCC2(Cn2ncc4ccccc42)C3)cc1Cl,Ki,0.2512,9.6,372.3,4.66,1
CHEMBL3663915,COc1c(C2CN(C)Cc3ccccc32)ccc2sccc12,Ki,4.3,8.37,309.43,4.49,1
CHEMBL3763934,O=C(Nc1ccc(C[C@@H]2CC[C@H]([C@H](O)c3ccccc3)N2)cc1)[C@@H]1CCc2cccc(=O)n21,IC50,7100.0,5.15,443.55,3.37,0
CHEMBL3775012,Brc1ccc(N2CCN(CCCN3CCC(Cc4ccccc4)CC3)CC2)cc1,IC50,2250.0,5.65,456.47,4.92,0
CHEMBL3774516,FC(F)(F)c1ccc(N2CCN(CCCN3CCC(Cc4ccccc4)CC3)CC2)cc1,IC50,2610.0,5.58,445.57,5.17,0
CHEMBL3817915,Cl.O=C1CCCCN1C[C@@H]1CNCCO[C@H]1c1ccc(Cl)c(F)c1,IC50,27.0,7.57,377.29,2.77,1
CHEMBL3818901,COC(=O)c1cccn(C[C@@H]2CNCCO[C@H]2c2ccc(Cl)c(F)c2)c1=O.Cl,IC50,54.0,7.27,431.29,2.4,1
CHEMBL2407327,CCCC(=O)C(c1ccc(Cl)c(Cl)c1)C1CCNCC1.Cl,IC50,37.0,7.43,350.72,4.45,1
CHEMBL226933,COc1ccc(-c2cnc([C@H]3[C@@H](c4ccc(C)cc4)C[C@@H]4CC[C@H]3N4C)s2)cc1,Ki,3670.0,5.43,404.58,5.86,0
CHEMBL388612,CN1[C@H]2CC[C@@H]1[C@@H](c1ncc(-c3ccc(Cl)c(Cl)c3)s1)[C@@H](c1ccc(Cl)cc1)C2,Ki,2710.0,5.57,463.86,7.5,0
CHEMBL256817,CN(C)Cc1ccccc1Oc1ccc(F)cc1Cl,IC50,32.0,7.5,279.74,4.33,1
CHEMBL256819,CN(C)Cc1ccccc1Oc1ccc(Cl)cc1F,IC50,6.0,8.22,279.74,4.33,1
CHEMBL403377,CNCc1cc(C(=O)N2CCCN(C3CC3)CC2)ccc1Oc1ccc(C(F)(F)F)cc1,Ki,17.0,7.77,447.5,4.53,1
CHEMBL322915,Fc1ccc2c(C3CCN(CCOc4cccc5c4OCCO5)CC3)c[nH]c2c1,Ki,127.8,6.89,396.46,4.34,1
CHEMBL4063974,Fc1ccc(-c2nnnn2CCCN2CCC(Cc3ccccc3)CC2)cc1,IC50,2000.0,5.7,379.48,3.82,0
CHEMBL408016,CCN(CC1CC1)C(=O)[C@@]1(c2ccc3c(c2)OCCO3)C[C@H]1CN,IC50,540.0,6.27,330.43,1.93,1
CHEMBL526825,CCc1cccc(F)c1O[C@H]1c2ccccc2CO[C@H]1CNC,IC50,1400.0,5.85,315.39,3.63,0
CHEMBL526670,CNC[C@@H]1OCc2ccccc2[C@@H]1Oc1ccccc1F,IC50,3100.0,5.51,287.33,3.06,0
CHEMBL2430680,O=C1NCC(c2ccc(Cl)c(Cl)c2)C1c1ccc(Cl)cc1,IC50,85.6,7.07,340.64,4.64,1
CHEMBL3323089,CN1Cc2ccccc2C(c2ccc3occc3c2)C1,Ki,19.2,7.72,263.34,4.01,1
CHEMBL5207655,CCOc1ccc2[nH]c3c(c2c1)CCN1C[C@@H]2C[C@H](CC)[C@H]1[C@H]3C2,IC50,9000.0,5.05,324.47,4.33,0
CHEMBL4065568,Cc1cccc(S(=O)(=O)NCCN2CC=C(c3c[nH]c4ccc(Cl)cc34)CC2)c1,Ki,5.0,8.3,429.97,4.2,1
CHEMBL4066532,O=S(=O)(NCCN1CC=C(c2c[nH]c3ccc(Cl)cc23)CC1)c1cccc(Cl)c1,Ki,3.3,8.48,450.39,4.54,1
CHEMBL4080399,O=S(=O)(NCCCN1CC=C(c2c[nH]c3ccc(Cl)cc23)CC1)c1cccc(O)c1,Ki,3.5,8.46,445.97,3.98,1
CHEMBL330666,C#Cc1ccc(C2CN3CCCC3c3ccccc32)cc1,Ki,0.9,9.05,273.38,3.95,1
CHEMBL4224898,CN(C)CC(c1ccc(OC(=O)c2ccccc2)cc1)C1(O)CCCCC1,IC50,105.0,6.98,367.49,4.25,1
CHEMBL3586683,CN(C)CCC[C@@]1(c2ccc(F)cc2)OCc2cc(CNC(=O)c3ccc(N=[N+]=[N-])c(I)c3)ccc21,Ki,24.0,7.62,599.45,6.42,1
CHEMBL3735756,COc1ccc(CCN(CCCc2ccccc2)CCc2ccc3c(c2)OCO3)cc1OC,Ki,1001.0,6.0,447.58,5.15,1
CHEMBL256667,NCC1CC1(C(=O)C1NCCc2ccccc21)c1ccccc1,IC50,8.3,8.08,306.41,2.36,1
CHEMBL415098,NCC1CC1(C(=O)N1CCCc2ccccc21)c1ccccc1,IC50,100.0,7.0,306.41,2.88,1
CHEMBL381315,CN[C@H]1CC[C@@H](c2ccc(Cl)c(Cl)c2)c2cc(C(=O)O)c(NS(C)(=O)=O)cc21,IC50,65.0,7.19,443.35,4.25,1
CHEMBL381754,CN[C@H]1CC[C@@H](c2ccc(Cl)c(Cl)c2)c2ccc(S(=O)(=O)NCCO)cc21,IC50,5.0,8.3,429.37,3.45,1
CHEMBL203741,CN[C@H]1CC[C@@H](c2ccc(Cl)c(Cl)c2)c2ccc(C#N)cc21,IC50,3.0,8.52,331.25,5.05,1
CHEMBL438889,CNCc1cc(N2CCCS2(=O)=O)ccc1Oc1ccc(Cl)cc1Cl,IC50,12.0,7.92,401.32,4.05,1
CHEMBL383071,C[C@@H](CCN1CCC(CCOC(c2ccc(F)cc2)c2ccc(F)cc2)CC1)c1ccccc1.O=C(O)C(=O)O,Ki,75.0,7.12,553.65,7.37,1
CHEMBL270607,CNCc1cc(C(=O)N2CCN(C3CC3)CC2)ccc1Oc1cccc(Cl)c1,Ki,155.0,6.81,399.92,3.77,1
CHEMBL270165,CNCc1cc(C(=O)N2CCN(C3CC3)CC2)ccc1Oc1ccc(SC)cc1,Ki,5.0,8.3,411.57,3.84,1
CHEMBL460295,Cc1ccccc1OC1c2ccccc2CC1(O)CNCCO,IC50,3500.0,5.46,313.4,1.98,0
CHEMBL454675,CNC[C@]1(O)Cc2ccccc2[C@@H]1Oc1ccccc1OC,IC50,2200.0,5.66,299.37,2.32,0
CHEMBL507379,CNC[C@]1(O)Cc2ccccc2[C@@H]1Oc1ccccc1CO,IC50,1800.0,5.75,299.37,1.81,0
CHEMBL3673137,O=c1[nH]c2ccc(-c3ccc4c(c3)CN3CCC4(c4ccc(Cl)c(Cl)c4)C3)cc2o1,IC50,3.5,8.46,437.33,5.6,1
CHEMBL3673158,Clc1ccc(C23CCN(CC2)Cc2cc(OCCCc4cccnc4)ccc23)cc1,IC50,1.2,8.92,418.97,5.64,1
CHEMBL3673168,FC(F)Oc1ccc2c(c1)CN1CCC2(c2ccc(Cl)c(Cl)c2)CC1,IC50,3.0,8.52,384.25,5.49,1
CHEMBL3673174,Fc1ccc(C23CCN(CC2)Cc2cc(-c4ccc(C(F)(F)F)nn4)ccc23)cc1Cl,IC50,2.1,8.68,447.86,5.85,1
CHEMBL4244291,O=C(NCCCN1CCN(c2ccc(Cl)c(Cl)c2)CC1)c1ccc2ccccc2n1,IC50,273.0,6.56,443.38,4.48,1
CHEMBL4243340,O=C(NCCCN1CCN(c2ccc(Cl)cc2)CC1)c1ccc2ccccc2c1,IC50,280.0,6.55,407.95,4.44,1
CHEMBL504971,CNC[C@@H](O)[C@H](c1ccccc1)N(C)c1ccccc1,IC50,76.0,7.12,270.38,2.44,1
CHEMBL337791,CNCCC(Oc1cccc2ccccc12)c1cccc(OC)c1,Ki,2.2,8.66,321.42,4.58,1
CHEMBL4226053,COCCOc1cc(CC2CCN(CCc3ccc4c(c3)C(=O)CCC4)CC2)ccc1Br,Ki,0.67,9.17,500.48,5.49,1
CHEMBL3903154,CCCOCCCN[C@H](CC(C)C)C1(c2ccc(Cl)c(Cl)c2)CCC1,Ki,3.8,8.42,386.41,6.24,1
CHEMBL4249668,O=C(NCCCN1CCN(c2ccccn2)CC1)c1ccc2ccccc2c1,IC50,9640.0,5.02,374.49,3.18,0
CHEMBL3703725,CNc1ccc(-c2ccc3c(c2)CNCC3c2ccc(F)cc2)nn1,IC50,53.8,7.27,334.4,3.56,1
CHEMBL3703748,CC1(C)NCC(c2ccc(Cl)c(Cl)c2)c2ccc(-c3ccc4ncnn4c3)cc21,IC50,4.2,8.38,423.35,5.67,1
CHEMBL501919,CS(=O)(=O)N(Cc1ccccc1C(F)(F)F)[C@H]1CCNC1,Ki,2890.0,5.54,322.35,1.83,0
CHEMBL478835,CC(C)S(=O)(=O)N(Cc1ccccc1-c1ccccc1)[C@H]1CCNC1,Ki,4690.0,5.33,358.51,3.26,0
CHEMBL1170396,c1cc2[nH]ncc2cc1N1CCNCC1CC1CCOCC1,Ki,3.981,8.4,300.41,2.16,1
CHEMBL1171425,COCC1CNCCN1c1ccc2[nH]ncc2c1,Ki,158.49,6.8,246.31,0.99,1
CHEMBL1169733,c1ccc(C2CNCCN2c2ccc3[nH]ncc3c2)cc1,Ki,19.95,7.7,278.36,2.71,1
CHEMBL1171975,c1ccc(CC2CNCCN2c2ccc3[nH]ncc3c2)cc1,Ki,1.259,8.9,292.39,2.58,1
CHEMBL1170210,Clc1cc(N2CCNCC2Cc2ccccc2)cc2cc[nH]c12,Ki,3.162,8.5,325.84,3.84,1
CHEMBL1083705,c1ccc(C(Cc2ccccc2OC2CC2)N2CCNCC2)cc1,Ki,19.0,7.72,322.45,3.42,1
CHEMBL377189,Clc1ccccc1CC(c1cncs1)N1CCNCC1,IC50,12.0,7.92,307.85,2.99,1
CHEMBL512551,CCOC(=O)c1cc2cc(C3(Cc4ccccc4)CCNC3)ccc2[nH]1,Ki,4.0,8.4,348.45,3.82,1
CHEMBL486537,c1ccc(CC2(c3ccc4sccc4c3)CCNC2)cc1,Ki,7.0,8.15,293.43,4.38,1
CHEMBL2219883,Clc1ccc(C(Oc2ccccc2)C2CNC2)cc1,IC50,9.2,8.04,273.76,3.68,1
CHEMBL2219884,Clc1ccc(C(Oc2ccccc2)C2CNC2)cc1Cl,IC50,4.3,8.37,308.21,4.33,1
CHEMBL4126644,N#Cc1ccc2[nH]cc(CCCCN3CCN(c4cccc5nc6c(c(N)c45)CCCC6)CC3)c2c1,IC50,20.42,7.69,478.64,5.19,1
CHEMBL313023,Cc1cc2c(OC[C@H](O)CN3CC[C@@H](c4cccc5sccc45)C[C@@H]3C)cccc2[nH]1,Ki,4.35,8.36,434.61,5.7,1
CHEMBL184571,COc1cc2nc(O)c3c(c2cc1OC)CCC[C@@H]3N1CCC(Cc2cc(F)ccc2F)CC1,IC50,5.5,8.26,468.54,5.57,1
CHEMBL469151,CNC[C@@H](O)[C@H](c1ccccc1)N(C)c1cccc(C)c1,IC50,32.0,7.5,284.4,2.75,1
CHEMBL466501,CNC[C@@H](O)[C@H](c1ccccc1)N(C)c1ccc(Cl)cc1,IC50,22.0,7.66,304.82,3.1,1
CHEMBL467513,CNC[C@@H](O)[C@H](c1ccccc1)N(C)c1ccc(OC)cc1,IC50,3.0,8.52,300.4,2.45,1
CHEMBL504892,CN(c1ccccc1)[C@@H](c1ccccc1)[C@H](O)CN,IC50,196.0,6.71,256.35,2.18,1
CHEMBL1442422,CN(C)CCN1C(=O)c2ccccc2N(C)c2ccccc21,Ki,10900.0,4.96,295.39,2.98,0
CHEMBL250689,CC(=O)c1cccc(NC(=O)N[C@@H]2CCCC[C@H]2CN2CCC[C@@H](Cc3ccc(F)cc3)C2)c1,Ki,2900.0,5.54,465.61,5.66,0
CHEMBL409546,COc1cc(C#N)ccc1O[C@@H](c1ccccc1)[C@@H]1CNCCO1,Ki,110.0,6.96,324.38,2.68,1
CHEMBL407732,Fc1ccc(O[C@@H](c2ccccc2)[C@@H]2CNCCO2)c(Cl)c1,Ki,260.0,6.58,321.78,3.59,1
CHEMBL259765,COc1cc(F)ccc1O[C@H](c1ccccc1)[C@H]1CNCCO1,Ki,22.0,7.66,317.36,2.94,1
CHEMBL427904,C=CCN(CC)C(=O)[C@@]1(c2ccc3c(c2)OCCO3)C[C@H]1CN,IC50,65.0,7.19,316.4,1.71,1
CHEMBL259694,C=CCN(CC=C)C(=O)[C@@]1(c2ccc3c(c2)OCO3)C[C@H]1CN,IC50,58.0,7.24,314.39,1.83,1
CHEMBL405728,CCN(CC)C(=O)[C@@]1(c2ccc3c(c2)CCC3)C[C@H]1CN,IC50,480.0,6.32,286.42,2.26,1
CHEMBL4643926,Cc1cccc(N2CCN(CCCC(=O)NCn3nc(CC(N)=O)c4cccc(F)c4c3=O)CC2)c1C,IC50,429.0,6.37,508.6,1.86,1
CHEMBL425961,c1ccc(C(Cc2ccc3ccccc3c2)N2CCNCC2)cc1,IC50,17.0,7.77,316.45,4.03,1
CHEMBL211527,Clc1ccc(CC(c2ccccc2)N2CCNCC2)c(Cl)c1,IC50,11.0,7.96,335.28,4.18,1
CHEMBL211215,CCN(CCCc1c[nH]c2ccc(F)cc12)[C@@H]1COc2c(F)ccc(C(N)=O)c2C1,IC50,37.3,7.43,413.47,3.8,1
CHEMBL211480,COc1cccc2c1CC(N(CCCc1c[nH]c3ccc(F)cc13)CC1CC1)CO2,IC50,42.6,7.37,408.52,4.96,1
CHEMBL199116,CCCC1(CCCNC)Cc2ccccc2N(c2ccc(C)cc2)C1=O,Ki,160.0,6.8,350.51,5.0,1
CHEMBL199093,CCC1(CCCNC)Cc2cc(Cl)ccc2N(c2ccc(C)cc2)C1=O,Ki,128.0,6.89,370.92,5.27,1
CHEMBL1173275,C[C@@H]1NC(C)(C)CO[C@@]1(O)c1cccc(F)c1,IC50,4600.0,5.34,239.29,1.76,0
CHEMBL6026713,CNCc1cc(OCc2ccccc2C#N)n(CC2CCCC2)n1,Ki,7.8,8.11,324.43,3.24,1
CHEMBL5960588,CNCc1cc(OCc2cc(F)ccc2F)n(Cc2ccc(F)cc2)n1,Ki,1.6,8.8,361.37,3.65,1
CHEMBL105390,Fc1ccc2[nH]cc(C3=CCN(CCOc4cccc5c4OCCO5)CC3)c2c1,Ki,46.9,7.33,394.45,4.25,1
CHEMBL3334798,CN(C)CCC(c1ccc(Cl)c(Cl)c1)N1CCCCC1,IC50,546.1,6.26,315.29,4.47,1
CHEMBL2219828,CCOC(c1ccc(Cl)cc1)C1CNC1,IC50,120.0,6.92,225.72,2.64,1
CHEMBL2219900,CCOC(c1ccc(Cl)c(Cl)c1)C1CNC1,IC50,97.5,7.01,260.16,3.29,1
CHEMBL3944260,O=C(OC(c1ccccc1)C1CNC1)c1ccccc1,IC50,402.0,6.4,267.33,2.8,1
CHEMBL3963829,Cc1ccc(OC(c2ccc(Cl)c(Cl)c2)C2CNC2)cc1,IC50,5.67,8.25,322.24,4.64,1
CHEMBL5929575,Clc1ccc(COc2ccc(Br)cc2OC2CNC2)cc1,Ki,52.0,7.28,368.66,4.03,1
CHEMBL1765599,CCN1[C@@H](C)[C@](O)(c2cccc(Cl)c2)OCC1(C)C,IC50,1500.0,5.82,283.8,3.0,0
CHEMBL3334801,COc1ccc2cc(C(CCN(C)C)N3CCCC3)ccc2c1Cl,IC50,337.6,6.47,346.9,4.59,1
CHEMBL5742228,Clc1ccc(OCC2CCCCC2)c(OC2CNC2)c1,Ki,2177.0,5.66,295.81,3.65,0
CHEMBL5836146,CC(Oc1ccc(Cl)cc1OC1CN(C)C1)c1cccc(C(F)(F)F)c1,Ki,2900.0,5.54,385.81,5.19,0
CHEMBL101361,COc1cc2c(cc1OC)C1=NO[C@@H](CN3CCN(C/C=C(\C)c4ccccc4OC)CC3)[C@@H]1CO2,Ki,51.0,7.29,493.6,3.55,1
CHEMBL98541,COc1cc2c(cc1OC)C1=NO[C@@H](CN3CCN(C/C=C(\C)c4ccc(F)cc4)CC3)[C@@H]1CO2,Ki,1.3,8.89,481.57,3.68,1
CHEMBL252720,COc1ccc([C@@H](CN(C)C)C2(O)CCCCC2)cc1,IC50,7.0,8.15,277.41,3.04,1
CHEMBL472389,CNCc1cc(F)ccc1Oc1ccccc1,IC50,381.0,6.42,231.27,3.34,1
CHEMBL451178,CN(C)Cc1cc(CC(N)=O)ccc1Oc1ccc(Cl)c(Cl)c1,IC50,2.43,8.61,353.25,3.88,1
CHEMBL487221,CNC(C)c1ccccc1Oc1ccc(Cl)c(Cl)c1,IC50,23.0,7.64,296.2,5.07,1
CHEMBL487222,CNC(C)c1ccccc1Oc1ccc(Cl)cc1,IC50,56.8,7.25,261.75,4.41,1
CHEMBL454656,CNCc1cc(F)ccc1Oc1ccc(-c2ccccc2)cc1,IC50,28.9,7.54,307.37,5.0,1
CHEMBL527094,CNC(C)c1ccc(OC)cc1Oc1ccc(Cl)c(Cl)c1,IC50,41.2,7.38,326.22,5.07,1
CHEMBL507075,CNCc1ccc(C(F)(F)F)cc1Oc1ccc(Cl)cc1,IC50,31.1,7.51,315.72,4.87,1
CHEMBL449542,CCc1cc(Oc2cc(Cl)ccc2CNC)ccc1Cl,IC50,20.7,7.68,310.22,5.07,1
CHEMBL451330,CNCc1ccc(Cl)cc1Oc1ccc(C)c(Cl)c1,IC50,4.19,8.38,296.2,4.81,1
CHEMBL449048,CNCc1ccc(Cl)cc1Oc1cccc(Cl)c1,IC50,77.5,7.11,282.17,4.51,1
CHEMBL475527,CNCC[C@H](c1ccccc1)n1c(=O)sc2ccccc21,IC50,1910.0,5.72,298.41,3.26,0
CHEMBL460204,COc1ccc(F)cc1CCCCC1CCC(CCN)O1,Ki,2.0,8.7,295.4,3.44,1
CHEMBL2037528,O=C(CCCCN1CCN(c2ccc(Cl)cc2)CC1)c1nc2ccccc2s1,Ki,81.0,7.09,413.97,5.12,1
CHEMBL380383,C=C1CN2C3CCC2C1C(c1ccc(I)cc1)C3,Ki,0.09,10.05,351.23,3.8,1
CHEMBL212452,C=C1CN2C3CCC2C1C(c1ccc(Br)cc1)C3,Ki,0.28,9.55,304.23,3.96,1
CHEMBL4099773,c1ccc(CCN2CCN(CCCn3nnnc3C(c3ccccc3)c3ccccc3)CC2)cc1,IC50,1121.0,5.95,466.63,4.1,0
CHEMBL498142,CNC[C@H]1COc2ccccc2[C@H]1Oc1ccccc1C,IC50,2800.0,5.55,283.37,3.34,0
CHEMBL55097,COC(=O)C1C(c2ccc(F)cc2)CC2CCC1N2CCCCCc1ccccc1,IC50,49.9,7.3,409.55,5.35,1
CHEMBL2298806,c1ccc2c(N3CCN(CCc4ccc5[nH]cnc5c4)CC3)cccc2c1,IC50,1760.0,5.75,356.47,4.08,0
CHEMBL498120,CNC[C@H]1OCc2ccccc2[C@H]1Oc1cccc(C)c1C,IC50,390.0,6.41,297.4,3.54,1
CHEMBL409715,NC[C@@H]1C[C@@]1(C(=O)N1CCc2ccccc21)c1ccc2c(c1)OCO2,IC50,28.0,7.55,336.39,2.22,1
CHEMBL406789,C=CCN(CC)C(=O)[C@@]1(c2ccc3c(c2)OCO3)C[C@H]1CN,IC50,150.0,6.82,302.37,1.67,1
CHEMBL255303,CCN(CC)C(=O)[C@@]1(c2ccc3sccc3c2)C[C@H]1CN,IC50,1100.0,5.96,302.44,2.99,0
CHEMBL257550,NCC1C(c2ccccc2)C1(C(=O)N1CCc2ccccc21)c1ccccc1,IC50,560.0,6.25,368.48,3.89,1
CHEMBL257549,C=CCN(CC)C(=O)C1(c2ccccc2)C(CN)C1c1ccccc1,IC50,3400.0,5.47,334.46,3.33,0
CHEMBL506789,CN(Cc1ccc2ccccc2c1)[C@H]1CCNC1,IC50,13.0,7.89,240.35,2.63,1
CHEMBL465515,Fc1ccc2cc(CCN3CCNCC3)ccc2c1,IC50,11.0,7.96,258.34,2.43,1
CHEMBL2206509,Cc1ccc2c(c1)CN(C)C[C@H]2c1ccc(F)cc1,Ki,231.0,6.64,255.34,3.71,1
CHEMBL2206530,CN1Cc2cc(F)ccc2C(c2ccccc2)C1,Ki,1470.0,5.83,241.31,3.4,0
CHEMBL2206524,CN1Cc2ccccc2C(c2ccc(F)c(F)c2)C1,Ki,266.0,6.58,259.3,3.54,1
CHEMBL420142,CNCC[C@H](Oc1cccc2c(OS(=O)(=O)[O-])c(OC)ccc12)c1cccs1.[Na+],Ki,3118.0,5.51,445.49,3.82,0
CHEMBL50858,COC(=O)C1C2CC[C@H](C[C@@H]1c1ccc(Cl)c(C)c1)N2C,IC50,1.0,9.0,307.82,3.39,1
CHEMBL314163,Cc1cc2c(OC[C@H](O)CN3CC[C@@H](c4ccc5sccc5c4)C[C@@H]3C)cccc2[nH]1,Ki,0.3,9.52,434.61,5.7,1
CHEMBL5952830,O=C(NCC1(O)CCN(c2nc(Oc3cccc(F)c3)cc(C(F)(F)F)n2)C1)C1CNC1,IC50,33113.0,4.48,455.41,1.7,0
CHEMBL329454,COC(=O)C1C2CCC(CC1c1ccc(F)cc1)O2,IC50,2580.0,5.59,264.3,2.65,0
CHEMBL5963150,c1ccc(Oc2ccccc2N2CCC3(CC2)CNCCO3)cc1,IC50,9550.0,5.02,324.42,3.44,0
CHEMBL6015772,CN1COC2CCCCC2(c2ccc(Cl)c(Cl)c2)C1,IC50,661.0,6.18,300.23,4.09,1
CHEMBL5783808,CC1CCCCC1(CN)c1ccc(Cl)c(Cl)c1,IC50,246.0,6.61,272.22,4.4,1
CHEMBL5838155,CCCC1(O)CCC(CN)(c2ccc(Cl)c(Cl)c2)CC1,IC50,7896.0,5.1,316.27,4.3,0
CHEMBL6037609,CN(C)CC1(c2ccc(OC(F)(F)F)cc2)CCCCC1O,IC50,247.0,6.61,317.35,3.32,1
CHEMBL5953371,CNCC1(c2ccc(Cl)c(Cl)c2)CCCC1CO,IC50,1550.0,5.81,288.22,3.24,0
CHEMBL5946393,CNCC1(c2ccc(C(F)(F)F)cc2)CCCCC1O,IC50,7172.0,5.14,287.32,3.1,0
CHEMBL3334800,CN(C)CCC(c1ccc(Cl)c(Cl)c1)N1CCCC1,IC50,501.4,6.3,301.26,4.08,1
CHEMBL25428,Clc1ccc2[nH]cc(CCC3CCNCC3)c2c1,IC50,220.0,6.66,262.78,3.75,1
CHEMBL5994278,CNC[C@H](c1ccc2ccccc2c1)[C@@H](Cl)c1ccccc1,Ki,0.9,9.05,309.84,5.12,1
CHEMBL5884650,CNCC(c1ccc(F)c(Cl)c1)[C@H](O)c1ccccc1,Ki,16.0,7.8,293.77,3.52,1
CHEMBL5758565,CN(C)CC1(c2ccc3ccccc3c2)CCC(O)CC1,IC50,11.0,7.96,283.42,3.57,1
CHEMBL2029052,CNCC[C@H](Oc1cccc2cc(O[C@@H]3O[C@H](C(=O)O)[C@@H](O)[C@H](O)[C@H]3O)ccc12)c1cccs1,Ki,1459.0,5.84,489.55,1.9,0
CHEMBL6005366,CNC[C@H](c1ccc2ccccc2c1)[C@H](O)c1cccs1,Ki,2.2,8.66,297.42,3.94,1
CHEMBL6024057,CNC[C@@H](c1ccc2ccccc2c1)[C@@H](O)c1cccnc1,Ki,5.6,8.25,292.38,3.27,1
CHEMBL1271984,CSc1nc(C)cc(C(=O)NCCN2CCN(c3cccc(Cl)c3Cl)CC2)n1.Cl,IC50,881.0,6.05,476.86,3.37,1
CHEMBL487223,CNCc1ccc(F)cc1Oc1ccc(Cl)c(Cl)c1,IC50,36.0,7.44,300.16,4.64,1
CHEMBL529660,CNCc1cc(OC)ccc1Oc1ccc(Cl)c(Cl)c1,IC50,3.77,8.42,312.2,4.51,1
CHEMBL455424,CNCc1cc(S(=O)(=O)NC)ccc1Oc1ccc(Cl)c(Cl)c1,IC50,9.35,8.03,375.28,3.41,1
CHEMBL453631,CNC(C)c1cc(C)ccc1Oc1ccc(Cl)c(Cl)c1,IC50,39.6,7.4,310.22,5.37,1
CHEMBL2206536,Cc1ccc2c(c1)CN(C)CC2c1ccc(F)c(F)c1,Ki,594.0,6.23,273.33,3.85,1
CHEMBL2206533,COc1ccc2c(c1)CN(C)CC2c1ccc(C)c(F)c1,Ki,111.0,6.96,285.36,3.72,1
CHEMBL2206517,CCc1ccc2c(c1)CN(C)CC2c1ccccc1,Ki,767.0,6.12,251.37,3.83,1
CHEMBL2206515,CN1Cc2ccccc2C(c2ccccc2)C1,Ki,1510.0,5.82,223.32,3.26,0
CHEMBL137718,Fc1ccc(C(OCCC2CCN(C/C=C/c3ccccc3)CC2)c2ccc(F)cc2)cc1,Ki,47.0,7.33,447.57,6.89,1
CHEMBL141741,CNCCC(Oc1cccc2ccccc12)c1ccccc1C,Ki,2.0,8.7,305.42,4.88,1
CHEMBL7318,COc1ccc2[nH]c(-c3ccccc3)c(CCN(C)C)c2c1,Ki,4700.0,5.33,294.4,3.95,0
CHEMBL6055272,CNC[C@H](c1ccc(Cl)c(Cl)c1)[C@@H](O)c1ccccc1S(C)(=O)=O,Ki,2010.0,5.7,388.32,3.43,0
CHEMBL4865591,O=C1CCc2cc(OCCCN3CCN(c4ccccn4)CC3)ccc2N1,Ki,2630.27,5.58,366.47,2.56,0
CHEMBL5941497,COc1cccc2c1CC(Oc1ccc(Cl)cc1OC1CNC1)C2,Ki,131.0,6.88,345.83,3.25,1
CHEMBL5769554,CNCC(Cc1ccccc1OC)c1ccc2ccccc2c1,Ki,12.4,7.91,305.42,4.39,1
CHEMBL173427,COC(=O)[C@@H]1C2CCC(C[C@@H]1c1ccc(/C=C/I)cc1)N2,Ki,1.15,8.94,397.26,3.49,1
CHEMBL101411,COc1cc2c(cc1OC)C1=NO[C@@H](CN3CCN(C/C=C/c4ccc(Cl)cc4)CC3)[C@@H]1CO2,Ki,1.3,8.89,484.0,3.8,1
CHEMBL3663918,CN1Cc2cc(-c3cccnn3)ccc2C(c2cc3ccccc3o2)C1,Ki,4.1,8.39,341.41,4.47,1
CHEMBL4646755,CCOC(=O)Cc1nn(CNC(=O)CCN2CCN(c3ccccc3F)CC2)c(=O)c2ccccc12,IC50,873.0,6.06,495.56,1.93,1
CHEMBL4643622,CCOC(=O)Cc1nn(CNC(=O)CCN2CCN(c3cccc(C)c3C)CC2)c(=O)c2c(F)cccc12,IC50,529.0,6.28,523.61,2.54,1
CHEMBL256371,CNC[C@H]1CCCC[C@]1(OC)c1cccc(OC)c1,IC50,3172.0,5.5,263.38,2.95,0
CHEMBL1818447,Cc1noc([C@@]23CNCC[C@]2(c2ccc(Cl)c(Cl)c2)C3)n1,Ki,7.943,8.1,324.21,3.26,1
CHEMBL487763,CNCCC(c1ccccc1)c1c[nH]c2ccccc12,Ki,9.0,8.05,264.37,3.91,1
CHEMBL318738,C1=C(c2c[nH]c3ncccc23)CCN(CCOc2cccc3c2OCCO3)C1,Ki,276.0,6.56,377.44,3.5,1
CHEMBL342055,c1ccc(CC(c2ccccc2)c2ccncc2)cc1,Ki,910.0,6.04,259.35,4.46,1
CHEMBL3323178,CN1Cc2cc(CN)ccc2C(c2ccc3sccc3c2)C1,IC50,28.0,7.55,308.45,3.94,1
CHEMBL3321788,OC1(c2ccc(Cl)cc2)CC2CCC(C1)N2CCCCc1ccc(F)cc1,Ki,414.0,6.38,387.93,5.32,1
CHEMBL438627,[2H]C([2H])([2H])N(C[C@H]1CCCC[C@]1(O)c1cccc(OC)c1)C([2H])([2H])[2H],IC50,3100.0,5.51,269.42,2.63,0
CHEMBL201531,[2H]C([2H])([2H])Oc1cccc([C@@]2(O)CCCC[C@@H]2CN(C)C)c1,IC50,1900.0,5.72,266.4,2.63,0
CHEMBL497845,CNC[C@@H]1OCc2ccccc2[C@@H]1Oc1cc(F)ccc1C,IC50,4000.0,5.4,301.36,3.37,0
CHEMBL6009595,CNCC1(c2ccc3ccccc3c2)CC=CCC1,IC50,360.0,6.44,251.37,4.04,1
CHEMBL551471,CCOc1ccccc1C(=O)N(CC1CCC1)[C@H]1CCNC1,Ki,348.0,6.46,302.42,2.69,1
CHEMBL562533,O=C(c1ccccc1C(F)(F)F)N(c1ccccc1)[C@H]1CCNC1,Ki,113.0,6.95,334.34,3.71,1
CHEMBL564934,O=C(c1ccccc1C(F)(F)F)N(CC1CCCC1)[C@H]1CCNC1,Ki,109.0,6.96,340.39,3.7,1
CHEMBL550402,CC(C)c1ccccc1C(=O)N(CC1CCCC1)[C@H]1CCNC1,Ki,330.0,6.48,314.47,3.8,1
CHEMBL563117,CCN(C(=O)c1ccccc1Oc1ccccc1)[C@H]1CCNC1,Ki,1610.0,5.79,310.4,3.3,0
CHEMBL561878,O=C(c1ccccc1Oc1ccccc1)N(C1CCC1)[C@H]1CCNC1,Ki,222.0,6.65,336.44,3.84,1
CHEMBL562802,CSc1ccccc1C(=O)N(CC1CCC1)[C@@H]1CCNC1,Ki,1080.0,5.97,304.46,3.01,0
CHEMBL467432,Cc1ccccc1O[C@@H](c1ccccc1)[C@@H]1CNCCO1,Ki,93.0,7.03,283.37,3.1,1
CHEMBL494814,CN1[C@H]2CC[C@@H]1[C@@H](C#Cc1ccccc1)[C@@H](c1ccc(Cl)cc1)C2.Cl,Ki,81.0,7.09,372.34,4.96,1
CHEMBL3612828,O=C(NCCCN1CCC(Cc2ccccc2)CC1)c1cc2ccccc2s1,IC50,449.0,6.35,392.57,4.98,1
CHEMBL521506,Cc1ccc2c(N3CCN(CCc4ccc5c(c4)NC(=O)CO5)CC3)cc(Cl)cc2n1,Ki,0.7943,9.1,436.94,3.89,1
CHEMBL496520,Cc1ccc2c(N3CCN(CCc4ccc5c(c4F)NC(=O)CO5)CC3)cccc2n1,Ki,5.012,8.3,420.49,3.38,1
CHEMBL496317,Cc1ccc2c(N3CCN(CCc4cc5c(cc4F)OCC(=O)N5)CC3)cccc2n1,Ki,0.7943,9.1,420.49,3.38,1
CHEMBL258451,C#CCN(CC(=C)F)C(=O)[C@@]1(c2ccc3c(c2)OCCO3)C[C@H]1CN,IC50,54.0,7.27,344.39,1.62,1
CHEMBL493130,Cl.NC[C@H]1C[C@@H]1c1ccc(F)cc1,Ki,2710.0,5.57,201.67,1.89,0
CHEMBL469995,Cc1ccc2c(N3CCN(CCc4cccc5c4OCC(=O)N5CC4CC4)CC3)cccc2n1,Ki,199.53,6.7,456.59,4.04,1
CHEMBL469374,Cc1ccc2c(N3CCN(CCc4cccc5c4OCC(=O)N5C)CC3)cc(F)cc2n1,Ki,7.943,8.1,434.52,3.4,1
CHEMBL3673130,FC(F)(F)c1nnc2ccc(-c3ccc4c(c3)CN3CCC4(c4ccc(Cl)cc4)C3)cn12,IC50,11.3,7.95,454.88,5.57,1
CHEMBL3673134,[C-]#[N+]c1ccc(-c2ccc3c(c2)CN2CCC3(c3ccc(Cl)cc3)C2)cc1,IC50,16.6,7.78,370.88,6.06,1
CHEMBL3673160,O=c1[nH]c2ccc(-c3ccc4c(c3)CN3CCC4(c4ccc(Cl)c(Cl)c4)CC3)cc2o1,IC50,9.3,8.03,451.35,5.99,1
CHEMBL6036828,FC(F)(F)c1cccc(COc2ccc(Cl)cc2OC2CNC2)c1,Ki,4.0,8.4,357.76,4.29,1
CHEMBL5861685,FC(F)(F)c1ccc(COc2ccc(Cl)cc2OC2CNC2)cc1,Ki,86.0,7.07,357.76,4.29,1
CHEMBL264159,COc1cc(Cl)ccc1O[C@@H](c1cccc(F)c1)[C@@H]1CNCCO1,Ki,58.0,7.24,351.81,3.6,1
CHEMBL263373,CCOc1c(Cl)cccc1OC(c1ccccc1)C1CNCCO1,Ki,340.0,6.47,347.84,3.85,1
CHEMBL491839,CC1(C)Cc2cccc(N3CCN(CCc4ccc5c(c4)NC(=O)CO5)CC3)c2O1,Ki,2.512,8.6,407.51,3.1,1
CHEMBL444398,Cc1cc2c(N3CCN(CCc4ccc5c(c4)NC(=O)CO5)CC3)cccc2[nH]1,Ki,6.31,8.2,390.49,3.17,1
CHEMBL521873,Cc1ccc2c(N3CCN(CCc4ccc5c(c4)NC(=O)CO5)[C@H](C)C3)cccc2n1,Ki,0.7943,9.1,416.53,3.63,1
CHEMBL489394,Cc1ccc2c(N3CCN(CCc4cc(F)c5c(c4)NC(=O)CO5)CC3)cccc2n1,Ki,1.259,8.9,420.49,3.38,1
CHEMBL391806,Clc1cccc(CN(Cc2ccccn2)[C@H]2CCNC2)c1Cl,IC50,5.0,8.3,336.27,3.75,1
CHEMBL2321998,Clc1ccc(C2CC=CCNC2)cc1Cl,Ki,220.0,6.66,242.15,3.63,1
CHEMBL432394,CN(C)Cc1ccccc1Sc1ccc(Cl)cc1N,Ki,0.27,9.57,292.84,4.14,1
CHEMBL2037518,O=C(CCCN1CCC(c2ccccc2)CC1)c1nc2ccccc2s1,Ki,706.0,6.15,364.51,5.14,1
CHEMBL4741247,Cl.[2H]C([2H])([2H])OCC(=O)NC[C@@H]1CNCCO[C@H]1c1ccc(Cl)c(F)c1,IC50,680.0,6.17,370.27,1.52,1
CHEMBL2203406,CCCN(CC[C@]1(O)C[C@H](NC(=O)c2ccc3ccccc3c2)C1)[C@H]1CCc2nc(N)sc2C1,Ki,32.0,7.5,478.66,4.16,1
CHEMBL327227,O[C@@H](COc1cccc2[nH]ccc12)CN1CCC(c2cc3ccccc3s2)CC1,Ki,16.75,7.78,406.55,5.0,1
CHEMBL272285,NCC1CC1(C(=O)N1CCCCCC1)c1ccccc1,IC50,640.0,6.19,272.39,2.31,1
CHEMBL269798,NCC1CC1(C(=O)NCc1ccccc1)c1ccccc1,IC50,3200.0,5.5,280.37,2.22,0
CHEMBL256021,CCN(CC)C(=O)C1(c2ccccc2)CC1CNCC(OC)OC,IC50,1100.0,5.96,334.46,2.02,0
CHEMBL256163,CNC[C@@H]1CCCC[C@@]1(OC)c1cccc(OC)c1,IC50,3378.0,5.47,263.38,2.95,0
CHEMBL255196,CO[C@]1(c2cccc(C#N)c2)CCCC[C@@H]1CN(C)C,IC50,6236.0,5.21,272.39,3.15,0
CHEMBL272063,CCO[C@]1(c2cccc(O)c2)CCCC[C@@H]1CN(C)C,IC50,1424.0,5.85,277.41,3.38,0
CHEMBL403388,CCO[C@]1(c2cccc(OC)c2)CCCC[C@@H]1CN(C)C,IC50,181.0,6.74,291.44,3.68,1
CHEMBL246954,CN1Cc2cc(OCCCN3CCC(F)CC3)ccc2C(c2ccc(OC(F)F)cc2)C1,Ki,4.3,8.37,448.53,5.07,1
CHEMBL397300,CN1Cc2cc(OCCCN3CCC(F)CC3)ccc2C(c2cccc(Cl)c2)C1,Ki,24.0,7.62,416.97,5.12,1
CHEMBL241228,CN(C)Cc1cc(O)ccc1Sc1ccccc1N,Ki,17.0,7.77,274.39,3.19,1
CHEMBL238868,CN(C)Cc1cc(OCCF)ccc1Sc1ccc(F)cc1N,Ki,0.1,10.0,338.42,3.97,1
CHEMBL4239823,O=S(=O)(c1cncc2ccccc12)N1CCC[C@H]1CCN1CCN(c2cccc3sccc23)CC1,Ki,76.0,7.12,506.7,4.81,1
CHEMBL396981,COc1ccc(C2CN(C)Cc3cc(OCCCN4CCN(c5nccs5)CC4)ccc32)cc1,Ki,5.3,8.28,478.66,4.32,1
CHEMBL234525,COc1ccc(C2CN(C)Cc3cc(OCCCN4CCS(=O)(=O)CC4)ccc32)cc1,Ki,12.0,7.92,444.6,2.77,1
CHEMBL463585,CCCCC1(c2ccc3[nH]ccc3c2)CCNC1,Ki,16.0,7.8,242.37,3.59,1
CHEMBL442924,CNC(=O)c1cc2cc(C3(Cc4ccccc4)CCNC3)ccc2[nH]1,Ki,13.0,7.89,333.44,3.0,1
CHEMBL514447,c1ccc(CC2(c3c[nH]c4ccccc34)CCNC2)cc1,Ki,23.0,7.64,276.38,3.64,1
CHEMBL4294090,Brc1ccc(N2CCN(CCCCOc3ccc4ccccc4c3)CC2)cc1,IC50,10700.0,4.97,439.4,5.58,0
CHEMBL4295202,COc1ccccc1N1CCN(CCCOc2ccc3ccccc3c2)CC1,IC50,1040.0,5.98,376.5,4.44,0
CHEMBL4083782,Fc1ccc(C(OCCN2CCN(c3ccc(Cl)cc3Cl)CC2)c2ccc(F)cc2)cc1,IC50,3910.0,5.41,477.38,6.2,0
CHEMBL4091567,Fc1ccc(C(OCCN2CCN(c3ccc(Cl)cc3)CC2)c2ccc(F)cc2)cc1,IC50,6910.0,5.16,442.94,5.55,0
CHEMBL4091502,c1ccc(CCCN2CCN(CCn3nnnc3C(c3ccccc3)c3ccccc3)CC2)cc1,IC50,3860.0,5.41,466.63,4.1,0
CHEMBL5412197,Cl.N[C@@H]1c2ccccc2OC12CCN(c1cnc3c(N4CCCc5ncccc54)n[nH]c3n1)CC2,IC50,160.0,6.8,491.0,3.22,1
CHEMBL1255834,CC(N)Cc1c[nH]c2ccc(OCc3cccs3)cc12,Ki,2542.0,5.59,286.4,3.7,0
CHEMBL485540,CC1CN(c2ccc3ccccc3n2)CCN1CCCCN1C(=O)c2ccccc2C1=O,IC50,8.0,8.1,428.54,3.82,1
CHEMBL520024,CC1CN(c2ccc3ccccc3n2)CCN1CCCN1C(=O)c2ccccc2C1=O,IC50,80.0,7.1,414.51,3.43,1
CHEMBL485541,CC1CN(c2ccc3ccccc3n2)CCN1CCCCN1C(=O)CCCC1=O,IC50,50.0,7.3,394.52,3.06,1
CHEMBL492842,CSc1ccc(Cc2ccccc2CN(C)C)cc1,IC50,5.0,8.3,271.43,4.06,1
CHEMBL4080369,Cc1cccc(S(=O)(=O)NCCCCN2CC=C(c3c[nH]c4ccc(Cl)cc34)CC2)c1,Ki,3.9,8.41,458.03,4.98,1
CHEMBL4084492,O=S(=O)(NCCN1CC=C(c2c[nH]c3ccc(Cl)cc23)CC1)c1ccc2ccccc2c1,Ki,2.7,8.57,466.01,5.04,1
CHEMBL4088249,O=S(=O)(NCCN1CC=C(c2c[nH]c3ccc(Cl)cc23)CC1)c1ccc(F)cc1,Ki,5.3,8.28,433.94,4.03,1
CHEMBL407563,CNC[C@@H]1CCCC[C@@]1(OC)c1cccc(O)c1,IC50,1052.0,5.98,249.35,2.64,0
CHEMBL249854,CC(=O)c1sc(NC(=O)N[C@@H]2CN(C(C)=O)CC[C@H]2CN2CCC[C@@H](Cc3ccc(F)cc3)C2)nc1C,Ki,29000.0,4.54,529.68,4.11,0
CHEMBL1290715,Cc1ccc2c(N3CCN(CCc4cccc5[nH]c(=O)ccc45)CC3)cccc2n1,Ki,199.53,6.7,398.51,3.75,1
CHEMBL1289510,Cc1ccc2c(N3CCN(CCc4cccc5c4ccc(=O)n5C)[C@@H](C)C3)cc(F)cc2n1,Ki,0.5012,9.3,444.55,4.29,1
CHEMBL472289,Cc1ccc2c(N3CCN(CCc4ccc5c(c4)OCC(=O)N5C)CC3)cccc2n1,Ki,158.49,6.8,416.53,3.26,1
CHEMBL472290,CCN1C(=O)COc2c(CCN3CCN(c4cccc5nc(C)ccc45)CC3)cccc21,Ki,19.95,7.7,430.55,3.65,1
CHEMBL1644980,OC1(c2ccc(Cl)c(C(F)(F)F)c2)CCN(CCCC(c2ccccc2)c2ccccc2)CC1,Ki,1180.0,5.93,487.99,7.25,0
CHEMBL391864,COC(=O)[C@@H]1[C@H]2CC[C@H](C[C@H]1c1ccc(C)c(F)c1)N2,Ki,42.8,7.37,277.34,2.53,1
CHEMBL4515160,O=C1CC(c2c[nH]c3ccc(F)cc23)C(=O)N1CCCCN1CCC(c2c[nH]c3ccc(F)cc23)CC1,Ki,32.4,7.49,504.58,5.43,1
CHEMBL3818989,O=C(CCCN1CCc2ccccc2C1)c1ccccc1,Ki,1534.0,5.81,279.38,3.71,0
CHEMBL4587314,COc1ccc2[nH]cc(C3CCN(CCCN4C(=O)CC(c5c[nH]c6ccc(F)cc56)C4=O)CC3)c2c1,Ki,156.0,6.81,502.59,4.91,1
CHEMBL4571862,O=C1CC(c2c[nH]c3ccc(F)cc23)C(=O)N1CCCCN1CCC(c2c[nH]c3ccccc23)CC1,Ki,51.0,7.29,486.59,5.29,1
CHEMBL3703742,Fc1cc2c(cc1-c1ccc(OC(F)F)nn1)CNCC2c1ccc(Cl)c(Cl)c1,IC50,16.0,7.8,440.25,5.43,1
CHEMBL3703731,FC(F)Oc1ccc(-c2ccc3c(c2)CNCC3c2ccc(Cl)c(Cl)c2)nn1,IC50,3.6,8.44,422.26,5.29,1
CHEMBL3703726,FC(F)(F)c1ccc(-c2ccc3c(c2)NCCC3c2ccc(Cl)cc2)nn1,IC50,21.0,7.68,389.81,5.76,1
CHEMBL4227027,Clc1ccc([C@@H]2CCN[C@@H]3CCOC[C@@H]32)cc1Cl,Ki,31.62,7.5,286.2,3.48,1
CHEMBL2171419,Cl.Fc1cc(C(Oc2ccccc2)C2CNC2)ccc1Cl,IC50,142.0,6.85,328.21,3.82,1
CHEMBL340521,COC(=O)C1C2CCC(C[C@@H]1OC(c1ccccc1)c1ccc(Br)cc1)N2C,IC50,5770.0,5.24,444.37,4.58,0
CHEMBL5781683,Fc1cccc(Oc2cc(C(F)(F)F)nc(N3CCC4(CC3)CNCCN4)n2)c1,IC50,6607.0,5.18,411.4,2.96,0
CHEMBL3950161,COc1ccc(Br)c(CC2CCN(CCc3ccc(OC)c(Cl)c3)CC2)c1,Ki,18.9,7.72,452.82,5.62,1
CHEMBL3949638,COc1ccc(Br)c(CC2CCN(CCc3ccc4ccccc4c3)CC2)c1,Ki,25.6,7.59,438.41,6.11,1
CHEMBL3958278,COc1ccc(Br)c(CC2CCN(CCc3ccc4c(c3)OCCO4)CC2)c1,Ki,14.0,7.85,446.39,4.73,1
CHEMBL119605,CNCC[C@H](Oc1cccc2c(O)c(OC)ccc12)c1cccs1,Ki,266.0,6.58,343.45,4.35,1
CHEMBL3673139,Oc1ccc2c(c1)CN1CCC2(c2ccc(Cl)cc2)CC1,IC50,16.3,7.79,299.8,3.94,1
CHEMBL3673178,Clc1ccc(C23CCN(CC2)Cc2cc(N4CCOCC4)ccc23)cc1,IC50,8.0,8.1,368.91,4.07,1
CHEMBL3673180,CCS(=O)(=O)N1CCN(c2ccc(C34CCN(CC3)Cc3cc(N5CCN(S(=O)(=O)CC)CC5)ccc34)cc2)CC1,IC50,2316.0,5.63,601.84,2.53,0
CHEMBL171106,COC(=O)C1C(c2cccc(Br)c2)CC2CCC1N2C,IC50,20.4,7.69,338.25,3.19,1
CHEMBL3673157,Clc1ccc(C23CCN(CC2)Cc2cc(OCCCc4ccncc4)ccc23)cc1,IC50,4.2,8.38,418.97,5.64,1
CHEMBL3673162,COc1ccc(-c2ccc3c(c2)CN2CCC3(c3ccc(Cl)c(Cl)c3)CC2)nn1,IC50,9.8,8.01,426.35,5.35,1
CHEMBL183542,CN(C)CCCc1c[nH]c2ccc(I)cc12,IC50,31.0,7.51,328.2,3.27,1
CHEMBL5890200,N#Cc1c(C(F)(F)F)cc(N2CCC3(CC2)CNCCO3)nc1Oc1cccc(F)c1,IC50,31623.0,4.5,436.41,3.86,0
CHEMBL4224830,Clc1ccc(C2CCNCC23CCOCC3)cc1Cl,Ki,1.259,8.9,300.23,3.87,1
CHEMBL6039394,Fc1cccc(Oc2cc(F)c(F)cc2N2CCCC3(CCNCC3)C2)c1,IC50,324.0,6.49,376.42,4.87,1
CHEMBL5935525,Cc1nc(-c2cccc(COc3ccc(Cl)cc3OC3CNC3)c2)no1,Ki,90.0,7.05,371.82,3.63,1
CHEMBL2364614,CN1Cc2cc(-c3ccc(N)nn3)ccc2[C@H](c2ccc3ccccc3c2)C1,IC50,1.1,8.96,366.47,4.46,1
CHEMBL4227980,N[C@H]1CC[C@H](c2ccc(Cl)c(Cl)c2)c2ccccc21,IC50,14.0,7.85,292.21,4.92,1
CHEMBL4228353,Clc1ccc([C@@]23CNCC2C3)cc1Cl,IC50,13.0,7.89,228.12,2.85,1
CHEMBL4227573,c1ccc2cc([C@]34CNCC3C4)ccc2c1,IC50,84.0,7.08,209.29,2.7,1
CHEMBL4226593,CNC[C@]1(c2ccc(Cl)c(Cl)c2)CC[C@](C)(O)CC1,IC50,210.0,6.68,302.25,3.78,1
CHEMBL5873515,CNC[C@H](c1ccc(Cl)c(Cl)c1)[C@@H](O)c1cccc(SC)c1,Ki,192.0,6.72,356.32,4.75,1
CHEMBL5618693,NC(=O)c1cc2cc(N3CCN(CCc4cc5c(cc4F)NC(=O)C5)CC3)ccc2o1,IC50,359.0,6.45,422.46,2.53,1
CHEMBL5822314,C[C@H](Oc1ccc(Cl)cc1OC1CNC1)c1cccc(C(F)(F)F)c1,Ki,954.0,6.02,371.79,4.85,1
CHEMBL5953051,Clc1ccc(OC2Cc3ccccc3C2)c(OC2CNC2)c1,Ki,56.0,7.25,315.8,3.24,1
CHEMBL5781777,CC(Oc1ccc(Cl)cc1OC1CNC1)c1cccc(Cl)c1,Ki,75.0,7.12,338.23,4.48,1
CHEMBL5751057,O/N=C(\COc1ccc(Cl)cc1OC1CNC1)c1ccccc1,Ki,967.0,6.01,332.79,2.95,1
CHEMBL5825194,CNC[C@H](c1ccc2ccccc2c1)[C@H](OCC(=O)NC1CCC1)c1ccccc1,Ki,1.3,8.89,402.54,4.57,1
CHEMBL5961024,CNCc1cc(OCc2cc(F)ccc2F)n(CCC(C)(C)C)n1,Ki,0.69,9.16,337.41,3.9,1
CHEMBL5848789,CNC[C@@H](c1ccc2ccccc2c1)[C@@H](O)c1cncc(OC)c1,Ki,124.0,6.91,322.41,3.28,1
CHEMBL5974857,CN1C[C@H](c2ccc3ccccc3c2)[C@@H](c2ccccc2)OCC1=O,Ki,3370.0,5.47,331.42,4.15,0
CHEMBL5080308,N#Cc1ccc2[nH]cc(CCCCN3CCN(c4ccc(C(=O)CCC5CCN(Cc6ccoc6)CC5)cc4)CC3)c2c1,IC50,35.69,7.45,577.77,6.65,1
CHEMBL5088143,N#Cc1ccc2[nH]cc(CCCCN3CCN(c4ccc(C(=O)CCC5CCN(Cc6ccsc6)CC5)cc4)CC3)c2c1,IC50,20.13,7.7,593.84,7.12,1
CHEMBL5954657,CNC[C@@H](c1ccc(Cl)c(Cl)c1)[C@@H](O)c1ccsc1,Ki,742.0,6.13,316.25,4.09,1
CHEMBL5931875,CCNCC[C@@H](Oc1cccnc1OC)c1ccccc1,Ki,240.0,6.62,286.38,3.21,1
CHEMBL3334796,CN(C)CCC(c1csc2ccccc12)N1CCCC1,IC50,425.3,6.37,288.46,3.99,1
CHEMBL5795020,COc1cccc(COc2ccc(Cl)cc2OC2CNC2)c1,Ki,8.0,8.1,319.79,3.28,1
CHEMBL3233143,O=C(CCCN1CC[C@H]2[C@@H](C1)c1cccc3c1N2CCN3)c1ccc(F)cc1,Ki,31.0,7.51,379.48,3.89,1
CHEMBL3233415,CN1CCN2c3c(cccc31)[C@@H]1CN(CCc3cc4c(cc3Cl)NC(=O)C4)CC[C@@H]12,Ki,28.0,7.55,422.96,3.51,1
CHEMBL5933985,N#Cc1cc(Oc2cccc(F)c2)nc(N2CCC3(CC2)CNCCO3)n1,IC50,1479.0,5.83,369.4,2.24,0
CHEMBL5078078,CC(C)(O)c1ccc(N2Cc3c(ccnc3-c3ccc(F)cc3OCC(F)(F)F)C2=O)cc1,IC50,310.0,6.51,460.43,5.22,1
CHEMBL3323090,CN1Cc2ccccc2C(c2ccc3ccoc3c2)C1,Ki,254.0,6.59,263.34,4.01,1
CHEMBL1683900,NCC1(c2ccc3ccccc3c2)CCCCC1,IC50,305.0,6.52,239.36,4.0,1
CHEMBL3933129,Oc1ccccc1CNCCCc1c[nH]c2ccc(F)cc12,Ki,800.0,6.1,298.36,3.74,1
CHEMBL5075438,N#Cc1ccc2[nH]cc(CCN3CCN(c4ccc(C(=O)CCC5CCN(Cc6cc[nH]c6)CC5)cc4)CC3)c2c1,IC50,8.41,8.07,548.74,5.61,1
CHEMBL4533184,N#Cc1ccc2[nH]cc(CCCCN3CCN(c4c5c(nc6ccccc46)CCC5)CC3)c2c1,IC50,76.3,7.12,449.6,5.22,1
CHEMBL4239115,Cc1ccc(N2CCN(CCCNC(=O)c3ccc4ccccc4c3)CC2)cc1,IC50,460.0,6.34,387.53,4.09,1
CHEMBL4251399,O=C(NCCCN1CCN(c2cccc(Cl)c2Cl)CC1)c1ccc2ccccc2n1,IC50,1170.0,5.93,443.38,4.48,0
CHEMBL5170867,CCCCn1nc(C2CCN(CCCCc3c[nH]c4ccc(C#N)cc34)CC2)cc1-c1ccc(Oc2ccc(Cl)cc2)cc1,IC50,1206.0,5.92,606.21,9.35,0
CHEMBL5208902,CCCc1nc(C2CCN(CCCCc3c[nH]c4ccc(C#N)cc34)CC2)cn1-c1ccc(Oc2ccc(Cl)cc2)cc1,IC50,7.77,8.11,592.19,8.83,1
CHEMBL5176363,CC(C)c1nc(C2CCN(CCCCc3c[nH]c4ccc(C#N)cc34)CC2)cn1-c1ccc(Oc2ccc(Cl)cc2)cc1,IC50,4.36,8.36,592.19,9.0,1
CHEMBL5173093,CCCCc1nc(C2CCN(CCCc3c[nH]c4ccc(C#N)cc34)CC2)cn1-c1ccc(Oc2ccc(Cl)cc2)cc1,IC50,18.9,7.72,592.19,8.83,1
CHEMBL5069928,N#Cc1ccc2[nH]cc(CCCCN3CCN(c4ccc5c(c4)CC(CC4CCN(Cc6ccccc6)CC4)C5=O)CC3)c2c1,IC50,36.03,7.44,599.82,6.84,1
CHEMBL5087923,N#Cc1ccc2[nH]cc(CN3CCN(c4ccc(C(=O)CCC5CCN(Cc6ccccc6)CC5)cc4)CC3)c2c1,IC50,54.52,7.26,545.73,6.24,1
CHEMBL5094829,N#Cc1ccc2[nH]cc(CCCN3CCN(c4ccc(C(=O)CCC5CCN(Cc6cc[nH]c6)CC5)cc4)CC3)c2c1,IC50,14.87,7.83,562.76,6.0,1
CHEMBL4228870,COCCOc1cccc(CC2CCN(CCc3cc4c(cc3Cl)OCCO4)CC2)c1Br,Ki,74.6,7.13,524.88,5.4,1
CHEMBL4101780,Fc1ccc(C(OCCN2CCN(c3ccc(Cl)c(Cl)c3)CC2)c2ccc(F)cc2)cc1,IC50,5220.0,5.28,477.38,6.2,0
CHEMBL4086279,Fc1ccc(C(OCCN2CCN(c3cccc(Cl)c3)CC2)c2ccc(F)cc2)cc1,IC50,4960.0,5.3,442.94,5.55,0
CHEMBL4094047,Fc1ccc(C(OCCN2CCN(c3ccccc3)CC2)c2ccc(F)cc2)cc1,IC50,1906.0,5.72,408.49,4.89,0
CHEMBL3612830,O=C(NCCCN1CCC(Cc2ccccc2)CC1)C(c1ccc(Cl)cc1)c1ccc(Cl)cc1,IC50,7670.0,5.12,495.49,6.59,0
CHEMBL4081753,c1ccc(CCN2CCN(CCCCn3nnnc3C(c3ccccc3)c3ccccc3)CC2)cc1,IC50,8000.0,5.1,480.66,4.49,0
CHEMBL4074999,c1ccc(CN2CCN(CCCn3nnnc3C(c3ccccc3)c3ccccc3)CC2)cc1,IC50,5050.0,5.3,452.61,4.06,0
CHEMBL564631,CSc1ccc(OC(c2cccnc2)C2CCNCC2)cc1,IC50,7.0,8.15,314.45,3.92,1
CHEMBL3323107,CN1Cc2ccccc2C(c2ccc3cnsc3c2)C1,Ki,205.0,6.69,280.4,3.87,1
CHEMBL2012082,COC(=O)C1=C(c2cccc(-c3ccco3)c2)CC2CCC1O2,IC50,710.0,6.15,310.35,3.82,1
CHEMBL2012101,COC(=O)[C@@H]1C2CCC(C[C@H]1c1ccc(-c3cccs3)cc1)O2,IC50,35.0,7.46,328.43,4.24,1
CHEMBL2012117,COC(=O)[C@H]1C2CCC(C[C@H]1c1ccc(-c3ccccc3)o1)O2,IC50,640.0,6.19,312.37,3.77,1
CHEMBL542933,Cl.Fc1ccc(C(OCCN2CCN(CCCc3ccccc3)CC2)c2ccc(F)cc2)cc1,Ki,198.0,6.7,487.03,5.32,1
CHEMBL5831922,CNCC1(c2ccc(Cl)c(Cl)c2)CCCCC1CO,IC50,1030.0,5.99,302.25,3.63,0
CHEMBL253182,CN(C)Cc1cc(F)ccc1Sc1ccc(CO)cc1N,Ki,1.26,8.9,306.41,3.11,1
CHEMBL5972385,CN(C)CC1(c2ccc(Cl)c(Cl)c2)CCCCC1CO,IC50,51.0,7.29,316.27,3.98,1
CHEMBL6025363,Clc1cccc(Oc2ccc(Br)cc2OC2CNC2)c1,Ki,60.0,7.22,354.63,4.25,1
CHEMBL404197,COc1cccc([C@@]2(OCC3CC3)CCCC[C@@H]2CN(C)C)c1,IC50,25.0,7.6,317.47,4.07,1
CHEMBL256020,NCC1CC1(C(=O)N1CCCCC1)c1ccccc1,IC50,1200.0,5.92,258.37,1.92,0
CHEMBL404474,CCN(C(=O)C1(c2ccccc2)CC1CN)c1ccccc1,IC50,4400.0,5.36,294.4,2.96,0
CHEMBL269799,CCN(C)C(=O)C1(c2ccccc2)CC1CN,IC50,830.0,6.08,232.33,1.38,1
CHEMBL270569,CCN(CC)C(=O)C1(c2ccccc2)CC1CNCc1ccc[nH]1,IC50,4400.0,5.36,325.46,2.93,0
CHEMBL2219839,Clc1ccc(C(OCc2ccccc2)C2CNC2)cc1,IC50,21.6,7.67,287.79,3.82,1
CHEMBL6017007,CN(Cc1cc(OCc2ccccc2)n(C(CO)C2CCCCC2)n1)C(=O)OC(C)(C)C,Ki,3.6,8.44,443.59,4.94,1
CHEMBL5943052,CNCc1cc(OCc2ccccc2)n(C(CF)C2CCCCC2)n1,Ki,0.96,9.02,345.46,4.27,1
CHEMBL4226233,CN(C)C[C@H](c1ccc2ccccc2c1)[C@H](O)C1CCCCC1,Ki,6.0,8.22,311.47,4.43,1
CHEMBL5916141,Clc1cccc(COc2ccc(Br)cc2OC2CN(C3CCC3)C2)c1,Ki,381.0,6.42,422.75,5.3,1
CHEMBL4227753,C#Cc1ccc([C@H]2CN3CCC[C@H]3c3ccccc32)cc1,Ki,15.8,7.8,273.38,3.95,1
CHEMBL5849435,Brc1ccc(Oc2ccccc2)c(OC2CNC2)c1,Ki,5000.0,5.3,320.19,3.59,0
CHEMBL5815618,Clc1ccc(OCc2ccccc2)c(OC2CNC2)c1,Ki,43.0,7.37,289.76,3.27,1
CHEMBL5809453,N#Cc1cccc(COc2ccc(Cl)cc2OC2CNC2)c1,Ki,1.0,9.0,314.77,3.14,1
CHEMBL6019518,Clc1ccc(OCc2ccccc2Cl)c(OC2CNC2)c1,Ki,3.0,8.52,324.21,3.92,1
CHEMBL1077638,CC(C)CN(C(=O)c1cccc(C(F)(F)F)c1Cl)[C@H]1CCNC1,Ki,11.0,7.96,348.8,3.82,1
CHEMBL1078164,CC(C)CN(C(=O)c1cccc(F)c1Cl)[C@H]1CCNC1,Ki,15.0,7.82,298.79,2.94,1
CHEMBL1078073,CC(C)CN(C(=O)c1cccc(Cl)c1F)[C@H]1CCNC1,Ki,10.0,8.0,298.79,2.94,1
CHEMBL1078169,CC(C)CN(C(=O)c1ccccc1C(C)C)[C@H]1CCNC1,Ki,1320.0,5.88,288.44,3.27,0
CHEMBL599609,CNC[C@@H](O)[C@H](c1cccc(F)c1)N1CC(C)c2ccccc21.Cl,IC50,329.0,6.48,350.87,3.07,1
CHEMBL603495,CCC1(CC)CN([C@@H](c2cccc(F)c2)[C@H](O)CNC)c2ccccc21.Cl,IC50,8971.0,5.05,392.95,4.03,0
CHEMBL605990,CNC[C@@H](O)[C@H](c1cccc(F)c1)N1CC2(CCCC2)c2ccccc21.Cl,IC50,1969.0,5.71,390.93,3.78,0
CHEMBL591928,CNC[C@@H](O)[C@H](c1ccccc1)N1CC(C)(C)c2cccc(F)c21.Cl,IC50,1099.0,5.96,364.89,3.24,0
CHEMBL520970,[11CH3]Oc1ccc2c(c1)CCN(CCCc1c[nH]c3ccc(I)cc13)C2,Ki,1110.0,5.96,445.33,4.77,0
CHEMBL1173276,C[C@@H]1NC(C)(C)CO[C@@]1(O)c1cccc(Br)c1,IC50,390.0,6.41,300.2,2.38,1
CHEMBL1627,CNC(=O)C(CCN1CCC(O)(c2ccc(Cl)cc2)CC1)(c1ccccc1)c1ccccc1,Ki,6.2,8.21,463.02,4.75,1
CHEMBL3942511,Cc1nnc2sc(C(=O)NCc3ccc(S(F)(F)(F)(F)F)cc3)c(N)c2c1C,IC50,520.0,6.28,438.45,5.48,1
CHEMBL583752,Fc1cccc(Oc2ccccc2C2CCNCC2)c1,Ki,901.0,6.04,271.33,4.09,1
CHEMBL575899,Fc1ccccc1COc1ccccc1N1CCNCC1,Ki,978.0,6.01,286.35,2.81,1
CHEMBL4644391,N#Cc1ccc2nn(CCCCN3CCN(c4cccc5sccc45)CC3)c(=O)n2c1,IC50,341.6,6.47,432.55,3.18,1
CHEMBL5781645,FC(F)(F)c1cc(Oc2ccccc2)nc(N2CCC3(CC2)CNCCO3)n1,IC50,724.0,6.14,394.4,3.25,1
CHEMBL5993555,Fc1ccc(Oc2cc(C(F)(F)F)nc(N3CCC4(CC3)CNCCO4)n2)cc1,IC50,49.0,7.31,412.39,3.39,1
CHEMBL5870544,CNC[C@H](c1ccc(Cl)c(Cl)c1)[C@@H](O)c1ccccc1I,Ki,935.0,6.03,436.12,4.63,1
CHEMBL6047209,OC1(CNC2CC2)CCN(c2nc(Oc3cccc(F)c3)cc(C(F)(F)F)n2)CC1,IC50,21380.0,4.67,426.41,3.51,0
CHEMBL5926567,CNCC1(O)CCN(c2nc(Oc3cccc(F)c3)cc(C(F)(F)F)n2)CC1,IC50,23442.0,4.63,400.38,2.98,0
CHEMBL5813367,CC1CCC(C)N1CC1(O)CCN(c2nc(Oc3cccc(F)c3)cc(C(F)(F)F)n2)CC1,IC50,6026.0,5.22,468.5,4.63,0
CHEMBL597531,COc1ccccc1Oc1ncccc1C1CCNCC1,Ki,610.0,6.21,284.36,3.35,1
CHEMBL276520,c1ccc2c(CCC3CCNCC3)c[nH]c2c1,IC50,30.0,7.52,228.34,3.1,1
CHEMBL599684,CN1CCCCC1(C)CCc1c[nH]c2ccc(C#N)cc12,IC50,2.1,8.68,281.4,3.85,1
CHEMBL600263,CN1CCCC1CCc1c[nH]c2ccc(C#N)cc12,IC50,8.1,8.09,253.35,3.07,1
CHEMBL598042,CN1CCc2ccccc2C1CCc1c[nH]c2ccc(F)cc12,IC50,5.7,8.24,308.4,4.47,1
CHEMBL6063439,CN(Cc1nn(CC2CCCCC2)c(OCc2cc(F)ccc2F)c1F)C(=O)OC(C)(C)C,Ki,0.98,9.01,467.53,5.83,1
CHEMBL608430,Clc1ccc([C@]23CNC[C@H]2[C@@H]3COC2CCC2)cc1Cl,Ki,0.631,9.2,312.24,3.65,1
CHEMBL599638,COC[C@@H]1[C@H]2CNC[C@]21c1ccc(Cl)c(Cl)c1,Ki,25.7,7.59,272.18,2.73,1
CHEMBL603540,COC[C@@H]1[C@@H]2CNC[C@]12c1ccc(Cl)c(Cl)c1,Ki,72.44,7.14,272.18,2.73,1
CHEMBL606120,OC[C@H]1[C@@H]2CNC[C@]12c1ccc(Cl)c(Cl)c1,Ki,15.49,7.81,258.15,2.07,1
CHEMBL4062666,CN(C)CCCC1(c2ccc(Cl)c(Cl)c2)OCc2ccccc21,IC50,13.0,7.89,350.29,5.11,1
CHEMBL4085773,CN(C)CCCC1(c2ccc(F)cc2)OCc2ccc3ccccc3c21,IC50,12.0,7.92,349.45,5.09,1
CHEMBL5800520,Clc1ccc(Oc2ccc3ccccc3c2)c(OC2CNC2)c1,Ki,2.0,8.7,325.8,4.64,1
CHEMBL5897284,CNC[C@H](c1ccc(OC)c(C)c1)[C@H](O)c1cccnc1,Ki,1.8,8.74,286.38,2.44,1
CHEMBL5783150,CNC[C@@H](c1ccc2ccccc2c1)[C@H](O)c1ccccn1,Ki,43.2,7.37,292.38,3.27,1
CHEMBL5739742,CNC[C@H](c1ccc(Cl)c(Cl)c1)[C@H](O)c1cccc([N+](=O)[O-])c1,Ki,86.2,7.06,355.22,3.94,1
CHEMBL5828171,CNC[C@H](C[C@H](O)c1ccccc1)c1ccc2ccccc2c1,Ki,1.1,8.96,305.42,4.27,1
CHEMBL5902505,NC[C@H](c1ccc2ccccc2c1)[C@@H](O)c1ccncc1Cl,Ki,36.9,7.43,312.8,3.66,1
CHEMBL5800604,FC(F)(F)c1ccc(COc2ccc(Cl)cc2OC2CNC2)o1,Ki,28.0,7.55,347.72,3.88,1
CHEMBL5758831,FC(F)(F)c1cccc(COc2ccc(Cl)cc2OC2CNC2)n1,Ki,3.0,8.52,358.75,3.68,1
CHEMBL1272041,COc1c(C)nc(C)nc1C(=O)NCCN1CCN(c2cccc(C)c2C)CC1.Cl,IC50,2096.0,5.68,433.98,2.27,0
CHEMBL5879014,CNCc1cc(OCc2ccc(F)cc2)n(CC2CCCC2)n1,Ki,6.6,8.18,317.41,3.51,1
CHEMBL3673165,Cc1cc2ncnn2cc1-c1ccc2c(c1)CN1CCC2(c2ccc(Cl)c(Cl)c2)CC1,IC50,18.9,7.72,449.39,5.91,1
CHEMBL3673172,Fc1ccc(C23CCN(CC2)Cc2cc(Oc4ccc(C(F)(F)F)nn4)ccc23)cc1F,IC50,20.2,7.7,447.41,5.46,1
CHEMBL5898868,Fc1cccc(Oc2cc(N3CCC4(CC3)CNCCO4)cc(F)c2F)c1,IC50,93.3,7.03,378.39,3.86,1
CHEMBL6007774,NC1(CO)CCN(c2nc(Oc3cccc(F)c3)cc(C(F)(F)F)n2)CC1,IC50,5129.0,5.29,386.35,2.72,0
CHEMBL6024343,O=C(NCC1(O)CCN(c2nc(Oc3cccc(F)c3)cc(C(F)(F)F)n2)CC1)C1CNC1,IC50,35481.0,4.45,469.44,2.09,0
CHEMBL5852764,Fc1cccc(Oc2cc(F)c(F)cc2N2CCC3(CNCCO3)C2)c1,IC50,398.0,6.4,364.37,3.46,1
CHEMBL6054763,O[C@H]1CNCCC12CCN(c1nc(Oc3cccc(F)c3)cc(C(F)(F)F)n1)C2,IC50,11220.0,4.95,412.39,2.98,0
CHEMBL143210,N[C@H](C(=O)O)c1ccc(C(=O)O)c(C(=O)O)c1,Ki,7612.02,5.12,239.18,0.17,0
CHEMBL5955842,NCC1(c2ccc(Cl)c(Cl)c2)CCC(F)CC1,IC50,2146.0,5.67,276.18,4.1,0
CHEMBL6063079,NCC1(c2ccc(Cl)c(Cl)c2)CCCC1,IC50,1470.0,5.83,244.16,3.76,0
CHEMBL5438420,N#Cc1ccc2[nH]cc(CCCCN3CCN(c4ncc(-c5ccc(F)cc5F)cn4)CC3)c2c1,IC50,0.58,9.24,472.54,4.92,1
CHEMBL5787166,Clc1ccc(OCC2CCc3ccccc3O2)c(OC2CNC2)c1,Ki,95.0,7.02,345.83,3.46,1
CHEMBL5900785,Clc1ccc(OCc2ccc(Cl)c(Cl)c2)c(OC2CNC2)c1,Ki,5.0,8.3,358.65,4.58,1
CHEMBL5961077,C[C@@H](Oc1ccc(Cl)cc1OC1CCNCC1)c1cccc(C(F)(F)F)c1,Ki,96.0,7.02,399.84,5.63,1
CHEMBL5904204,Cc1ccc2c(c1)CCC2Oc1ccc(Br)cc1OC1CNC1,Ki,45.0,7.35,374.28,4.17,1
CHEMBL1241640,CCOC(=O)c1ncn2c1COc1c(CCN3CCN(c4cccc5nc(C)ccc45)CC3)cccc1-2,Ki,15.85,7.8,497.6,4.16,1
CHEMBL1214060,COC(=O)[C@@H]1C2CCC(C[C@@H]1c1ccc(C)cc1)N2C/C=C/CF,Ki,147.0,6.83,331.43,3.63,1
CHEMBL5987298,CNCC(c1ccc2ccccc2c1)C(OC)c1ccccc1,Ki,16.9,7.77,305.42,4.53,1
CHEMBL5818023,CNC[C@H](c1ccc(Cl)cc1)[C@H](O)c1ccccc1,Ki,191.0,6.72,275.78,3.38,1
CHEMBL5848475,CNC[C@@H](c1ccc(Br)c(Cl)c1)[C@H](O)c1ccccc1,Ki,51.5,7.29,354.68,4.14,1
CHEMBL5971928,CNC[C@@H](c1ccc(Cl)c(Cl)c1)[C@@H](O)c1ccccc1[S+](C)[O-],Ki,3040.0,5.52,372.32,3.77,0
CHEMBL5872179,NC[C@@H](Cc1ccccc1O)c1ccc2ccccc2c1,Ki,116.0,6.94,277.37,3.83,1
CHEMBL5777838,CNC[C@@H](c1ccc(Cl)c(Cl)c1)[C@@H](O)c1cccc(Br)c1,Ki,806.0,6.09,389.12,4.79,1
CHEMBL6006811,CNC[C@H](c1ccc(Cl)c(Cl)c1)[C@H](O)c1cccc(N(C)C)c1,Ki,178.0,6.75,353.29,4.1,1
CHEMBL6023482,CNCC(c1ccc2ccccc2c1)[C@@H](O)c1ccc(Cl)nc1,Ki,268.0,6.57,326.83,3.92,1
CHEMBL6004462,CNC[C@@H](c1ccc(Cl)c(Cl)c1)[C@@H](O)c1cccnc1OC,Ki,1848.0,5.73,341.24,3.43,0
CHEMBL1224240,Cc1cccc2nc(C(=O)C3(CCC(C)(C)C)CCNC3)ccc12,Ki,0.1995,9.7,324.47,4.53,1
CHEMBL1224090,CC(C)CC1(C(=O)c2ccc(N)c(Cl)c2)CCCN1,Ki,0.3981,9.4,280.8,3.27,1
CHEMBL5824016,CN(Cc1cc(OCc2cc(Cl)ccc2F)n(CC2CCCCO2)n1)C(=O)OC(C)(C)C,Ki,11.0,7.96,467.97,5.19,1
CHEMBL5831041,CNC[C@@H](c1ccc(Cl)c(Cl)c1)[C@@H](O)c1cccc(SC)c1,Ki,662.0,6.18,356.32,4.75,1
CHEMBL5835252,CNC[C@@H](c1ccc(Cl)c(Cl)c1)[C@@H](O)c1cccc(NS(=O)(=O)C(F)(F)F)c1,Ki,2845.0,5.55,457.3,4.29,0
CHEMBL5814380,CN1CCO[C@@H](c2ccccc2)[C@@H](c2ccc3ccccc3c2)C1,Ki,12.0,7.92,317.43,4.63,1
CHEMBL5794394,CN1CCO[C@@H](c2ccccc2)[C@H](c2ccc3ccccc3c2)C1,Ki,167.0,6.78,317.43,4.63,1
CHEMBL5992741,NC[C@@H](c1ccc2ccccc2c1)[C@@H](O)c1ccc(Cl)nc1,Ki,107.0,6.97,312.8,3.66,1
CHEMBL5893791,CNCC(Cc1ccccc1C)c1ccc2ccccc2c1,Ki,7.8,8.11,289.42,4.69,1
CHEMBL5858414,CNCc1cc(OCc2ccccc2)n(CCCc2ccccc2)n1,Ki,12.0,7.92,335.45,3.81,1
CHEMBL5749545,CNCc1cc(OCc2cccc(Cl)c2)n(CC2OC3CCC2C3)n1,Ki,8.1,8.09,361.87,3.4,1
CHEMBL5895380,CNCc1cc(OCc2cc(Cl)ccc2F)n(CC2CC2)n1,Ki,3.7,8.43,323.8,3.38,1
CHEMBL6064831,CCNCc1cc(OCc2cc(F)ccc2F)n(CC2CCCCC2)n1,Ki,33.0,7.48,363.45,4.43,1
CHEMBL6020151,Clc1cccc(COc2ccc(Br)cc2OCC2CNC2)c1,Ki,23.0,7.64,382.69,4.28,1
CHEMBL1080789,O=C(c1cccc(Cl)c1Cl)N(CCC1CC1)[C@H]1CCNC1,Ki,15.0,7.82,327.26,3.6,1
CHEMBL1080790,CC(C)(C)CN(C(=O)c1cccc(Cl)c1Cl)[C@H]1CCNC1,Ki,4.0,8.4,329.27,3.84,1
CHEMBL5900875,CCC(CC)n1nc(CNC)cc1OCc1ccc(F)cc1Cl,Ki,1.5,8.82,339.84,4.34,1
CHEMBL5759257,CNCc1cc(OCc2cc(Cl)ccc2F)n(CC(C)C)n1,Ki,1.6,8.8,325.82,3.63,1
CHEMBL5922791,CN(Cc1cc(OC(F)(F)c2ccccc2)n(CC2CCCCC2)n1)C(=O)OC(C)(C)C,Ki,3.0,8.52,449.54,5.96,1
CHEMBL5901241,CNCc1cc(OCc2cc(F)ccc2F)n(CCC(C)(C)F)n1,Ki,0.85,9.07,341.38,3.6,1
CHEMBL5948538,CNC[C@H](c1ccc(OC)c(C)c1)[C@H](O)c1ccccc1,Ki,2.4,8.62,285.39,3.04,1
CHEMBL5760402,NCC[C@@H](Cc1cccnc1)c1ccc(Cl)c(Cl)c1,Ki,154.0,6.81,295.21,4.06,1
CHEMBL6048972,CNCC(Cc1ccccc1CO)c1ccc2ccccc2c1,Ki,2.5,8.6,305.42,3.88,1
CHEMBL5929452,CNC[C@H](c1ccc2ccccc2c1)[C@H](F)c1ccccc1,Ki,5.7,8.24,293.39,4.85,1
CHEMBL6004223,CNC[C@H](c1ccc2ccccc2c1)[C@H](OCC(=O)N1CCCC1)c1ccccc1,Ki,2.9,8.54,402.54,4.52,1
CHEMBL5877774,CNC[C@H](c1ccc2ccccc2c1)[C@H](OCC(=O)NC1CC1)c1ccccc1,Ki,5.4,8.27,388.51,4.18,1
CHEMBL5767306,Cc1cccc(Oc2cc(C)nc(N3CCC4(CC3)CNCCO4)n2)c1,IC50,14791.0,4.83,354.45,2.84,0
CHEMBL250962,CCN(CC)CC1CC1c1ccc2ccccc2c1,IC50,550.0,6.26,253.39,4.29,1
CHEMBL249328,CN(Cc1ccccc1)CC1CC1c1cccc2cc(C#N)ccc12,IC50,16.0,7.8,326.44,4.95,1
CHEMBL399947,CNCC1CC1c1cccc2ccccc12,IC50,89.0,7.05,211.31,3.16,1
CHEMBL395608,CN1Cc2cc(OCCCN3CCC(F)CC3)ccc2C(c2ccc(S(C)(=O)=O)cc2)C1,Ki,135.0,6.87,460.62,3.87,1
CHEMBL576170,CNC[C@@H](O)[C@H](c1cccc(F)c1)n1ccc2ccccc21,IC50,441.0,6.36,298.36,2.95,1
CHEMBL5967642,CNCc1cc(OCc2cccc(Cl)c2)n(CC2CCc3ccccc3O2)n1,Ki,23.0,7.64,397.91,4.23,1
CHEMBL5889545,CNCc1cc(OCc2cc(Cl)ccc2F)n(CC2CCCCO2)n1,Ki,9.2,8.04,367.85,3.54,1
CHEMBL6000269,Fc1cccc(Oc2cc(C(F)(F)F)nc(N3CCOC4(CCNCC4)C3)n2)c1,IC50,4786.0,5.32,412.39,3.39,0
CHEMBL5990035,Cc1cnc(N2CCC3(CC2)CNCCO3)nc1Oc1cccc(F)c1,IC50,10000.0,5.0,358.42,2.68,0
CHEMBL5877282,CNCC(Cc1ccccc1O)c1ccc2ccccc2c1,Ki,21.2,7.67,291.39,4.09,1
CHEMBL5798072,CNCC(Cc1cccnc1)c1ccc2ccccc2c1,Ki,13.6,7.87,276.38,3.78,1
CHEMBL5861141,CNCC(Cc1ccccc1)c1ccc2cccnc2c1,Ki,2.1,8.68,276.38,3.78,1
CHEMBL5939079,CNC[C@H](c1ccc2ccccc2c1)[C@H](N)c1ccccc1,Ki,6.1,8.21,290.41,3.84,1
CHEMBL1189841,NC[C@@H](c1ccc2ccccc2c1)[C@@H](O)c1ccccc1,Ki,4.6,8.34,277.37,3.62,1
CHEMBL4281744,C#CCOc1ccc(C(=O)c2ccc(C(=O)NCc3ccc4c(c3)CO[C@@]4(CCCN(C)C)c3ccc(F)cc3)cc2)cc1,Ki,0.16,9.8,590.7,6.11,1
CHEMBL202907,CN[C@H]1CC[C@@H](c2ccc(Cl)c(Cl)c2)c2cc(C(N)=O)c(NS(C)(=O)=O)cc21,IC50,24.0,7.62,442.37,3.65,1
CHEMBL380406,O=C(O)C(=O)O.O[C@@H](Cc1ccccc1)CN1CCC(CCOC(c2ccc(F)cc2)c2ccc(F)cc2)CC1,Ki,82.0,7.09,555.62,5.78,1
CHEMBL362716,O=C1O[C@]2(CC[C@@H](N3CCC(Cc4cc(F)ccc4Br)CC3)CC2)c2ccc3c(c21)OCCO3,IC50,77.0,7.11,530.43,5.62,1
CHEMBL4579120,CC(C)CCO[C@@H]1[C@H]2OC(C)(C)O[C@H]2[C@H]2Cn3cc(nn3)COCCCCCCN(CCc3ccc4ccccc4c3)CC[C@H]1O2,Ki,3400.0,5.47,634.86,6.18,0
CHEMBL5761302,CCNCC[C@@H](Oc1cccnc1OCC)c1ccccc1,Ki,579.0,6.24,300.4,3.6,1
CHEMBL5924323,CC(C)(C)NCC1(O)CCN(c2nc(Oc3cccc(F)c3)cc(C(F)(F)F)n2)CC1,IC50,11220.0,4.95,442.46,4.15,0
CHEMBL5818437,NCC1(O)CCN(c2cccc(Oc3ccccc3)c2F)CC1,IC50,1445.0,5.84,316.38,2.91,0
CHEMBL363320,O=C1O[C@]2(CC[C@@H](N3CCC(Cc4ccccc4Br)CC3)CC2)c2ccc3c(c21)OCCO3,IC50,73.0,7.14,512.44,5.48,1
CHEMBL360790,O=C1O[C@]2(CC[C@@H](N3CCC(Cc4cc(F)ccc4Br)CC3)CC2)c2ccc3c(c21)OCO3,IC50,82.0,7.09,516.41,5.58,1
CHEMBL6012991,Fc1cccc(Oc2cc(C3CC3)nc(N3CCC4(CC3)CNCCO4)n2)c1,IC50,3631.0,5.44,384.46,3.24,0
CHEMBL5819823,CNCc1cc(OCc2cc(Cl)ccc2F)n(CC2(OC)CCCCC2)n1,Ki,4.5,8.35,395.91,4.32,1
CHEMBL443762,Cc1nnc(-c2ccc(-c3ccc(C(=O)Nc4ccc(OS(C)(=O)=O)c(N5CCN(C)CC5)c4)cc3)c(C)c2)o1,IC50,3800.0,5.42,561.66,4.36,0
CHEMBL5618877,NC(=O)c1cc2cc(N3CCN(CCc4ccc5c(c4)NC(=O)CC5)CC3)ccc2o1,IC50,12.0,7.92,418.5,2.78,1
CHEMBL439337,CN[C@H]1CC[C@@H](c2ccc(Cl)c(Cl)c2)c2ccc(-n3ccnn3)cc21,IC50,5.0,8.3,373.29,4.76,1
CHEMBL2206531,COc1ccc2c(c1)CN(C)CC2c1ccc(F)c(F)c1,Ki,530.0,6.28,289.32,3.55,1
CHEMBL5995318,CN(C)C[C@H](c1ccc2ccccc2c1)[C@H](O)c1cccs1,Ki,21.4,7.67,311.45,4.28,1
CHEMBL4100951,O=S(=O)(NCCCN1CC=C(c2c[nH]c3ccc(Cl)cc23)CC1)c1ccc2ccccc2c1,Ki,3.8,8.42,480.03,5.43,1
CHEMBL4067700,Cc1[nH]c2ccc(Cl)cc2c1C1=CCN(CCNS(=O)(=O)c2ccc3ccccc3c2)CC1,Ki,12.0,7.92,480.03,5.35,1
CHEMBL5976328,CC(C)(C)N1CC(Oc2cc(Br)ccc2OCc2cccc(F)c2)C1,Ki,925.0,6.03,408.31,5.03,1
CHEMBL363510,COC(=O)C1=C(c2ccc(F)cc2)CC2CCC1S2,IC50,28000.0,4.55,278.35,3.42,0
CHEMBL540107,CCOc1ccccc1C[C@@H](c1ccccc1)N1CCNCC1.Cl,IC50,9.8,8.01,346.9,3.27,1
CHEMBL386223,N#Cc1cccc(CC(c2ccccc2)N2CCNCC2)c1,IC50,4.0,8.4,291.4,2.75,1
CHEMBL210027,FC(F)(F)c1ccccc1CC(c1ccccc1)N1CCNCC1,IC50,10.0,8.0,334.38,3.89,1
CHEMBL6032995,CNC[C@H](c1ccc2ccccc2c1)[C@@H](F)c1ccccc1,Ki,4.2,8.38,293.39,4.85,1
CHEMBL371726,CN1C2C=C(c3c[nH]c4ccccc34)CC1CC2,IC50,72.6,7.14,238.33,3.42,1
CHEMBL381045,CN1C2C=C(c3ccc4c(c3)Cc3ccccc3-4)CC1CC2,IC50,14.5,7.84,287.41,4.51,1
CHEMBL200473,CN1C2CCC1CC(O)(c1ccccc1-c1ccccc1)C2,IC50,2520.0,5.6,293.41,3.8,0
CHEMBL328195,COc1cc2c(cc1OC)C1=NO[C@@H](CN3CCN(C/C=C(\C)c4ccsc4)CC3)[C@@H]1CO2,Ki,4.8,8.32,469.61,3.6,1
CHEMBL4638599,O=c1n(CCCCN2CCN(c3cccc4sccc34)CC2)nc2ccccn12,IC50,536.9,6.27,407.54,3.31,1
CHEMBL3819249,COc1cccc(CN(C2CCOCC2)C2CCNC2)c1C,IC50,11.0,7.96,304.43,2.35,1
CHEMBL3818349,Fc1cccc(CN(C2CCOCC2)C2CCNC2)c1C(F)(F)F,IC50,24.0,7.62,346.37,3.19,1
CHEMBL5783658,CCCCn1nc(CNC)cc1OCc1cc(F)ccc1F,Ki,0.52,9.28,309.36,3.26,1
CHEMBL4075022,[O-][S+](Cc1cc(Br)cs1)C(c1ccccc1)c1ccccc1,IC50,70900.0,4.15,391.36,5.55,0
CHEMBL210978,NC(=O)c1ccc(F)c2c1C[C@H](N(CCCc1c[nH]c3ccc(F)cc13)CC1CC1)CO2,IC50,36.3,7.44,439.51,4.19,1
CHEMBL211393,CCN(CCCc1c[nH]c2ccc(F)cc12)[C@H]1COc2c(F)ccc(C(N)=O)c2C1,IC50,42.7,7.37,413.47,3.8,1
CHEMBL3681369,Cc1ccc(-n2c(C)nc(C(=O)NCCCN3CCN(c4cccc(C)c4C)CC3)c2C)cc1,IC50,5.95,8.22,459.64,4.36,1
CHEMBL199824,Cn1c(=O)cnn(CCCCN2CCN(c3cccc4ccc(O[11CH3])cc34)CC2)c1=O,Ki,6144.0,5.21,422.52,1.71,0
CHEMBL926,CC(CCc1ccc(O)cc1)NCCc1ccc(O)c(O)c1,IC50,1895.0,5.72,301.39,2.96,0
CHEMBL307956,c1ccc2c(c1)Cc1ccccc1C21CCNC1,Ki,3900.0,5.41,235.33,2.87,0
CHEMBL443797,CN(CCCc1ccccc1)C1CCN(CCOC(c2ccccc2)c2ccccc2)CC1,IC50,310.0,6.51,442.65,5.82,1
CHEMBL4752561,COc1cc(-c2cn([C@H]3CCc4ccccc4N(CC(F)(F)F)C3=O)nn2)ccc1-n1ccc(C)n1,Ki,380.19,6.42,496.49,4.53,1
CHEMBL401596,Cc1cc(Cl)ccc1Oc1ccncc1CN(C)C,IC50,3.0,8.52,276.77,3.9,1
CHEMBL255246,NC[C@@H]1C[C@@]1(C(=O)N1CCCc2ccccc21)c1ccsc1,IC50,420.0,6.38,312.44,2.94,1
CHEMBL402090,NC[C@@H]1C[C@@]1(C(=O)N1C=CCCC1)c1ccsc1,IC50,1800.0,5.75,262.38,2.1,0
CHEMBL257809,CCN(CC)C(=O)[C@@]1(c2ccc(Br)s2)C[C@H]1CN,IC50,350.0,6.46,331.28,2.6,1
CHEMBL5957173,CCC1(O)CCC(CN(C)C)(c2ccc(Cl)c(Cl)c2)CC1,IC50,20.0,7.7,330.3,4.51,1
CHEMBL6032895,Fc1ccc(OCc2ccc(C(F)(F)F)o2)c(OC2CNC2)c1,Ki,303.0,6.52,331.27,3.37,1
CHEMBL5880682,C[C@@H]1NC[C@H]1Oc1cc(Br)ccc1OCc1cccc(F)c1,Ki,68.0,7.17,366.23,3.91,1
CHEMBL5929090,CC(C)N1CC(Oc2cc(F)ccc2OCc2ccc(C(F)(F)F)o2)C1,Ki,20.0,7.7,373.35,4.49,1
CHEMBL5988777,CC1(Oc2cc(Br)ccc2OCc2cccc(C(F)(F)F)c2)CNC1,Ki,113.0,6.95,416.24,4.79,1
CHEMBL5752510,CNC[C@@H](c1ccc2ccccc2c1)[C@H](O)c1ccccc1F,Ki,9.9,8.0,309.38,4.02,1
CHEMBL5871010,CC1(Oc2cc(Br)ccc2OCc2cccc(Cl)c2)CNC1,Ki,41.0,7.39,382.69,4.42,1
CHEMBL5839575,CNC[C@@H](c1ccc(Br)c(Cl)c1)[C@@H](O)c1ccccc1,Ki,677.0,6.17,354.68,4.14,1
CHEMBL5829527,CNC[C@H](Cc1cccnc1)c1ccc(Cl)c(Cl)c1,Ki,642.0,6.19,295.21,3.93,1
CHEMBL5939279,Fc1ccc2c(c1)CCC2Oc1ccc(Br)cc1OC1CNC1,Ki,13.0,7.89,378.24,4.01,1
CHEMBL248917,CNCC1CC1c1cccc2cc(C#N)ccc12,IC50,17.0,7.77,236.32,3.03,1
CHEMBL5986310,Clc1ccc(OC2CCCc3ccccc32)c(OC2CNC2)c1,Ki,60.0,7.22,329.83,4.15,1
CHEMBL5919649,FC(F)(F)c1ccc(COc2ccc(Br)cc2OC2CNC2)o1,Ki,39.0,7.41,392.17,3.99,1
CHEMBL6057726,Fc1ccc(COc2ccc(Br)cc2OC2CNC2)cc1Cl,Ki,6.0,8.22,386.65,4.17,1
CHEMBL5929740,Clc1ccc(COc2ccc(Cl)cc2OC2CNC2)cc1,Ki,36.0,7.44,324.21,3.92,1
CHEMBL5929540,CNC[C@H](c1ccc2ccccc2c1)[C@H](OCC(=O)N1CC[C@@H](O)C1)c1ccccc1,Ki,7.5,8.12,418.54,3.49,1
CHEMBL6045107,CC(Oc1ccc(Br)cc1OC1CNC1)c1cccc(Cl)c1,Ki,118.0,6.93,382.69,4.59,1
CHEMBL5750064,Fc1cccc(CCOc2ccc(Cl)cc2OC2CNC2)c1,Ki,7.0,8.15,321.78,3.45,1
CHEMBL5740663,CN1CC[C@@H](Oc2cc(Cl)ccc2OCc2cccc(Cl)c2)C1,Ki,353.0,6.45,352.26,4.66,1
CHEMBL2333636,CC(C)=Cc1cc(C(F)(F)F)cc(COCC2(c3ccc(F)cc3)CCN(C)CC2)n1,IC50,12.0,7.92,436.49,5.84,1
CHEMBL2333629,CN1CCC(COCc2cc(C(F)(F)F)cc(N3CCC(C#N)CC3)n2)(c2ccc(F)cc2)CC1,IC50,2.4,8.62,490.55,5.16,1
CHEMBL2333612,CN1CCC(COCc2cc(C#N)cc(C3CC3)n2)(c2ccc(F)cc2)CC1,IC50,1.6,8.8,379.48,4.15,1
CHEMBL245307,CN(C)CCC(Oc1cccc(OCCCN2CCCCC2)c1)c1ccccc1,Ki,1480.0,5.83,396.58,5.01,0
CHEMBL246126,CN(C)CCC(Oc1ccc(C#N)cc1)c1ccc(OCCCN2CCCCC2)cc1,Ki,159.0,6.8,421.59,4.88,1
CHEMBL246125,CN(C)CCC(Oc1ccc([N+](=O)[O-])cc1)c1ccc(OCCCN2CCCCC2)cc1,Ki,8.7,8.06,441.57,4.92,1
CHEMBL245714,COc1ccc(OC(CCN(C)C)c2ccc(OCCCN3CCCCC3)cc2)cc1,Ki,60.0,7.22,426.6,5.02,1
CHEMBL394321,CSc1ccc(OC(CCN(C)C)c2ccc(OCCCN3CCCCC3)cc2)cc1,Ki,10.0,8.0,442.67,5.74,1
CHEMBL575132,CNC[C@@H](O)[C@H](c1cccc(F)c1)n1ccc2cccc(F)c21,IC50,175.0,6.76,316.35,3.09,1
CHEMBL574921,CNC[C@@H](O)[C@H](c1cccc(F)c1)n1ccc2c(C)cccc21,IC50,228.0,6.64,312.39,3.26,1
CHEMBL566958,CNC[C@@H](O)[C@H](c1cccc(F)c1)n1ccc2cc(Cl)ccc21,IC50,79.0,7.1,332.81,3.6,1
CHEMBL577825,CNC[C@@H](O)[C@H](c1cccc(C)c1)n1ccc2ccccc21,IC50,377.0,6.42,294.4,3.12,1
CHEMBL125017,COC(=O)C1C2CCC(C[C@@H]1OC(c1ccccc1)c1ccccc1)N2C,IC50,10100.0,5.0,365.47,3.82,0
CHEMBL1818448,Cc1csc(C[C@@]23CNCC[C@]2(c2ccc(Cl)c(Cl)c2)C3)n1,Ki,0.1,10.0,353.32,4.62,1
CHEMBL1818449,Cc1coc(C[C@@]23CNCC[C@]2(c2ccc(Cl)c(Cl)c2)C3)n1,Ki,1.995,8.7,337.25,4.15,1
CHEMBL1818468,Cc1cc(C)n(C[C@@]23CNCC[C@]2(c2ccc(Cl)c(Cl)c2)C3)c1,Ki,1.995,8.7,349.31,4.73,1
CHEMBL3818805,O=c1[nH]c2cc(Cl)ccc2n1C1CCN(CCCCc2c[nH]c3ccccc23)CC1,Ki,25.0,7.6,422.96,5.12,1
CHEMBL5653592,O=C(c1nnc(NC2CCCC2)c2cc(Cl)c(Cl)cc12)N1CCC(O)CC1,Ki,3900.0,5.41,409.32,3.89,0
CHEMBL3609749,COc1cc(-c2cn([C@H]3CCc4c(F)cccc4N(CC(F)(F)F)C3=O)nn2)ccc1-n1cnc(C)c1,IC50,13.0,7.89,514.48,4.67,1
CHEMBL5204071,COc1ccc(C2NCCc3c2[nH]c2ccc(F)cc32)c(O)c1,Ki,1841.0,5.74,312.34,3.26,0
CHEMBL422931,FC(F)(F)c1cc(COCC2(c3ccccc3)CCNCC2)cc(C(F)(F)F)c1,IC50,1.0,9.0,417.39,5.56,1
CHEMBL4636084,CCOC(=O)Cc1nn(CNC(=O)CCN2CCN(c3cccc(Cl)c3)CC2)c(=O)c2ccccc12,IC50,298.0,6.53,512.01,2.44,1
CHEMBL5171433,CC[C@H]1C[C@@H]2C[C@H]3c4c(c5cc(OC)ccc5n4C)CCN(C2)[C@@H]13,IC50,1500.0,5.82,324.47,3.95,0
CHEMBL5188930,CC[C@H]1C[C@@H]2C[C@H]3c4c(c5cc(C#N)ccc5n4C)CCN(C2)[C@@H]13,IC50,5.1,8.29,319.45,3.81,1
CHEMBL1818547,Clc1ccc([C@]23CCNCC2(Cn2cc4ccccc4n2)C3)cc1Cl,Ki,0.1995,9.7,372.3,4.66,1
CHEMBL4473574,[O-][S@+](Cc1cscn1)[C@H](c1ccccc1)c1ccc(Br)cc1,IC50,58650.0,4.23,392.34,4.94,0
CHEMBL1258650,O=C1NCc2cc(F)c(OCCCN3CCN(c4cccc5ccc(F)cc45)CC3)cc21,Ki,13.6,7.87,437.49,3.95,1
CHEMBL1257263,O=C1NCc2cc(Cl)c(OCCCN3CCN(c4cccc5ccccc45)CC3)cc21,Ki,67.7,7.17,435.95,4.33,1
CHEMBL1257970,Cc1cc2c(cc1OCCCN1CCN(c3cccc4cccc(F)c34)CC1)C(=O)NC2,Ki,174.0,6.76,433.53,4.12,1
CHEMBL1257494,Cc1c(OCCCN2CCN(c3cccc4ccccc34)CC2)ccc2c1C(=O)NC2,Ki,194.0,6.71,415.54,3.98,1
CHEMBL1258200,O=C1NCc2ccc(OCCCN3CCN(c4cccc5ccc(F)cc45)CC3)c(F)c21,Ki,1770.0,5.75,437.49,3.95,0
CHEMBL1083706,c1ccc(C(Cc2ccccc2OCC2CC2)N2CCNCC2)cc1,Ki,19.0,7.72,336.48,3.66,1
CHEMBL1086275,Fc1cccc(OC(F)F)c1CC(c1ccccc1)N1CCNCC1,Ki,19.0,7.72,350.38,3.62,1
CHEMBL103769,S=C(NCCCc1c[nH]cn1)NCCCN(Cc1ccc(Cl)c(Cl)c1)c1ccc(Br)cn1,Ki,208.79,6.68,556.36,5.37,1
CHEMBL2333605,FC(F)(F)c1cc(COCC2(c3ccccc3)CCNCC2)nc(C2CC2)c1,IC50,13.0,7.89,390.45,4.82,1
CHEMBL2333625,CN1CCC(COCc2cc(C(F)(F)F)cc(N3CCC4CC43)n2)(c2ccc(F)cc2)CC1,IC50,6.4,8.19,463.52,5.02,1
CHEMBL3216097,CCc1nc(C(=O)NCCN2CCN(c3cccc(Cl)c3Cl)CC2)c(C)n1-c1ccccc1.Cl.Cl.Cl.Cl,IC50,245.0,6.61,632.29,4.6,1
CHEMBL3216979,CCCn1c(C)nc(C(=O)NCCCN2CCN(c3cccc(Cl)c3Cl)CC2)c1C.Cl.Cl.Cl.Cl,IC50,18.0,7.75,598.27,4.16,1
CHEMBL3216303,Cc1nc(C(=O)NCCCN2CCN(c3cccc(Cl)c3Cl)CC2)c(C)n1C1CCCC1.Cl.Cl.Cl.Cl,IC50,35.0,7.46,624.31,4.86,1
CHEMBL402999,CCN(CCOC)C(=O)C1(c2ccccc2)CC1CN,IC50,1300.0,5.89,276.38,1.4,0
CHEMBL1079460,O=S1(=O)N(CCN2CC=C(c3c[nH]c4cc(F)ccc34)CC2)c2cccc3c2N1CCC3,Ki,2.3,8.64,452.56,3.91,1
CHEMBL272533,COc1cccc([C@@]2(OC)CCCC[C@@H]2CN(C)C)c1,IC50,927.0,6.03,277.41,3.29,1
CHEMBL399740,CN1C2CCC1[C@@H](COC(=O)CCCCCCC(=O)OC[C@@H]1C3CCC(C[C@@H]1c1ccc(Cl)c(Cl)c1)N3C)[C@@H](c1ccc(Cl)c(Cl)c1)C2,IC50,31.0,7.51,738.62,9.56,1
CHEMBL3799356,CN(C)CCCN1c2ccccc2CCc2ccc(CCCOCCCN3c4ccccc4CCc4ccccc43)cc21,Ki,330.0,6.48,573.83,8.15,1
CHEMBL2207496,CCCN1CCC(c2cccc3ccccc23)CC1,Ki,52.0,7.28,253.39,4.43,1
CHEMBL209707,c1ccc(CCC(c2ccccc2)N2CCNCC2)cc1,IC50,23.0,7.64,280.42,3.27,1
CHEMBL534942,Cl.Clc1ccccc1CC(c1ccccc1)N1CCNCC1,IC50,13.0,7.89,337.29,3.53,1
CHEMBL1684585,Nc1nc(CC(=O)Nc2ccc(C[C@@H]3CC[C@H]([C@H](O)c4ccccc4)N3)cc2)cs1,IC50,1400.0,5.85,422.55,3.3,0
CHEMBL1818453,Cc1cnn(C[C@@]23CNCC[C@]2(c2ccc(Cl)c(Cl)c2)C3)c1,Ki,0.7943,9.1,336.27,3.82,1
CHEMBL1818462,CC(C)(C)c1ccn(C[C@@]23CNCC[C@]2(c2ccc(Cl)c(Cl)c2)C3)n1,Ki,0.2512,9.6,378.35,4.81,1
CHEMBL1818463,Clc1ccc([C@]23CCNC[C@@]2(Cn2cccc2)C3)cc1Cl,Ki,0.3981,9.4,321.25,4.12,1
CHEMBL2347032,NCCCCc1c[nH]c2c(F)cccc12,Ki,8.0,8.1,206.26,2.59,1
CHEMBL2347030,NCCCc1c[nH]c2c(F)cccc12,Ki,24.0,7.62,192.24,2.2,1
CHEMBL205229,NCCc1c[nH]c2c(F)cccc12,Ki,29.0,7.54,178.21,1.81,1
CHEMBL5597217,CCOc1ccccc1N1CCN(CCCc2c[nH]c3ccc(F)cc23)CC1.Cl,IC50,0.85,9.07,417.96,4.46,1
CHEMBL2337604,Clc1ccc(O[C@@H](c2ccccc2)[C@H]2CCNC2)c(Cl)c1,IC50,3.162,8.5,322.24,4.72,1
CHEMBL2337588,COc1ccccc1O[C@H](c1ccccc1)[C@H]1CCNC1,IC50,158.49,6.8,283.37,3.42,1
CHEMBL2333610,CN1CCC(COCc2cc(C(F)(F)F)cc(C3CCCC3)n2)(c2ccc(F)cc2)CC1,IC50,6.8,8.17,450.52,6.08,1
CHEMBL2333607,CN1CCC(COCc2cc(C(F)(F)F)cc(C3CC3(C)C)n2)(c2ccc(F)cc2)CC1,IC50,16.0,7.8,450.52,5.93,1
CHEMBL1257385,O=C1NCc2cc(Cl)c(OCCCCN3CCN(c4cccc5cccc(F)c45)CC3)cc21,Ki,45.6,7.34,467.97,4.86,1
CHEMBL1257264,O=C1NCc2cc(Cl)c(OCCCCN3CCN(c4cccc5ccccc45)CC3)cc21,Ki,96.3,7.02,449.98,4.72,1
CHEMBL1258085,O=C1NCc2ccc(OCCCN3CCN(c4cccc5cccc(F)c45)CC3)c(F)c21,Ki,160.0,6.8,437.49,3.95,1
CHEMBL3753318,C=CCN(CC=C)CCc1c[nH]c2ccc(C)cc12,Ki,363.08,6.44,254.38,3.69,1
CHEMBL394157,C=Cc1ccc([C@@H]2C[C@H]3CC[C@@H](N3)[C@H]2C(=O)OC)cc1,Ki,9.04,8.04,271.36,2.73,1
CHEMBL234928,CN(C)C1CC=C(c2c[nH]c3ccc(Cl)cc23)CC1,IC50,19.0,7.72,274.8,4.32,1
CHEMBL396540,CN(C)C1CC=C(c2c[nH]c3ccc(Br)cc23)CC1,IC50,5.3,8.28,319.25,4.43,1
CHEMBL26655,CN1CC=C(c2c[nH]c3ccccc23)CC1,IC50,690.0,6.16,212.3,2.89,1
CHEMBL233210,C[C@H]1CN(c2cccc3cc(C#N)ccc23)CCN1CC[C@@H]1OCCc2cc(C(N)=O)ccc21,Ki,2.2,8.66,454.57,4.02,1
CHEMBL391272,C[C@H]1CN(c2ccc3cc(F)ccc3c2)CCN1CC[C@@H]1OCCc2cc(C(N)=O)ccc21,Ki,2.1,8.68,447.55,4.29,1
CHEMBL3586681,CN(CCC[C@@]1(c2ccc(F)cc2)OCc2cc(C#N)ccc21)CCc1ccc(N=[N+]=[N-])c(I)c1,Ki,227.0,6.64,581.43,6.97,1
CHEMBL4644352,O=c1n(CCCCN2CCN(c3cccc4sccc34)CC2)nc2c(F)cccn12,IC50,303.8,6.52,425.53,3.45,1
CHEMBL334577,OC1(c2ccc(Cl)cc2)c2ccc3ccccc3c2C2=NCCCN21,Ki,5.5,8.26,348.83,4.15,1
CHEMBL4781238,COc1ccc([C@@]23C=CC(=O)C[C@@H]2N(C)CC3)cc1OC,Ki,27.0,7.57,287.36,2.17,1
CHEMBL5790775,CC(C)C(N)C1(c2ccc(Cl)cc2)CCCCC1,IC50,2953.0,5.53,265.83,4.53,0
CHEMBL5925379,CCCCCCC(N)C1(c2ccc(Cl)c(Cl)c2)CCCCC1,IC50,740.0,6.13,342.35,6.49,1
CHEMBL5918704,CN(C)CC1(c2ccc(OC(F)(F)F)cc2)CCC(O)CC1,IC50,47.0,7.33,317.35,3.32,1
CHEMBL6019138,CNCc1cc(OCc2ccc(F)cc2)n(CC2(C(F)(F)F)CCCC2)n1,Ki,7.4,8.13,385.41,4.44,1
CHEMBL5830267,CNC(C)c1cc(OCc2cc(F)ccc2C)n(CCC(C)C)n1,Ki,5.1,8.29,333.45,4.24,1
CHEMBL1644473,Clc1ccc(O[C@@H]2C[C@H]3CC[C@@H](C2)N3)cc1,IC50,43.0,7.37,237.73,3.0,1
CHEMBL1644475,Clc1ccccc1O[C@@H]1C[C@H]2CC[C@@H](C1)N2,IC50,881.0,6.05,237.73,3.0,1
CHEMBL1644610,N#Cc1cc(O[C@@H]2C[C@H]3CC[C@@H](C2)N3)nc(-c2ccccc2C#N)c1,IC50,48.0,7.32,330.39,3.15,1
CHEMBL14613,COC(=O)C1C2CCC(CC1c1ccc(I)cc1)N2,Ki,0.36,9.44,371.22,2.69,1
CHEMBL5778457,CC(N)C1(c2ccc(-c3ccoc3)cc2)CCCCC1,IC50,24.0,7.62,269.39,4.5,1
CHEMBL3819153,O=c1[nH]c2cc(Cl)ccc2n1C1CCN(CCCCc2nc3ccccc3o2)CC1,Ki,386.0,6.41,424.93,4.78,1
CHEMBL1683888,CN(C)CC1(c2ccc(Cl)c(F)c2)CCCCC1,IC50,145.0,6.84,269.79,4.24,1
CHEMBL5926521,CCC(N)C1(c2ccc(Cl)cc2)CCCCC1,IC50,3892.0,5.41,251.8,4.28,0
CHEMBL5873304,CCNCC1(c2ccc(Cl)c(Cl)c2)CCCCC1CO,IC50,1100.0,5.96,316.27,4.02,0
CHEMBL5936237,CNCC1(c2ccc(Cl)c(Cl)c2)CCCC(OC)C1,IC50,1445.0,5.84,302.25,4.04,0
CHEMBL5751465,Clc1cccc(COc2ccc(Br)cc2OC2CCNCC2)c1,Ki,14.0,7.85,396.71,4.81,1
CHEMBL5993599,Cn1nnc2ccc(COc3ccc(Cl)cc3OC3CNC3)cc21,Ki,404.0,6.39,344.8,2.55,1
CHEMBL5935186,Clc1cnc(OCc2ccccc2)c(OC2CNC2)c1,Ki,53.0,7.28,290.75,2.66,1
CHEMBL5885108,CN1CO[C@H](c2ccccc2)[C@@H](c2ccc3ccccc3c2)C1,Ki,2.5,8.6,303.41,4.58,1
CHEMBL5905823,CNC[C@H](c1ccc2ccccc2c1)[C@@H](O)c1ccncc1Cl,Ki,3.6,8.44,326.83,3.92,1
CHEMBL5967207,CCCCCCCn1nc(CNC)cc1OCc1ccccc1,Ki,4.3,8.37,315.46,4.15,1
CHEMBL5779898,CNCc1cc(OCc2cc(F)ccc2F)n(CC(C)(C)C)n1,Ki,0.66,9.18,323.39,3.51,1
CHEMBL5842934,NCC1(c2ccc(F)c(Cl)c2)CCCCC1,IC50,949.0,6.02,241.74,3.64,1
CHEMBL5902735,CNC[C@H](c1ccc(Cl)c(Cl)c1)[C@@H](O)c1cccc(NC(C)=O)c1,Ki,367.0,6.43,367.28,3.99,1
CHEMBL5849289,CNC[C@H](c1ccc2ccccc2c1)[C@H](O)c1ccc(Cl)s1,Ki,5.9,8.23,331.87,4.59,1
CHEMBL6057078,c1ccc([C@@H]2OCCNC[C@H]2c2ccc3ccccc3c2)cc1,Ki,11.3,7.95,303.41,4.28,1
CHEMBL5973368,O=C(c1ccc2c(c1)OCO2)c1ccc(Br)cc1OC1CNC1,Ki,437.0,6.36,376.21,2.76,1
CHEMBL5837722,CNC[C@@H](c1ccc(Cl)c(Cl)c1)[C@H](O)c1cccc(NC(C)=O)c1,Ki,167.0,6.78,367.28,3.99,1
CHEMBL5957106,CNC[C@@H](c1ccc(Cl)c(Cl)c1)[C@@H](O)c1cccc(N(C)C)c1,Ki,754.0,6.12,353.29,4.1,1
CHEMBL5748389,CNC[C@@H](Cc1ccc(C)s1)c1ccc2ccccc2c1,Ki,12.2,7.91,295.45,4.76,1
CHEMBL6015976,CNC[C@H](c1ccc2ccccc2c1)[C@H](OCC(=O)NCC(F)(F)F)c1ccccc1,Ki,29.7,7.53,430.47,4.58,1
CHEMBL1113,Clc1ccc2c(c1)C(N1CCNCC1)=Nc1ccccc1O2,Ki,18.0,7.75,313.79,3.43,1
CHEMBL4064213,CN(C)CCCC1(c2ccc(F)cc2)OCc2cc3ccccc3cc21,IC50,8.0,8.1,349.45,5.09,1
CHEMBL4097442,CCCCN(C)CCC[C@@]1(c2ccc(F)cc2)OCc2cc(C#N)ccc21,IC50,160.0,6.8,366.48,4.98,1
CHEMBL5748983,CNCc1cc(NCc2ccccc2)n(CC2CCCCC2)n1,Ki,10.0,8.0,312.46,3.79,1
CHEMBL5431204,N#Cc1ccc2[nH]cc(CCCCN3CCN(c4ncc(-c5cccc(C(N)=O)c5)cn4)CC3)c2c1,IC50,0.35,9.46,479.59,3.74,1
CHEMBL6054933,CC1(O)CCC(CN)(c2ccc(Cl)c(Cl)c2)CC1,IC50,1187.0,5.93,288.22,3.51,0
CHEMBL5955708,CNCC1(c2ccc(OC)cc2)CCCCC1O,IC50,2688.0,5.57,249.35,2.09,0
CHEMBL5823028,CN(C)CC1(c2ccc(Cl)c(Cl)c2)CCC(O)CC1,IC50,674.0,6.17,302.25,3.73,1
CHEMBL6037014,CC(Oc1ccc(Cl)cc1OC1CN(Cc2ccccc2)C1)c1cccc(C(F)(F)F)c1,Ki,5000.0,5.3,461.91,6.76,0
CHEMBL5876298,CC1CCCCC1(CN(C)C)c1ccc(Cl)c(Cl)c1,IC50,55.0,7.26,300.27,5.0,1
CHEMBL5783232,NCC1(c2ccc(Cl)c(Cl)c2)CC=CCC1,IC50,1298.0,5.89,256.18,3.93,0
CHEMBL5742254,OC1Cc2ccccc2C1NCC1(c2ccc(Cl)c(Cl)c2)CCCCC1,IC50,2574.0,5.59,390.35,5.44,0
CHEMBL5934865,CNCC1(c2ccc(OC(F)(F)F)cc2)CCC(C)(O)CC1,IC50,707.0,6.15,317.35,3.37,1
CHEMBL5767453,CN(C)CC1(c2ccc(OC(F)(F)F)cc2)CCC(C)(O)CC1,IC50,159.0,6.8,331.38,3.71,1
CHEMBL5789125,NCC1(c2ccc(OC(F)(F)F)cc2)CCC(O)CC1,IC50,6150.0,5.21,289.3,2.72,0
CHEMBL6052138,CNCC1(c2ccc(F)c3ccccc23)CCCCC1,IC50,930.0,6.03,271.38,4.4,1
CHEMBL5991441,CNCc1cc(OCc2ccccc2)n(Cc2ccccc2)n1,Ki,4.9,8.31,307.4,3.23,1
CHEMBL4572132,COc1ccc2[nH]cc(C3CCN(CCN4C(=O)CC(c5c[nH]c6ccc(F)cc56)C4=O)CC3)c2c1,Ki,1313.0,5.88,488.56,4.52,0
CHEMBL5871634,NCC1(c2ccc(-c3cc(F)cc(F)c3)cc2)CCCCC1,IC50,62.0,7.21,301.38,4.79,1
CHEMBL5821335,CN(C)CC1(c2ccc3ccccc3c2)CCC(Cl)CC1,IC50,30.0,7.52,301.86,4.82,1
CHEMBL5908339,CCC(N(C)C)C1(c2ccc(Cl)c(Cl)c2)CCCCC1,IC50,5947.0,5.23,314.3,5.54,0
CHEMBL5817304,CN(C)CC1(c2ccc3ccccc3c2)CC=CCC1,IC50,42.0,7.38,265.4,4.38,1
CHEMBL6001084,CNC(C)C1(c2ccc(OC(F)(F)F)cc2)CCCCC1,IC50,58.0,7.24,301.35,4.4,1
CHEMBL536352,CCC(C)C(=O)[C@]12C(=O)[C@](CC=C(C)C)(C[C@H](CC=C(C)C)[C@@]1(C)CCC=C(C)C)C(=O)C(CC=C(C)C)=C2O,IC50,2000.0,5.7,550.82,9.38,0
CHEMBL3673142,Clc1ccc(C23CCN(CC2)Cc2cc(-c4cncnc4)ccc23)cc1,IC50,7.3,8.14,361.88,4.69,1
CHEMBL3673146,Clc1ccc(C23CCN(CC2)Cc2cc(-c4cnc5ccccc5n4)ccc23)cc1,IC50,5.2,8.28,411.94,5.85,1
CHEMBL3942269,COc1ccc(Br)c(CC2CCN(CCc3cc4c(cc3Cl)OCCO4)CC2)c1,Ki,12.4,7.91,480.83,5.38,1
CHEMBL3894524,COc1ccc(Cl)c(CC2CCN(CCc3ccccc3)CC2)c1,Ki,102.0,6.99,343.9,4.85,1
CHEMBL5941444,O[C@]1(CNC2CC2)CCN(c2nc(Oc3cccc(F)c3)cc(C(F)(F)F)n2)C1,IC50,34674.0,4.46,412.39,3.12,0
CHEMBL2012100,COC(=O)[C@@H]1C2CCC(C[C@H]1c1ccc(-c3ccco3)cc1)O2,IC50,32.0,7.5,312.37,3.77,1
CHEMBL2012112,COC(=O)[C@H]1C2CCC(C[C@@H]1c1cc3ccccc3s1)O2,IC50,79.0,7.1,302.39,3.73,1
CHEMBL5086036,N#Cc1ccc2[nH]cc(CCCN3CCN(c4ccc(C(=O)CCC5CCN(Cc6ccsc6)CC5)cc4)CC3)c2c1,IC50,41.15,7.39,579.81,6.73,1
CHEMBL5598106,COc1ccccc1N1CCN(CCCc2c[nH]c3ccc(F)cc23)CC1.Cl,IC50,0.85,9.07,403.93,4.07,1
CHEMBL5843212,N#Cc1c(C(F)(F)F)cc(Oc2cccc(F)c2)nc1N1CCC2(CC1)CNCCO2,IC50,4467.0,5.35,436.41,3.86,0
CHEMBL5803924,CNCC1(c2ccc(F)cc2)CCCCC1,IC50,839.0,6.08,221.32,3.25,1
CHEMBL5979416,CNCC1(c2ccc(Cl)c(Cl)c2)CCC(=O)CC1,IC50,469.0,6.33,286.2,3.59,1
CHEMBL5822097,CC(C)CC(N)C1(c2ccc(Cl)cc2)CCCCC1,IC50,2095.0,5.68,279.86,4.92,0
CHEMBL5774675,CCCC1(O)CCC(CN(C)C)(c2ccc(Cl)c(Cl)c2)CC1,IC50,46.0,7.34,344.33,4.9,1
CHEMBL6006747,COc1ccc(COc2ccc(Br)cc2OC2CNC2)cc1Cl,Ki,6.0,8.22,398.68,4.04,1
CHEMBL5938849,CNC[C@H](c1ccc(Cl)c(Cl)c1)[C@H](O)c1cccc(S(C)(=O)=O)c1,Ki,2736.0,5.56,388.32,3.43,0
CHEMBL5838051,CNC[C@@H](c1ccc(Cl)c(Cl)c1)[C@@H](O)c1ccccc1,Ki,661.0,6.18,310.22,4.03,1
CHEMBL2407321,CS(=O)(=O)CC(c1ccc(Cl)c(Cl)c1)C1CCNCC1.Cl,IC50,340.0,6.47,372.75,3.12,1
CHEMBL2407330,COCC(c1ccc(Cl)cc1)C1CCNCC1.Cl,IC50,120.0,6.92,290.23,3.07,1
CHEMBL5912493,OC1(CN2CCCC2)CCN(c2nc(Oc3cccc(F)c3)cc(C(F)(F)F)n2)CC1,IC50,16982.0,4.77,440.44,3.85,0
CHEMBL5796076,CNC[C@@H](c1ccc2ccccc2c1)[C@@H](O)c1ccc2c(c1)OCCO2,Ki,9.4,8.03,349.43,3.65,1
CHEMBL5895615,Fc1cccc(Oc2cc(C(F)(F)F)nc(N3CC4(CNCCO4)C3)n2)c1,IC50,100000.0,4.0,384.33,2.61,0
CHEMBL5848404,CNCC1(c2ccc3ccccc3c2)CCC(O)CC1,IC50,742.0,6.13,269.39,3.23,1
CHEMBL5750731,COC1CCCC(CN(C)C)(c2ccc(Cl)c(Cl)c2)C1,IC50,261.0,6.58,316.27,4.38,1
CHEMBL6028035,CNCC1(c2ccc(Cl)c(Cl)c2)CCCC1,IC50,829.0,6.08,258.19,4.02,1
CHEMBL6035326,NCC1(c2cccc(Cl)c2)CCCCC1,IC50,4560.0,5.34,223.75,3.5,0
CHEMBL5865204,NCC1(c2ccc(Cl)cc2)CCCCC1,IC50,5240.0,5.28,223.75,3.5,0
CHEMBL4761826,Cl.O=C(NC[C@@H]1CNCCO[C@H]1c1ccc(Cl)c(F)c1)c1ccccc1,IC50,25.0,7.6,399.29,3.19,1
CHEMBL1644474,Clc1cccc(O[C@@H]2C[C@H]3CC[C@@H](C2)N3)c1,IC50,135.0,6.87,237.73,3.0,1
CHEMBL5847100,Clc1cccc(COc2cc(Br)ccc2OC2CNC2)c1,Ki,28.0,7.55,368.66,4.03,1
CHEMBL4088715,[O-][S+](Cc1ccsc1Br)C(c1ccccc1)c1ccccc1,IC50,59600.0,4.22,391.36,5.55,0
CHEMBL3216742,Cc1c(Cl)cccc1N1CCN(CCCNC(=O)c2nc(C)n(-c3ccc(F)cc3)c2C)CC1.Cl.Cl.Cl,IC50,39.0,7.41,593.4,4.53,1
CHEMBL3216095,Cc1c(C(=O)NCC(O)CN2CCN(c3cccc(Cl)c3Cl)CC2)nc(-c2ccccc2)n1-c1ccccc1.Cl.Cl.Cl.Cl,IC50,71.1,7.15,710.36,5.07,1
CHEMBL1644601,Brc1cc(O[C@@H]2C[C@H]3CC[C@@H](C2)N3)cc(-c2ccccc2)c1,IC50,2610.0,5.58,358.28,4.78,0
CHEMBL3216504,CCCc1nc(C(=O)NCC(O)CN2CCN(c3cccc(Cl)c3C)CC2)c(C)n1-c1ccc2c(c1)OCCO2.Cl.Cl.Cl,IC50,20.0,7.7,677.5,3.78,1
CHEMBL3216960,Cc1c(Cl)cccc1N1CCN(C[C@@H](O)CNC(=O)c2nc(-c3ccccc3)n(-c3ccc(F)cc3)c2C)CC1.Cl.Cl.Cl,IC50,232.0,6.63,671.47,4.86,1
CHEMBL5188606,CCCCc1nc(C2CCN(CCCCc3c[nH]c4ccc(C#N)cc34)CC2)cn1-c1ccc(Oc2ccc(Cl)cc2)cc1,IC50,65.58,7.18,606.21,9.22,1
CHEMBL5183093,CC(C)c1sc(C2CCN(CCCCc3c[nH]c4ccc(C#N)cc34)CC2)nc1-c1ccc(Oc2ccc(Cl)cc2)cc1,IC50,8.23,8.09,609.24,9.93,1
CHEMBL5191418,CCc1nc(C2CCN(CCCCc3c[nH]c4ccc(C#N)cc34)CC2)cn1-c1ccc(Oc2ccc(Cl)cc2)cc1,IC50,4.4,8.36,578.16,8.44,1
CHEMBL5175011,N#Cc1ccc2[nH]cc(CCCCN3CCC(c4cn(-c5ccc(Oc6ccc(Cl)cc6)cc5)c(C5CCC5)n4)CC3)c2c1,IC50,7.47,8.13,604.2,9.14,1
CHEMBL5269984,CCN(C)C(=O)Oc1ccc(C(CCOc2ccc([N+](=O)[O-])cc2)NC)cc1,IC50,42.0,7.38,387.44,3.77,1
CHEMBL1670,Clc1ccc(C(c2ccccc2Cl)C(Cl)Cl)cc1,IC50,3015.0,5.52,320.05,5.93,0
CHEMBL2112075,CC(C)(Cc1ccc2ccccc2c1)NC[C@@H](O)COc1cccc(Cl)c1C#N.Cl,IC50,2.0,8.7,445.39,4.72,1
CHEMBL515988,COc1ccc([C@H]2C[C@H]3CC[C@H]([C@H]2C(=O)OC(C)C)N3C)cc1.Cl,Ki,135.0,6.87,353.89,3.21,1
CHEMBL459333,COc1ccc([C@H]2C[C@H]3CC[C@H]([C@H]2C(=O)OCCc2cc(I)c(N)c(I)c2)N3C)cc1.Cl,Ki,1.0,9.0,682.77,4.84,1
CHEMBL549490,N#Cc1ccc2[nH]cc([C@H]3CCC[C@@H]3CN3CCCC3)c2c1,IC50,22.0,7.66,293.41,4.02,1
CHEMBL557914,CN(Cc1ccccc1)C[C@H]1CCC[C@@H]1c1c[nH]c2ccc(C#N)cc12,IC50,85.0,7.07,343.47,5.06,1
CHEMBL3593396,Cl.OC[C@H]1CNCCO[C@@H]1c1ccc(Cl)c(Cl)c1,IC50,36.0,7.44,312.62,2.26,1
CHEMBL5988891,Fc1cccc(Oc2ccnc(N3CCC4(CC3)CNCCO4)n2)c1,IC50,20417.0,4.69,344.39,2.37,0
CHEMBL5897736,Cc1cc(Oc2ccccc2)nc(N2CCC3(CC2)CNCCO3)n1,IC50,38019.0,4.42,340.43,2.54,0
CHEMBL3681354,CCc1c(C(=O)NCCCN2CCN(c3cccc(C)c3C)CC2)nc(-c2ccc(Cl)cc2Cl)n1-c1ccc(Br)cc1,IC50,298.0,6.53,669.49,7.73,1
CHEMBL3681361,COc1cc(OC)cc(-n2c(C)nc(C(=O)NCCN3CCN(c4cccc(C)c4C)CC3)c2C)c1,IC50,164.0,6.79,491.64,3.68,1
CHEMBL1852374,Cc1cccc(N2CCN(C[C@@H](O)CNC(=O)c3nc(C)n(-c4ccccc4)c3C)CC2)c1C,IC50,5.08,8.29,461.61,3.02,1
CHEMBL5900146,FC(F)(F)c1ccc(COc2ccc(Cl)cc2OC2CCNCC2)o1,Ki,48.0,7.32,375.77,4.66,1
CHEMBL5966097,C[C@@H](Oc1ccc(Br)cc1OC1CNC1)c1cccc(C(F)(F)F)c1,Ki,58.0,7.24,416.24,4.96,1
CHEMBL5911310,FC(F)(F)c1cc(COc2ccc(Cl)cc2OC2CNC2)ccc1Cl,Ki,40.0,7.4,392.2,4.94,1
CHEMBL3919892,CN1CC[C@]23CCCC[C@@H]2[C@H]1Cc1ccc(O)cc13,Ki,401.0,6.4,257.38,3.08,1
CHEMBL5093316,CN1CC[C@@]23CCCC[C@@H]2[C@@H]1Cc1ccc(OC(F)F)cc13,Ki,186.0,6.73,307.38,3.98,1
CHEMBL1852359,Cc1cccc(N2CCN(CCCNC(=O)c3nc(C)n(-c4ccccc4Cl)c3C)CC2)c1C,IC50,17.0,7.77,480.06,4.7,1
CHEMBL3819434,Cl.OC1(c2ccc(Cl)cc2)CC2CCC(C1)N2CCCCc1nc2ccccc2s1,Ki,180.0,6.75,463.47,5.79,1
CHEMBL2338053,Fc1cc(F)c(F)c(O[C@H](c2ccccc2)[C@@H]2CCNC2)c1F,IC50,5.012,8.3,325.3,3.97,1
CHEMBL2347170,NCCSCCc1c[nH]c2c(F)cccc12,Ki,24.0,7.62,238.33,2.54,1
CHEMBL4228034,COCCOc1cc(CC2CCN(CCc3cc4c(cc3Cl)OCCO4)CC2)ccc1Br,Ki,5.47,8.26,524.88,5.4,1
CHEMBL559137,c1ccc(N(c2ccc3[nH]ccc3c2)C2CCNCC2)cc1,Ki,1000.0,6.0,291.4,4.06,1
CHEMBL476320,CCOC(=O)N(Cc1ccccc1Oc1ccccc1)[C@H]1CCNC1,Ki,444.0,6.35,340.42,3.8,1
CHEMBL457415,COC(=O)[C@H]1[C@@H](c2ccc(OC)c(I)c2)C[C@H]2CC[C@H]1N2C.Cl,Ki,3.5,8.46,451.73,3.04,1
CHEMBL3323181,CN1Cc2cc(N3CCOCC3)ccc2[C@@H](c2ccc3sccc3c2)C1,IC50,3.0,8.52,364.51,4.32,1
CHEMBL5799219,CNCc1cc(OCc2ccccc2)n(C(C)C2CCCCC2)n1,Ki,0.96,9.02,327.47,4.32,1
CHEMBL5930462,CNCc1cc(OCc2ccccc2F)n(C(C)C2CCCCC2)n1,Ki,0.67,9.17,345.46,4.46,1
CHEMBL5821858,CNCc1cc(OCc2cccc(C)c2)n(C(C)C2CCCCC2)n1,Ki,1.4,8.85,341.5,4.63,1
CHEMBL4746800,CN(C)CCN1C(=O)c2ccccc2/C=C\c2ccccc21,Ki,4600.0,5.34,292.38,3.38,0
CHEMBL5766918,CC(Oc1ccc(Cl)cc1OC1CNC1)c1nc2ccccc2s1,Ki,1355.0,5.87,360.87,4.44,0
CHEMBL5768286,FCC(Oc1ccc(Br)cc1OC1CNC1)c1ccccc1,Ki,613.0,6.21,366.23,3.89,1
CHEMBL2204360,Cc1ccc(Sc2ccccc2N2CCNCC2)c(C)c1.Cl,IC50,5.4,8.27,334.92,3.86,1
CHEMBL5788619,CNC[C@H](c1ccc(Cl)c(Cl)c1)[C@H](O)c1cccc(N)c1,Ki,71.4,7.15,325.24,3.61,1
CHEMBL5832603,CNCC(c1ccc2ccccc2c1)[C@H](CO)c1ccccc1,Ki,22.7,7.64,305.42,3.92,1
CHEMBL5859912,CC(Oc1ccc(Cl)cc1OC1CNC1)c1ccc(C(F)(F)F)o1,Ki,59.0,7.23,361.75,4.44,1
CHEMBL147503,COc1ccc(NC(=O)c2ccc(-c3ccc(C(=N)N)cc3C)cc2)cc1N1CCN(C)CC1,IC50,407.0,6.39,457.58,3.96,1
CHEMBL5741448,CNCc1cc(OCc2cc(Cl)ccc2F)n(CCC2(O)CCCC2)n1,Ki,0.6,9.22,381.88,3.67,1
CHEMBL2347855,CN1CCC[C@@](COCc2cc(C(F)(F)F)cc(C(F)(F)F)c2)(c2ccccc2)CC1,IC50,150.0,6.82,445.45,6.29,1
CHEMBL4853473,CNCCC(Oc1ccc(Br)c(F)c1)c1ccccc1,Ki,19.0,7.72,338.22,4.32,1
CHEMBL1813488,Clc1ccc(C[C@]23CCCC[C@H]2CNC3)cc1Cl,IC50,660.69,6.18,284.23,4.32,1
CHEMBL5861611,CNCc1cc(OCc2cc(F)ccc2F)n(CC2CCCC2)n1,Ki,0.71,9.15,335.4,3.65,1
CHEMBL3613150,O=C(NCCN1CCC(Cc2ccccc2)CC1)c1ccc(-c2ccccc2)cc1,IC50,986.0,6.01,398.55,5.04,1
CHEMBL3703730,FC(F)(F)c1ccc(-c2ccc3c(c2)CNCC3c2ccc(Cl)c(Cl)c2)nn1,IC50,10.0,8.0,424.25,5.7,1
CHEMBL3703737,CS(=O)(=O)c1cccc(-c2cc3c(cc2F)C(c2ccc(Cl)c(Cl)c2)CNC3)c1,IC50,83.6,7.08,450.36,5.44,1
CHEMBL575133,CNC[C@@H](O)[C@H](c1cccc(F)c1)n1ccc2c(Br)cccc21,IC50,207.0,6.68,377.26,3.71,1
CHEMBL582894,CNC[C@@H](O)[C@H](c1cccc(OC)c1)n1ccc2ccccc21,IC50,882.0,6.05,310.4,2.82,1
CHEMBL566957,CNC[C@@H](O)[C@H](c1ccc(C)cc1)n1ccc2ccccc21,IC50,398.0,6.4,294.4,3.12,1
CHEMBL578841,CNC[C@@H](O)[C@H](c1ccccc1C)n1ccc2ccccc21,IC50,266.0,6.58,294.4,3.12,1
CHEMBL1204413,CNCCCC1Cc2cc(F)ccc2N(c2ccccc2)S1(=O)=O.Cl,IC50,240.0,6.62,384.9,3.22,1
CHEMBL1096001,CNCCCC1Cc2cc(F)ccc2N(c2ccccc2F)S1(=O)=O,IC50,720.0,6.14,366.43,3.36,1
CHEMBL2347696,FC(F)(F)c1cc(COCC2(c3ccccc3)CCCNCCC2)cc(C(F)(F)F)c1,IC50,51.0,7.29,445.45,6.34,1
CHEMBL1085321,COc1ccccc1CC(c1cccc(F)c1)N1CCNCC1,Ki,8.0,8.1,314.4,3.02,1
CHEMBL592939,O=C1NCCc2cc(F)c3c(c21)CC(N(CCCc1c[nH]c2ccc(F)cc12)CC1CC1)CO3,Ki,112.0,6.95,465.54,4.38,1
CHEMBL592951,CC(C)N(CCCc1c[nH]c2ccc(F)cc12)C1COc2ccc3c(c2C1)C(=O)NCC3,Ki,8.0,8.1,435.54,4.24,1
CHEMBL5990698,C[C@H]1[C@H](Oc2cc(Br)ccc2OCc2cccc(F)c2)CN1Cc1ccccc1,Ki,5000.0,5.3,456.36,5.82,0
CHEMBL5867930,NCC(c1ccc2ccccc2c1)[C@@H](O)c1ccccc1,Ki,178.0,6.75,277.37,3.62,1
CHEMBL539470,CN(C)C[C@H]1CCC[C@H]1c1c[nH]c2ccc(C#N)cc12,IC50,130.0,6.89,267.38,3.48,1
CHEMBL6004053,C[C@](CN)(Cc1cccnc1)c1ccc2ccccc2c1,Ki,0.3,9.52,276.38,3.69,1
CHEMBL1080969,CCC(CC)N(C(=O)c1cccc(Cl)c1Cl)[C@H]1CCNC1,Ki,20.0,7.7,329.27,3.99,1
CHEMBL5982093,CNC[C@H](c1ccc2ccccc2c1)[C@H](OCc1nc(C(=O)OC)co1)c1ccccc1,Ki,3.3,8.48,430.5,4.88,1
CHEMBL1172525,CCCCC1CNCCN1c1ccc2[nH]ncc2c1,Ki,3.981,8.4,258.37,2.53,1
CHEMBL5837554,COc1cccc(Oc2cc(C)nc(N3CCC4(CC3)CNCCO4)n2)c1,IC50,21380.0,4.67,370.45,2.54,0
CHEMBL2012078,COC(=O)C1=C(c2ccc(-c3ccco3)cc2)CC2CCC1O2,IC50,248.0,6.61,310.35,3.82,1
CHEMBL2037432,OC1(c2ccc(Cl)cc2)CCN(CCCCc2nc3ccccc3s2)CC1,Ki,922.0,6.04,400.98,5.26,1
CHEMBL2037522,c1ccc2c(c1)CCN(CCCCc1nc3ccccc3s1)C2,Ki,1325.0,5.88,322.48,4.68,0
CHEMBL2037531,O=C(CCCCN1CCC(c2ccccc2)CC1)c1nc2ccccc2s1,Ki,64.0,7.19,378.54,5.53,1
CHEMBL5748183,CNCc1cc(OCc2ccccc2F)n(CCC(C)C)n1,Ki,3.4,8.47,305.4,3.37,1
CHEMBL5988504,CNCc1cc(OCc2cc(Cl)ccc2F)n(CCC(C)OC)n1,Ki,11.0,7.96,355.84,3.4,1
CHEMBL1813477,c1ccc2cc([C@@]34CCC[C@@H]3CNC4)ccc2c1,IC50,120.23,6.92,237.35,3.48,1
CHEMBL5265846,CCN(C)C(=O)Oc1ccc2c(c1)C=CC(C)N(C)C2CCOc1ccc([N+](=O)[O-])cc1,IC50,6.0,8.22,439.51,4.9,1
CHEMBL3317700,CC1NCCCN(c2ccc(Cl)c(Cl)c2)C1=O.Cl,IC50,530.0,6.28,309.62,2.71,1
CHEMBL3317698,CC1CCN(c2ccc(Cl)c(Cl)c2)C(=O)CN1.Cl,IC50,4300.0,5.37,309.62,2.71,0
CHEMBL5915068,CNC[C@H](c1ccc(Cl)c(Cl)c1)[C@H](O)c1ccccc1,Ki,11.7,7.93,310.22,4.03,1
CHEMBL3763594,O=C(Cn1cccnc1=O)Nc1ccc(C[C@@H]2CC[C@H]([C@H](O)c3ccccc3)N2)cc1,IC50,2500.0,5.6,418.5,2.28,0
CHEMBL3763998,C[C@@H](C(=O)Nc1ccc(C[C@@H]2CC[C@H]([C@H](O)c3cccnc3)N2)cc1)n1ncccc1=O,IC50,800.0,6.1,433.51,2.23,1
CHEMBL3215618,CCCc1nc(C(=O)NCCCN2CCN(c3cccc(C)c3C)CC2)c(C)n1-c1ccc(F)cc1.Cl.Cl,IC50,6.6,8.18,564.58,4.83,1
CHEMBL3216737,Cc1cccc(N2CCN(CCCNC(=O)c3nc(-c4ccccc4)n(-c4ccc(F)cc4)c3C)CC2)c1C.Cl.Cl,IC50,153.2,6.82,598.59,5.55,1
CHEMBL41140,O=[N+]([O-])c1ccc2nc(N3CCNCC3)ccc2c1,Ki,0.17,9.77,258.28,1.55,1
CHEMBL467094,COc1cc2c3c(c1OC)-c1cc4c(cc1CC3N(C)CC2)OCO4,Ki,244.0,6.61,339.39,3.18,1
CHEMBL1080712,Cc1cccc(N2CCN(CCCCNC(=O)c3cc(-c4ccccc4)[nH]c3C)CC2)c1C,IC50,21.0,7.68,444.62,4.94,1
CHEMBL1080555,CCCn1c(-c2ccccc2)cc(C(=O)NCCCCN2CCN(c3cccc(C)c3C)CC2)c1C,IC50,76.0,7.12,486.7,5.82,1
CHEMBL421027,C1=C(c2c[nH]c3ccccc23)CCN(CCOc2cccc3[nH]ccc23)C1,Ki,41.2,7.38,357.46,4.82,1
CHEMBL567479,CC(C)(C)NC(CCC1CCCCC1)C(=O)c1cccc(Cl)c1,Ki,6200.0,5.21,335.92,5.64,0
CHEMBL598228,CCC(C)OC[C@]1(c2ccc(Cl)c(Cl)c2)[C@@H]2CNC[C@@H]21,Ki,0.2512,9.6,314.26,3.9,1
CHEMBL2021583,CCOC[C@@]1(c2ccc(Cl)c(Cl)c2)[C@@H]2CCC[C@@H]21,Ki,2511.89,5.6,285.21,4.7,0
CHEMBL4452474,COCc1ccc(-c2ccc(N(C[C@@H](N)[C@@H](C)OC)C(=O)[C@@H]3C[C@H]3c3ccccn3)cc2)cc1.Cl.Cl,IC50,25100.0,4.6,532.51,4.39,0
CHEMBL3589752,Cc1c(Oc2c(F)cccc2F)c(OC(C)C)nn1-c1ncc(C2CC2)cc1F,Ki,10000.0,5.0,403.4,5.45,0
CHEMBL4081987,Cc1cccc(S(=O)(=O)NCCCN2CC=C(c3c(C)[nH]c4ccc(Cl)cc34)CC2)c1,Ki,40.0,7.4,458.03,4.9,1
CHEMBL4092243,O=S(=O)(NCCCN1CC=C(c2c[nH]c3ccc(F)cc23)CC1)c1ccc2ccccc2c1,Ki,2.6,8.59,463.58,4.92,1
CHEMBL4074195,O=S(=O)(NCCCCN1CC=C(c2c[nH]c3ccc(Cl)cc23)CC1)c1ccc2ccccc2c1,Ki,5.2,8.28,494.06,5.82,1
CHEMBL4079972,Cc1[nH]c2ccc(Cl)cc2c1C1=CCN(CCCCNS(=O)(=O)c2ccc3ccccc3c2)CC1,Ki,25.0,7.6,508.09,6.13,1
CHEMBL4075144,O=S(=O)(NCCCN1CC=C(c2c[nH]c3ccc(Cl)cc23)CC1)c1cccc(F)c1,Ki,1.1,8.96,447.96,4.42,1
CHEMBL4077937,O=S(=O)(NCCCN1CC=C(c2c[nH]c3ccc(Cl)cc23)CC1)c1ccc(F)cc1,Ki,4.1,8.39,447.96,4.42,1
CHEMBL1204009,CCOC(=O)CCc1ccc(OC[C@H](O)CNC(C)(C)Cc2ccc3ccccc3c2)c(C#N)c1.Cl,IC50,78.0,7.11,511.06,4.56,1
CHEMBL1080069,CCCN(C(=O)c1cccc(Cl)c1Cl)[C@H]1CCNC1,Ki,16.0,7.8,301.22,3.21,1
CHEMBL4225251,C[C@]1(O)CC[C@](CN)(c2ccc(Cl)c(Cl)c2)CC1,IC50,1187.0,5.93,288.22,3.51,0
CHEMBL4227736,Cc1ccc(C(=O)Oc2ccc(C(CN(C)C)C3(O)CCCCC3)cc2)cc1,IC50,723.0,6.14,381.52,4.55,1
CHEMBL4227511,Clc1ccc([C@]23CNCC2C3)cc1Cl,IC50,12.0,7.92,228.12,2.85,1
CHEMBL598562,Clc1ccc(Oc2ncccc2C2CCNCC2)c(Cl)c1,Ki,2.7,8.57,323.22,4.65,1
CHEMBL3703750,O=c1ccc(-c2cc3c(cc2F)C(c2ccc(Cl)c(Cl)c2)CNC3)n[nH]1,IC50,39.0,7.41,390.25,4.12,1
CHEMBL498564,CN(CCc1ccc(OC(F)(F)F)cc1)CCN1CCCCC1,Ki,9465.0,5.02,330.39,3.55,0
CHEMBL5183581,N#Cc1ccc2[nH]cc(CCCCN3CCC(c4cn(-c5ccc(Oc6ccc(Cl)cc6)cc5)c(C5CCCCC5)n4)CC3)c2c1,IC50,14.17,7.85,632.25,9.92,1
CHEMBL5180472,CCc1sc(C2CCN(CCCCc3c[nH]c4ccc(C#N)cc34)CC2)nc1-c1ccc(Oc2ccc(Cl)cc2)cc1,IC50,4.6,8.34,595.21,9.37,1
CHEMBL105204,Fc1ccc2c(C3=CCN(CCOc4cccc5c4OCCO5)CC3)c[nH]c2c1,Ki,19.8,7.7,394.45,4.25,1
CHEMBL4645260,CCOC(=O)Cc1nn(CNC(=O)CN2CCN(c3cccc(C)c3C)CC2)c(=O)c2ccccc12,IC50,392.0,6.41,491.59,2.01,1
CHEMBL4637884,CCOC(=O)Cc1nn(CNC(=O)CCCN2CCN(c3ccc(C)c(C)c3)CC2)c(=O)c2ccccc12,IC50,31.0,7.51,519.65,2.8,1
CHEMBL430840,O=C1CN2C3CC[C@@H]2C[C@H](c2ccc(F)cc2)C13,IC50,251.0,6.6,245.3,2.34,1
CHEMBL321067,Cc1ccc([C@H]2C[C@H]3CCC4C2[C@@](O)(c2ccccc2)CN43)cc1,IC50,7.9,8.1,319.45,3.83,1
CHEMBL4237635,O=C(NCCCN1CCN(c2cccc(Cl)c2Cl)CC1)c1cc2ccccc2s1,IC50,400.0,6.4,448.42,5.15,1
CHEMBL4247932,O=C(NCCCN1CCN(c2ccc(Cl)cc2Cl)CC1)c1ccc2ccccc2n1,IC50,6850.0,5.16,443.38,4.48,0
CHEMBL4243712,O=C(NCCCN1CCN(c2ccc(Cl)cc2)CC1)c1ccc2ccccc2n1,IC50,1320.0,5.88,408.93,3.83,0
CHEMBL4795221,O=C(CN1CCN(C(=O)c2ccc(Br)cc2)CC1)N1CCN(CCCc2c[nH]c3ccc(F)cc23)CC1,IC50,9200.0,5.04,570.51,3.6,0
CHEMBL4798858,O=C(CN1CCN(C(=O)c2cccc(F)c2)CC1)N1CCN(CCCc2c[nH]c3ccc(F)cc23)CC1,IC50,69000.0,4.16,509.6,2.98,0
CHEMBL3323109,CN1Cc2ccccc2C(c2ccc3ncccc3c2)C1,IC50,6.9,8.16,274.37,3.81,1
CHEMBL3331479,Cc1ccc(N(Cc2ccc3ccccc3c2)C2CNC2)cc1,IC50,23.0,7.64,302.42,4.13,1
CHEMBL2332388,CN(CCCN1c2ccccc2CCc2ccccc21)CCOCCN(C)CCCN1c2ccccc2CCc2ccccc21,IC50,6000.0,5.22,602.87,7.52,0
CHEMBL3233142,CN1CCN2c3c(cccc31)[C@@H]1CN(CCCC(=O)c3ccc(F)cc3)CC[C@@H]12.Cc1ccc(S(=O)(=O)O)cc1,Ki,72.0,7.14,565.71,3.92,1
CHEMBL566173,CCNC[C@H](O)[C@H](c1ccccc1)n1ccc2ccccc21,IC50,298.0,6.53,294.4,3.2,1
CHEMBL567467,CNC[C@H](O)[C@H](c1ccccc1)n1ccc2cc(Cl)ccc21,IC50,10.0,8.0,314.82,3.46,1
CHEMBL566816,CNC[C@@H](O)[C@@H](c1ccccc1)n1ccc2ccccc21,IC50,161.0,6.79,280.37,2.81,1
CHEMBL3819494,c1ccc2c(c1)CCN(CCCCc1c[nH]c3ccccc13)C2,Ki,113.0,6.95,304.44,4.55,1
CHEMBL1852617,Cc1cccc(N2CCN(CCCNC(=O)c3nc(C(C)C)n(-c4ccccc4)c3C)CC2)c1C,IC50,16.0,7.8,473.67,4.86,1
CHEMBL1852505,COc1ccc(-n2c(C)nc(C(=O)NCCCN3CCN(c4cccc(Cl)c4C)CC3)c2C)cc1,IC50,12.4,7.91,496.06,4.4,1
CHEMBL1852552,Cc1c(Cl)cccc1N1CCN(CCCNC(=O)c2nc(C)n(-c3ccccc3F)c2C)CC1,IC50,6.17,8.21,484.02,4.53,1
CHEMBL3754166,C=CCN(CC=C)CCc1c[nH]c2ccc(Br)cc12,Ki,125.89,6.9,319.25,4.15,1
CHEMBL3754496,C=CCN(CC=C)CCc1c[nH]c2ccc(F)cc12,Ki,36.31,7.44,258.34,3.52,1
CHEMBL3663909,Cc1ccc(C2CN(C)Cc3ccccc32)o1,Ki,7530.0,5.12,227.31,3.17,0
CHEMBL5801143,Brc1ccc(OCCc2ccccc2)c(OC2CNC2)c1,Ki,60.0,7.22,348.24,3.42,1
CHEMBL551443,CCc1cccc(OC(c2cccnc2)C2CCNCC2)c1,IC50,7.0,8.15,296.41,3.76,1
CHEMBL560049,Clc1cc(Cl)c(Cl)c(OC(c2cccnc2)C2CCNCC2)c1,IC50,10.0,8.0,371.69,5.16,1
CHEMBL3310486,Fc1ccc(OC(CC2CNC2)c2ccc(Cl)c(F)c2)cc1,IC50,58.1,7.24,323.77,4.35,1
CHEMBL410015,NC[C@@H]1C[C@@]1(C(=O)N1CCc2sccc2C1)c1ccc2c(c1)OCO2,IC50,14.0,7.85,356.45,2.28,1
CHEMBL498680,CNC[C@@H]1SCc2ccccc2[C@@H]1Oc1ccccc1Cl,IC50,2700.0,5.57,319.86,4.29,0
CHEMBL505902,Cc1ccccc1O[C@H]1c2ccccc2C[C@H]1CN(C)C,IC50,6500.0,5.19,281.4,3.85,0
CHEMBL4850522,COCCCC/C(=N\OCCN)c1ccc(I)cc1,Ki,15.0,7.82,376.24,2.79,1
CHEMBL4878448,COCCCC/C(=N\OCCN)c1ccc(Cl)c(F)c1,Ki,62.0,7.21,302.78,2.98,1
CHEMBL4861851,c1ccc(OC2CC3CCC(C2)N3)cc1,IC50,5655.0,5.25,203.29,2.35,0
CHEMBL4848081,Brc1ccc([C@@H]2CCNC[C@H]2COc2ccc3c(c2)OCO3)cc1,Ki,1.07,8.97,390.28,3.95,1
CHEMBL1087872,CS(=O)(=O)Nc1cc(OCCN2CCC(Oc3ccc4c(c3)NC(=O)CC4)CC2)ccc1F,Ki,30.0,7.52,477.56,3.0,1
CHEMBL4293307,COc1ccc(N(CCCCN2CCC(O)(c3ccc(Cl)c(C(F)(F)F)c3)CC2)c2ccc(OC)cc2)cc1,Ki,1314.0,5.88,563.06,7.28,0
CHEMBL4291048,OC1(c2ccc(Cl)c(C(F)(F)F)c2)CCN(CCCN(c2ccc(F)cc2)c2ccc(F)cc2)CC1,Ki,903.0,6.04,524.96,7.15,1
CHEMBL5953823,CNC[C@H](c1ccc2ccccc2c1)[C@H](OCC(=O)NCCOC)c1ccccc1,Ki,2.6,8.59,406.53,3.66,1
CHEMBL3920217,Oc1ccccc1CCCNCc1ccccc1O,Ki,11000.0,4.96,257.33,2.82,0
CHEMBL4282796,Fc1ccc(N2CCN(CCCCOc3ccc4ccccc4c3)CC2)cc1,IC50,3150.0,5.5,378.49,4.96,0
CHEMBL4283917,c1ccc(CC2CCN(CCCOc3ccc4ccccc4c3)CC2)cc1,IC50,990.0,6.0,359.51,5.56,1
CHEMBL4073400,Fc1ccc(C(OCCN2CCC(Cc3ccccc3)CC2)c2ccc(F)cc2)cc1,IC50,1670.0,5.78,421.53,6.03,0
CHEMBL5922049,CNCc1cc(OCc2ccccc2)n(CC2CCCCC2)n1,Ki,1.1,8.96,313.45,3.76,1
CHEMBL6030252,CN(Cc1cc(OCc2cc(F)ccc2F)n(CC2CCCC2)n1)C(=O)OC(C)(C)C,Ki,0.24,9.62,435.52,5.3,1
CHEMBL5869979,CNCc1cc(OCc2cc(Cl)ccc2F)n(CC2CC3CCC2C3)n1,Ki,2.0,8.7,377.89,4.41,1
CHEMBL5888896,CCC(CC)Cn1nc(CNC)cc1OCc1cc(Cl)ccc1F,Ki,1.1,8.96,353.87,4.41,1
CHEMBL5917315,CNC(C)c1cc(OCc2cc(F)ccc2F)n(CCC2CCCC2)n1,Ki,11.0,7.96,363.45,4.6,1
CHEMBL5866343,c1ccc(Cc2cccc(N3CCC4(CC3)CNCCO4)c2)cc1,IC50,1862.0,5.73,322.45,3.24,0
CHEMBL5949912,Cc1c(C#N)cc(N2CCC3(CC2)CNCCO3)cc1Oc1cccc(F)c1,IC50,3.55,8.45,381.45,3.76,1
CHEMBL3673149,O=c1ccccn1-c1ccc2c(c1)CN1CCC2(c2ccc(Cl)cc2)CC1,IC50,7.3,8.14,376.89,4.39,1
CHEMBL3963788,Cc1nnc2sc(C(=O)NCc3ccc(S(=O)(=O)C(F)F)cc3)c(N)c2c1C,IC50,600.0,6.22,426.47,2.82,1
CHEMBL2219901,COC(c1ccc(Cl)cc1)C1CNC1,IC50,42.9,7.37,211.69,2.25,1
CHEMBL5170676,N#Cc1ccc2[nH]cc(CCCCN3CCC(c4cn(-c5ccc(Oc6ccc(Cl)cc6)cc5)c(C5CCCC5)n4)CC3)c2c1,IC50,13.83,7.86,618.22,9.53,1
CHEMBL5978682,CNCC(Cc1cccs1)c1ccc2ccccc2c1,Ki,3.3,8.48,281.42,4.45,1
CHEMBL5886852,CNC[C@H](c1ccc2ccccc2c1)[C@H](OCC(=O)NC)c1ccccc1,Ki,1.9,8.72,362.47,3.65,1
CHEMBL5851134,CCNC(=O)CO[C@H](c1ccccc1)[C@H](CNC)c1ccc2ccccc2c1,Ki,0.8,9.1,376.5,4.04,1
CHEMBL5984831,CNC[C@H](c1ccc2ccccc2c1)[C@H](OC)c1ccccc1,Ki,24.2,7.62,305.42,4.53,1
CHEMBL5945999,Fc1cccc(Oc2cc(F)c(F)cc2N2CCC3(CCNCC34OCCO4)C2)c1,IC50,72.4,7.14,420.43,3.83,1
CHEMBL1087817,O=C1CCc2ccc(CC3C4CCC3CN(C[C@@H]3COc5c(ccc6c5CC(=O)N6)O3)C4)cc2N1,Ki,1.5,8.82,473.57,3.41,1
CHEMBL1087745,CS(=O)(=O)Nc1cccc(OCCN2CCC(Oc3ccc4c(c3)NC(=O)CC4)CC2)c1,Ki,22.0,7.66,459.57,2.87,1
CHEMBL1088560,CS(=O)(=O)Nc1cccc(OCCN2CCC(Cc3ccc4c(c3)NC(=O)CC4)CC2)c1,Ki,19.0,7.72,457.6,3.28,1
CHEMBL1087455,O=C1CCc2ccc(CC3CCN(C[C@@H]4COc5c(ccc6c5CC(=O)N6)O4)CC3)cc2N1,Ki,1.9,8.72,447.54,3.16,1
CHEMBL567289,c1cnc(N(Cc2ccc3ccccc3c2)C2CCNCC2)nc1,IC50,10.0,8.0,318.42,3.39,1
CHEMBL578346,O=C(c1ccc2ccccc2c1)N(C1CCC1)C1CCNCC1,IC50,10.0,8.0,308.43,3.59,1
CHEMBL600890,N#Cc1ccc2[nH]cc(CCC3CCCCN3Cc3ccccc3)c2c1,IC50,7.0,8.15,343.47,5.03,1
CHEMBL597031,COc1ccc2[nH]cc(CCC3c4ccccc4CCN3C)c2c1,IC50,120.0,6.92,320.44,4.34,1
CHEMBL5078669,CCC(=O)N(c1ccc(Cl)c(Cl)c1)C1CCN(C(=O)[C@H](Cc2ccc(Cl)cc2)NC(=O)CNC(=O)[C@@H](C)NC(=O)[C@@H](N)Cc2c(C)cc(O)cc2C)CC1,Ki,2300.0,5.64,802.2,4.62,0
CHEMBL5806193,COc1cc(Cc2ccccc2)nc(N2CCC3(CC2)CNCCO3)n1,IC50,12882.0,4.89,354.45,2.03,0
CHEMBL3323106,CN1Cc2ccccc2C(c2ccc3ncsc3c2)C1,IC50,32.0,7.5,280.4,3.87,1
CHEMBL3323184,CN1Cc2cc(N3CCOCC3)ccc2C(c2cc3ccccc3s2)C1,IC50,4.4,8.36,364.51,4.32,1
CHEMBL5864606,CCNCC1(c2ccc(Cl)c(Cl)c2)CCCCC1C,IC50,3220.0,5.49,300.27,5.05,0
CHEMBL5952143,CCC1(O)CCC(CNC)(c2ccc(Cl)c(Cl)c2)CC1,IC50,296.0,6.53,316.27,4.17,1
CHEMBL5760028,NCC1(c2ccc(Cl)c(Cl)c2)CCC1,IC50,1290.0,5.89,230.14,3.37,0
CHEMBL5979154,Clc1ccc(C2(C3CCCN3)CCCCC2)cc1Cl,IC50,73.0,7.14,298.26,4.95,1
CHEMBL5897492,CNC[C@@]1(c2ccc3ccccc3c2)CCCC[C@H]1O,IC50,708.0,6.15,269.39,3.23,1
CHEMBL5900832,CNC[C@]1(c2ccc3ccccc3c2)CCCC[C@@H]1O,IC50,28.0,7.55,269.39,3.23,1
CHEMBL5863385,FC(F)(F)c1cccc(COc2ccc(Br)cc2OC2CNC2)c1,Ki,4.0,8.4,402.21,4.4,1
CHEMBL5895797,CNCc1cc(OCc2cc(F)ccc2F)n(Cc2ccc(C)cc2)n1,Ki,2.3,8.64,357.4,3.82,1
CHEMBL5842492,Clc1ccc(OCc2ccc3ncsc3c2)c(OC2CNC2)c1,Ki,61.0,7.21,346.84,3.88,1
CHEMBL5952400,CC(Oc1ccc(Cl)cc1OC1CNC1)c1cccc(C(F)(F)F)c1,Ki,193.0,6.71,371.79,4.85,1
CHEMBL5903228,CC(Oc1ccc(Br)cc1OC1CNC1)c1cccc(C(F)(F)F)c1,Ki,138.0,6.86,416.24,4.96,1
CHEMBL5802462,CC(Oc1ccc(Cl)cc1OC1CNC1)c1cccc(F)c1,Ki,202.0,6.7,321.78,3.97,1
CHEMBL5921214,CC(Oc1ccc(Cl)cc1OC1CCNCC1)c1cccc(Cl)c1,Ki,98.0,7.01,366.29,5.26,1
CHEMBL5985875,Fc1ccc2c(c1)C(Oc1ccc(Cl)cc1OC1CNC1)CC2,Ki,13.0,7.89,333.79,3.9,1
CHEMBL570593,CC(C)(Cc1ccc2ccccc2c1)NC[C@@H](O)COc1ccc(CCC(=O)O)cc1C#N,IC50,23.0,7.64,446.55,4.08,1
CHEMBL575854,CCSc1ccc([C@H]2CC3CCC([C@H]2C(=O)OC)N3C)cc1,Ki,4.5,8.35,319.47,3.54,1
CHEMBL6055278,CNC[C@H](c1ccc(Cl)c(Cl)c1)[C@H](O)c1cccc(I)c1,Ki,45.2,7.34,436.12,4.63,1
CHEMBL5752529,CNC[C@@H](c1ccc(Cl)c(Cl)c1)[C@@H](O)c1cccc(OC)n1,Ki,140.0,6.85,341.24,3.43,1
CHEMBL6063379,CNC[C@H](c1ccc(Cl)c(Cl)c1)[C@H](O)c1ccccc1I,Ki,78.1,7.11,436.12,4.63,1
CHEMBL5854009,CNCC(Cc1ccc(C)s1)c1ccc2ccccc2c1,Ki,6.4,8.19,295.45,4.76,1
CHEMBL5904410,Fc1cccc(Oc2cccc(N3CCC4(CC3)CNCCO4)c2F)c1,IC50,1023.0,5.99,360.4,3.72,0
CHEMBL5967874,Fc1cccc(Oc2cc(F)cc(N3CCC4(CC3)CNCCO4)c2F)c1,IC50,331.0,6.48,378.39,3.86,1
CHEMBL5076277,O=C(CCC1CCN(Cc2ccccc2)CC1)c1ccc(N2CCN(CCCCc3c[nH]c4ccccc34)CC2)cc1,IC50,284.55,6.55,562.8,7.19,1
CHEMBL5089999,N#Cc1ccc2[nH]cc(CCCN3CCN(C4=CC5CC(CC6CCN(Cc7ccccc7)CC6)C(=O)C5C=C4)CC3)c2c1,IC50,18.36,7.74,587.81,6.17,1
CHEMBL5086121,N#Cc1ccc2[nH]cc(CN3CCN(c4ccc(C(=O)CCC5CCN(Cc6ccsc6)CC5)cc4)CC3)c2c1,IC50,75.24,7.12,551.76,6.3,1
CHEMBL3673166,Clc1ccc(C23CCN(CC2)Cc2cc(Oc4cnccn4)ccc23)cc1Cl,IC50,4.7,8.33,412.32,5.47,1
CHEMBL6010465,FC1(F)Oc2ccc(COc3ccc(Cl)cc3OC3CNC3)cc2O1,Ki,121.0,6.92,369.75,3.59,1
CHEMBL5895723,Clc1ccc(OCc2ccccn2)c(OC2CNC2)c1,Ki,86.0,7.07,290.75,2.66,1
CHEMBL4228158,COCCOc1cc(CC2CCN(CCc3ccc4c(c3)C(=O)CCO4)CC2)ccc1Cl,IC50,16.4,7.79,458.0,4.83,1
CHEMBL4248596,COc1ccccc1N1CCN(CCCNC(=O)c2ccc(-c3ccccc3)cc2)CC1,IC50,4460.0,5.35,429.56,4.3,0
CHEMBL4802044,CC(=O)Nc1nc(CN2CCC[C@H](Cc3cc(C)nc(C)c3)C2)cs1,Ki,2570.4,5.59,358.51,3.57,0
CHEMBL3673179,CCS(=O)(=O)N1CCN(c2ccc3c(c2)CN2CCC3(c3ccc(Cl)cc3)CC2)CC1,IC50,10.0,8.0,460.04,3.71,1
CHEMBL3673170,Fc1cc(C23CCN(CC2)Cc2cc(Oc4ccc(C(F)(F)F)nn4)ccc23)ccc1Cl,IC50,7.2,8.14,463.86,5.98,1
CHEMBL3673176,Fc1ccc(C23CCN(Cc4cc(-c5ccc6ncnn6c5)ccc42)C3)cc1Cl,IC50,2.2,8.66,404.88,4.69,1
CHEMBL3593401,CC(=O)NCC[C@@H]1CNCCO[C@H]1c1ccc(Cl)c(Cl)c1.Cl,IC50,200.0,6.7,367.7,2.8,1
CHEMBL3593405,CC(=O)NC[C@@H]1CNCCO[C@H]1c1ccc(C)c(Cl)c1.Cl,IC50,680.0,6.17,333.26,2.06,1
CHEMBL5899530,FC(F)(F)c1ccc(OCc2ccc(C(F)(F)F)o2)c(OC2CNC2)c1,Ki,128.0,6.89,381.27,4.25,1
CHEMBL5863570,CNC[C@@H](c1ccc(Cl)c(Cl)c1)[C@@H](O)c1cccc([S+](C)[O-])c1,Ki,1692.0,5.77,372.32,3.77,0
CHEMBL5773043,CNC[C@@H](c1ccc(Cl)c(Cl)c1)[C@@H](O)c1cccc(N)c1,Ki,1784.0,5.75,325.24,3.61,0
CHEMBL4104150,[O-][S+](Cc1ccc(Cl)s1)C(c1ccccc1)c1ccccc1,IC50,57200.0,4.24,346.9,5.44,0
CHEMBL6011637,CNC[C@H](c1ccc2ccccc2c1)[C@H](OC)c1ccc2c(c1)OCO2,Ki,15.7,7.8,349.43,4.26,1
CHEMBL5929164,CN(C)CC1(c2ccc3ccccc3c2)CCC(C)(O)CC1,IC50,7.0,8.15,297.44,3.96,1
CHEMBL3233427,O=C(CCCN1CC[C@H]2[C@@H](C1)c1cccc3c1N2CCC3)c1ccc(F)cc1,Ki,98.0,7.01,378.49,4.41,1
CHEMBL5820077,CC1(O)CCCC(CN)(c2ccc(Cl)c(Cl)c2)C1,IC50,416.0,6.38,288.22,3.51,1
CHEMBL5831750,CNCC1(c2ccc(Cl)cc2Cl)CCCCC1,IC50,1618.0,5.79,272.22,4.41,0
CHEMBL4641854,CCOC(=O)Cc1nn(CNC(=O)CCN2CCN(c3ccc([N+](=O)[O-])cc3)CC2)c(=O)c2ccccc12,IC50,1880.0,5.73,522.56,1.7,0
CHEMBL4636089,CCOC(=O)Cc1nn(CNC(=O)CCN2CCN(c3ccc(OC)cc3)CC2)c(=O)c2ccccc12,IC50,1840.0,5.74,507.59,1.8,0
CHEMBL4638674,CCOC(=O)Cc1nn(CNC(=O)CCN2CCN(c3ccc(C)cc3)CC2)c(=O)c2ccccc12,IC50,856.0,6.07,491.59,2.1,1
CHEMBL2321990,OCC[C@@]1(c2ccc(Cl)c(Cl)c2)CCCCNC1,Ki,230.0,6.64,288.22,3.39,1
CHEMBL2326693,OCCN1CC=CC[C@H](c2ccc(Cl)c(Cl)c2)C1,Ki,150.0,6.82,286.2,3.33,1
CHEMBL2326684,Cc1cc(C2CC=CCN(C)C2)ccc1Cl,Ki,270.0,6.57,235.76,3.62,1
CHEMBL6047262,CNCC1(c2ccc3c(c2)OCO3)CCCCC1,IC50,3540.0,5.45,247.34,2.84,0
CHEMBL6033654,CNC[C@H](c1ccc2ccccc2c1)[C@H](O)c1ccccc1F,Ki,2.4,8.62,309.38,4.02,1
CHEMBL5924087,CCCNC(=O)CO[C@H](c1ccccc1)[C@H](CNC)c1ccc2ccccc2c1,Ki,1.1,8.96,390.53,4.43,1
CHEMBL5975800,CCOC(=O)CO[C@H](c1ccccc1)[C@H](CNC)c1ccc2ccccc2c1,Ki,3.7,8.43,377.48,4.46,1
CHEMBL5994505,FC(F)(F)Oc1cccc(COc2ccc(Br)cc2OC2CNC2)c1,Ki,23.0,7.64,418.21,4.28,1
CHEMBL5974050,Brc1ccc(OCc2ccccc2)c(OC2CNC2)c1,Ki,48.0,7.32,334.21,3.38,1
CHEMBL5772271,Clc1ccc(OCc2csc(-c3cccs3)n2)c(OC2CNC2)c1,Ki,683.0,6.17,378.91,4.45,1
CHEMBL5089012,CCC(=O)N(c1ccc(Cl)c(Cl)c1)C1CCN(C(=O)[C@H](Cc2ccc(F)cc2)NC(=O)CNC(=O)[C@H]2Cc3ccccc3CN2C(=O)[C@@H](N)Cc2cc(C)c(O)c(C)c2)CC1,Ki,880.0,6.06,873.85,5.56,1
CHEMBL4864622,CNCCC(Oc1ccc(Cl)cc1)c1ccccc1,Ki,55.0,7.26,275.78,4.07,1
CHEMBL4848304,COCCCC/C(=N\OCCN)c1ccc(Cl)cc1,Ki,61.0,7.21,284.79,2.84,1
CHEMBL4853132,COCCCC/C(=N\OCCN)c1ccc(Br)cc1,Ki,23.0,7.64,329.24,2.95,1
CHEMBL3704758,CCOc1ccc(C2(C[C@H](C)CCNCCCC(N)=O)CCC2)cc1,Ki,328.9,6.48,346.52,3.78,1
CHEMBL3703735,O=c1ccccn1-c1ccc2c(c1)CNCC2c1ccc(Cl)c(Cl)c1,IC50,6.9,8.16,371.27,4.38,1
CHEMBL5987269,CNC[C@@H](Cc1cccnc1)c1ccc(Cl)c(Cl)c1,Ki,35.6,7.45,295.21,3.93,1
CHEMBL4847426,Clc1ccc(OC2CC3CCC(C2)N3)cc1,IC50,43.0,7.37,237.73,3.0,1
CHEMBL3673145,Cc1nnc2ccc(-c3ccc4c(c3)CN3CCC4(c4ccc(Cl)cc4)CC3)cn12,IC50,12.1,7.92,414.94,5.25,1
CHEMBL3673150,Cc1nnc(-c2ccc3c(c2)CN2CCC3(c3ccc(Cl)cc3)CC2)s1,IC50,6.4,8.19,381.93,5.06,1
CHEMBL3673154,FC(F)(F)c1ccc(Oc2ccc3c(c2)CN2CCC3(c3ccc(Cl)cc3)CC2)nn1,IC50,4.3,8.37,445.87,5.84,1
CHEMBL3673175,Fc1ccc(C23CCN(CC2)Cc2cc(-c4ccc5ncnn5c4)ccc23)cc1Cl,IC50,4.4,8.36,418.9,5.08,1
CHEMBL5800266,CNC[C@H](c1ccc(Cl)c(Cl)c1)[C@@H](O)c1cccc(Br)c1,Ki,616.0,6.21,389.12,4.79,1
CHEMBL5891033,CC1(Oc2cc(Br)ccc2OCc2ccc(C(F)(F)F)o2)CNC1,Ki,36.0,7.44,406.2,4.38,1
CHEMBL4227642,COCCOc1cc(CC2CCN(CCc3ccc4c(c3)S(=O)(=O)CCO4)CC2)ccc1Br,Ki,2.59,8.59,538.5,4.14,1
CHEMBL4286186,Clc1ccc(N2CCN(CCCCOc3ccc4ccccc4c3)CC2)c(Cl)c1,IC50,4320.0,5.37,429.39,6.13,0
CHEMBL4791288,CC(=O)NC[C@@H]1CNCCO[C@H]1c1ccc(Cl)c(Cl)c1.Cl,IC50,150.0,6.82,353.68,2.41,1
CHEMBL4753874,COCC(=O)NC[C@@H]1CNCCO[C@H]1c1ccc(Cl)c(Cl)c1.Cl,IC50,70.0,7.16,383.7,2.03,1
CHEMBL5938378,Cc1ccc2c(c1)C(Oc1ccc(Cl)cc1OC1CNC1)CC2,Ki,67.0,7.17,329.83,4.07,1
CHEMBL5869418,Clc1cccc(CCOc2ccc(Cl)cc2OC2CNC2)c1,Ki,29.0,7.54,338.23,3.97,1
CHEMBL5758456,Clc1ccc(OCCc2ccccc2)c(OC2CNC2)c1,Ki,53.0,7.28,303.79,3.31,1
CHEMBL5995984,FC(COc1ccc(Cl)cc1OC1CNC1)c1ccccc1,Ki,340.0,6.47,321.78,3.78,1
CHEMBL4163428,CN1CCN(c2ccc3c(c2)CN(C(=O)OCc2ccccc2)C3)CC1,Ki,1376.0,5.86,351.45,3.09,0
CHEMBL5837273,Fc1cccc(Oc2cc(F)c(F)cc2N2CCC3(CCCNC3)C2)c1,IC50,468.0,6.33,362.4,4.48,1
CHEMBL5822059,Fc1cccc(Oc2cc(F)c(F)cc2N2CCC3(CCNCC3)C2)c1,IC50,490.0,6.31,362.4,4.48,1
CHEMBL5919814,Cc1cc(Oc2cccc(C#N)c2)nc(N2CCC3(CC2)CNCCO3)n1,IC50,776.0,6.11,365.44,2.41,1
CHEMBL5994178,Cc1cc(Oc2cccc(OC(F)(F)F)c2)nc(N2CCC3(CC2)CNCCO3)n1,IC50,5370.0,5.27,424.42,3.43,0
CHEMBL2219958,Clc1ccc(C(OCc2ccccc2)C2CNC2)cc1Cl,IC50,7.81,8.11,322.24,4.47,1
CHEMBL3936578,O=C(OC(c1ccc(Cl)cc1)C1CNC1)c1ccccc1,IC50,357.0,6.45,301.77,3.46,1
CHEMBL6011572,NCC1(c2ccc(F)c3ccccc23)CCCCC1,IC50,753.0,6.12,257.35,4.14,1
CHEMBL5845924,CN(C)CC1(c2ccc(F)c3ccccc23)CCCCC1,IC50,29.0,7.54,285.41,4.74,1
CHEMBL6036089,OC1CCCCC1NCC1(c2ccc(Cl)c(Cl)c2)CCCCC1,IC50,7903.0,5.1,356.34,5.09,0
CHEMBL6018266,NCC1(c2ccc3ccccc3c2)CCC(F)(F)CC1,IC50,61.0,7.21,275.34,4.25,1
CHEMBL5770578,CN(C)CC1(c2ccc3ccccc3c2)CCC(F)(F)CC1,IC50,11.0,7.96,303.4,4.85,1
CHEMBL5821057,CNCC1(c2ccc(Cl)c(Cl)c2)CCCCC1C,IC50,533.0,6.27,286.25,4.66,1
CHEMBL4474014,Fc1ccc2c(c1)CC(CCN1CCCN(c3ccccn3)CC1)C2,Ki,64.0,7.19,339.46,3.54,1
CHEMBL4746695,Fc1ccc(CCCCN2C3CCC2CN(c2ccc(Cl)cn2)C3)cc1,Ki,158.4,6.8,373.9,4.55,1
CHEMBL4762416,Fc1ccc(CCCCN2CCN(c3ccncc3)CC2)cc1.O=C(O)C(=O)O,Ki,8709.64,5.06,403.45,3.37,0
CHEMBL6064252,Clc1ccc(OCCOc2ccccc2)c(OC2CNC2)c1,Ki,234.0,6.63,319.79,3.15,1
CHEMBL5747902,Fc1ccc(COc2ccc(Cl)cc2OC2CNC2)cc1C(F)(F)F,Ki,21.0,7.68,375.75,4.43,1
CHEMBL4167315,COc1cccc(-c2ccc3c(c2)CN(Cc2ccccc2)C3)c1,Ki,2477.0,5.61,315.42,4.88,0
CHEMBL4434876,Fc1ccc(C2CCN(CCCc3c[nH]c4ccc(F)cc34)CC2)c(-c2ccccc2)c1,IC50,251.1,6.6,430.54,6.93,1
CHEMBL3593400,CC(=O)NC[C@@H]1CNCCO[C@H]1c1ccc(Cl)c(Cl)c1.O=C(O)/C=C/C(=O)O,IC50,150.0,6.82,433.29,2.41,1
CHEMBL3593397,Cl.NC(=O)[C@@H]1CNCCO[C@H]1c1ccc(Cl)c(Cl)c1,IC50,780.0,6.11,325.62,1.76,1
CHEMBL3593395,Cl.OC[C@@H]1CNCCO[C@H]1c1ccc(Cl)c(Cl)c1,IC50,97.0,7.01,312.62,2.26,1
CHEMBL3673143,Clc1ccc(C23CCN(CC2)Cc2cc(-c4cnccn4)ccc23)cc1,IC50,5.3,8.28,361.88,4.69,1
CHEMBL4647642,O=C([C@H]1C[C@H](O)CN1c1ccc(Cl)cc1)N1CC2COCC(C1)N2Cc1ccc(Cl)cc1,Ki,1460.83,5.83,476.4,3.04,0
CHEMBL3940791,CCC(NC(CC(C)C)C1(c2ccc(Cl)cc2)CCC1)C(=O)O,IC50,140.0,6.85,337.89,4.63,1
CHEMBL1215855,CC[C@H]1C[C@@H]2C[C@H]3c4[nH]c5ccc(OC)cc5c4CC[N@@](C2)[C@@H]13,IC50,500.0,6.3,310.44,3.94,1
CHEMBL5175119,CC[C@H]1C[C@@H]2C[C@H]3c4[nH]c5ccc(C#N)cc5c4CCN(C2)[C@@H]13,IC50,26.0,7.58,305.43,3.8,1
CHEMBL5176306,CC[C@H]1C[C@@H]2C[C@H]3c4c(c5cc(O)ccc5n4CC)CCN(C2)[C@@H]13.Cl,IC50,1900.0,5.72,360.93,4.13,0
CHEMBL5904229,CNC[C@H](c1ccc(Cl)c(Cl)c1)[C@H](O)c1cccc(Br)c1,Ki,222.0,6.65,389.12,4.79,1
CHEMBL5804826,CNC[C@H](c1ccc2ccccc2c1)[C@H](O)c1cncc(OC)c1,Ki,9.3,8.03,322.41,3.28,1
CHEMBL6009720,CN(C)CC1(c2ccc3c(c2)OCO3)CCC(C)(O)CC1,IC50,1812.0,5.74,291.39,2.54,0
CHEMBL5993323,CN(C)CC1(c2ccc3ccccc3c2)CCC(O)(CF)CC1,IC50,14.0,7.85,315.43,3.91,1
CHEMBL5818993,CC(N)C1(c2ccc(-c3nccs3)cc2)CCCCC1,IC50,364.0,6.44,286.44,4.36,1
CHEMBL5770179,CCCC1(O)CCC(CNC)(c2ccc(Cl)c(Cl)c2)CC1,IC50,1139.0,5.94,330.3,4.56,0
CHEMBL6015742,CNCC1(c2ccc(C(F)(F)F)cc2)CCCCC1,IC50,1500.0,5.82,271.33,4.13,0
CHEMBL6049140,CNC[C@H](c1ccc2ccccc2c1)[C@H](OCC(=O)N1CCOCC1)c1ccccc1,Ki,5.6,8.25,418.54,3.76,1
CHEMBL5886965,CNCc1cc(OCc2ccccc2)n(CC2CC3CCC2C3)n1,Ki,1.5,8.82,325.46,3.62,1
CHEMBL5992117,CN(C)C[C@H](c1ccc2ccccc2c1)[C@H](OCCO)c1ccccc1,Ki,1.8,8.74,349.47,4.24,1
CHEMBL5998115,CNCC(CCc1ccccc1)[C@H](O)c1ccccc1,Ki,46.7,7.33,269.39,3.19,1
CHEMBL337020,OC1(c2ccc(Cl)cc2)c2ccccc2C2=N[C@H]3CCCC[C@@H]3N21,Ki,600.0,6.22,338.84,3.92,1
CHEMBL5920601,CNC[C@H](c1ccc2ccccc2c1)[C@H](OCC(=O)NCCO)c1ccccc1,Ki,3.1,8.51,392.5,3.01,1
CHEMBL2112356,Cc1cc2c(OC[C@@H](O)CN3CC[C@@H](c4ccc5scc(C)c5c4)C[C@@H]3C)cccc2[nH]1,Ki,0.54,9.27,448.63,6.01,1
CHEMBL3593274,Cl.OCC1(c2ccc(Cl)c(Cl)c2)CCCNCC1,IC50,35.0,7.46,310.65,3.0,1
CHEMBL4859722,O=C(O)C(=O)O.O=C1CCc2cc(OCCCN3CCCN(c4ccccn4)CC3)ccc2N1,Ki,248.0,6.61,470.53,2.95,1
CHEMBL4866053,OC1c2ccc(F)cc2CC1CCN1CCN(c2ccccn2)CC1,Ki,392.0,6.41,341.43,2.64,1
CHEMBL52440,COc1ccc2c(c1)[C@]13CCCC[C@@H]1[C@H](C2)N(C)CC3,IC50,2.71,8.57,271.4,3.38,1
CHEMBL2333623,FC(F)(F)c1cc(COCC2(c3ccccc3)CCNCC2)nc(N2CCCC2)c1,IC50,58.0,7.24,419.49,4.54,1
CHEMBL4873453,COC(=O)C1CCC2CC(O)C1N2c1ccc(Cl)c(Cl)c1,IC50,5655.0,5.25,330.21,2.88,0
CHEMBL5847018,CNC(C)C1(c2ccc3ccccc3c2)CCC(O)CC1,IC50,63.0,7.2,283.42,3.62,1
CHEMBL1934127,CC(=O)N[C@@H]1CC2(CCN(Cc3ccc4[nH]c5ccc(Cl)cc5c4c3)CC2)c2ccccc21,IC50,100.0,7.0,458.01,6.09,1
CHEMBL5804012,CC1(O)CCC(CN)(c2ccc(OC(F)(F)F)cc2)CC1,IC50,269.0,6.57,303.32,3.11,1
CHEMBL5786857,FC(F)(F)c1ccc(COc2ccc(Br)cc2OC2CCNCC2)o1,Ki,43.0,7.37,420.23,4.77,1
CHEMBL5815884,CN(C)CC1(c2ccc(Cl)c(Cl)c2)CCCC(C)(O)C1,IC50,2188.0,5.66,316.27,4.12,0
CHEMBL5870881,NCC1(c2ccc3ccccc3c2)CCC(O)CC1,IC50,142.0,6.85,255.36,2.97,1
CHEMBL6041523,CC1(O)CCC(CN)(c2ccc3ccccc3c2)CC1,IC50,1158.0,5.94,269.39,3.36,0
CHEMBL2057618,O=C(O)c1n[nH]c2c1C[C@H]1C[C@@H]21,Ki,2433.32,5.61,164.16,0.77,0
CHEMBL5787067,CCCCC(N)C1(c2ccc(Cl)c(Cl)c2)CCCCC1,IC50,78.0,7.11,314.3,5.71,1
CHEMBL5946843,CNC(C)C1(c2cccs2)CCCCC1,IC50,2948.0,5.53,223.38,3.56,0
CHEMBL5558071,O=C1CN2c3c(cccc3[C@@H]3CN(CCCc4n[nH]c5cc(F)ccc45)CC[C@@H]32)N1,Ki,540.0,6.27,405.48,3.26,1
CHEMBL5809105,CN1CCO[C@H](c2ccccc2)[C@@H](c2ccc3ccccc3c2)C1,Ki,3.0,8.52,317.43,4.63,1
CHEMBL3703744,Nc1ccc(-c2ccc3c(c2)CNCC3c2ccc(Cl)c(Cl)c2)nn1,IC50,1.8,8.74,371.27,4.27,1
CHEMBL5747638,CNCc1cc(OCc2cc(F)c(F)cc2F)n(CCC(C)(C)C)n1,Ki,5.7,8.24,355.4,4.04,1
CHEMBL5934200,CNCc1cc(OCc2cc(F)c(F)cc2F)n(Cc2ccc(C)cc2)n1,Ki,5.5,8.26,375.39,3.96,1
CHEMBL3656914,O=c1ccoc2ccc(CCN3CCC(Cc4ccc(Br)c(O)c4)CC3)cc12,Ki,1.7,8.77,442.35,4.76,1
CHEMBL4204665,COc1ccccc1N1CCN(CCCN2CCOc3ccccc32)CC1,IC50,195.02,6.71,367.49,3.11,1
CHEMBL2386162,COc1ccc(O[C@@H](CC(C)C)[C@H]2CCNC2)c(C)n1,IC50,1.9,8.72,278.4,2.8,1
CHEMBL5869833,Clc1ccc(Oc2nc3ccccc3o2)c(OC2CNC2)c1,Ki,112.0,6.95,316.74,3.62,1
CHEMBL2314216,CN(C)Cc1cc(I)ccc1Sc1ccccc1N,Ki,1.0,9.0,384.29,4.09,1
CHEMBL3703736,O=c1cccnn1-c1ccc2c(c1)CNCC2c1ccc(Cl)c(Cl)c1,IC50,6.1,8.21,372.26,3.77,1
CHEMBL3331506,Fc1ccccc1N(Cc1ccc(Cl)cc1)C1CNC1,IC50,67.4,7.17,290.77,3.46,1
CHEMBL3331508,Clc1ccccc1CN(CC1CNC1)c1ccccc1.O=C(O)C(F)(F)F,IC50,5.2,8.28,400.83,3.57,1
CHEMBL5885538,CNCC1(c2ccc(Cl)c(Cl)c2)CCCC(O)C1,IC50,376.0,6.42,288.22,3.39,1
CHEMBL4301645,c1ccc([C@@H]2C[C@H]2NC2CCNCC2)cc1,IC50,2000.0,5.7,216.33,1.88,0
CHEMBL3786182,O=C(O)c1ccc(CN2CCC(CN[C@@H]3C[C@H]3c3ccccc3)CC2)cc1,IC50,80000.0,4.1,364.49,3.74,0
CHEMBL3912176,CCOCCCCNC(CC(C)C)C1(c2ccc(SC)cc2)CCC1,Ki,2.99,8.52,363.61,5.65,1
CHEMBL3949173,CCSCCCCNC(CC(C)C)C1(c2ccc(Cl)c(Cl)c2)CCC1,Ki,14.84,7.83,402.48,6.95,1
CHEMBL3912652,CCSCCNC(CC)C1(c2ccc(Cl)c(Cl)c2)CCC1,Ki,224.0,6.65,346.37,5.54,1
CHEMBL2380980,CN(C)C[C@@H]1CCC[C@H]1c1ccc2[nH]cc(C#N)c2c1,IC50,3.8,8.42,267.38,3.48,1
CHEMBL2380979,CN(C)C[C@H]1C[C@@H]1Cc1ccc2[nH]cc(C#N)c2c1,IC50,97.0,7.01,253.35,2.78,1
CHEMBL6065284,NCC1(c2ccc(OC(F)F)cc2)CCCCC1,IC50,1398.0,5.85,255.31,3.45,0
CHEMBL3957797,CCSCCCCNC(CC(C)C)C1(c2ccc(Cl)cc2)CCC1,Ki,18.8,7.73,368.03,6.3,1
CHEMBL3310482,Fc1cc(C(CC2CNC2)Oc2ccccc2)ccc1Cl,IC50,51.3,7.29,305.78,4.21,1
CHEMBL3310488,Cc1ccccc1OC(CC1CNC1)c1ccc(Cl)c(F)c1,IC50,37.7,7.42,319.81,4.52,1
CHEMBL2347179,N#CCCCc1c[nH]c2ccc(F)cc12,Ki,184.0,6.74,202.23,3.15,1
CHEMBL2347178,NCC(N)CCc1c[nH]c2ccc(F)cc12,Ki,12.0,7.92,221.28,1.53,1
CHEMBL2347167,OCCNCCCc1c[nH]c2ccc(F)cc12,Ki,62.0,7.21,236.29,1.82,1
CHEMBL3656921,Oc1cc(CC2CCN(CCc3ccc4c(c3)C(O)CCO4)CC2)ccc1Br,Ki,41.0,7.39,446.39,4.47,1
CHEMBL2337600,FC(F)(F)c1ccc(O[C@H](c2ccccc2)[C@H]2CCNC2)cc1,IC50,1.995,8.7,321.34,4.44,1
CHEMBL2337599,N#Cc1cccc(O[C@H](c2ccccc2)[C@@H]2CCNC2)c1,IC50,0.631,9.2,278.36,3.29,1
CHEMBL503378,CCOC(=O)N(Cc1ccccc1C(C)C)[C@H]1CCNC1,Ki,764.0,6.12,290.41,3.13,1
CHEMBL477783,CC(C)OC(=O)N(Cc1ccccc1-c1ccccc1)[C@H]1CCNC1,Ki,787.0,6.1,338.45,4.06,1
CHEMBL1945780,COC(=O)[C@H]1[C@@H](c2ccc(Cl)c(Cl)c2)C[C@@H]2CC[C@H]1N2C,IC50,2.0,8.7,328.24,3.73,1
CHEMBL3819009,Cl.O=c1[nH]c(-c2ccn(C[C@@H]3CNCCO[C@H]3c3ccc(Cl)c(F)c3)c(=O)c2)no1,IC50,120.0,6.92,457.29,1.96,1
CHEMBL3663913,CN1Cc2cc(-c3cncnc3)ccc2C(c2cc3ccccc3s2)C1,Ki,93.0,7.03,357.48,4.94,1
CHEMBL5764309,CCCN1CC(Oc2cc(Br)ccc2OCc2cccc(F)c2)C1,Ki,396.0,6.4,394.28,4.64,1
CHEMBL6010003,CSc1cccc(COc2ccc(Cl)cc2OC2CNC2)c1,Ki,13.0,7.89,335.86,3.99,1
CHEMBL1201082,CNCCC(Oc1ccc(C(F)(F)F)cc1)c1ccccc1.Cl,IC50,150.0,6.82,345.79,4.44,1
CHEMBL4226362,CN(C)C[C@]1(c2ccc(Cl)c(Cl)c2)CC[C@@](C)(O)CC1,IC50,34.0,7.47,316.27,4.12,1
CHEMBL4227830,CN(C)C[C@]1(c2ccc3ccccc3c2)CC[C@](C)(O)CC1,IC50,7.0,8.15,297.44,3.96,1
CHEMBL4227100,COC[C@H]1CN[C@@H]2CC[C@@]1(c1ccc(Cl)c(Cl)c1)C2,Ki,10.0,8.0,300.23,3.65,1
CHEMBL4227444,CNC[C@H](c1ccc2ccccc2c1)[C@H](O)c1ccccc1,Ki,12.0,7.92,291.39,3.88,1
CHEMBL4639128,COCc1nc2cnc3cc(-c4c(C)noc4C)c(OC[C@H]4CCNC4)cc3c2n1[C@H](C)c1ccccc1,IC50,39810.72,4.4,511.63,5.6,0
CHEMBL4776389,COc1cccc(C(=O)N2CCN(CC(=O)N3CCN(CCCc4c[nH]c5ccc(F)cc45)CC3)CC2)c1,IC50,83000.0,4.08,521.64,2.85,0
CHEMBL248376,CN(C)CCC(Oc1ccccc1)c1cccc(OCCCN2CCCCC2)c1,Ki,199.0,6.7,396.58,5.01,1
CHEMBL245514,CN(C)CCC(Oc1ccc(C(F)(F)F)cc1)c1ccc(C#CCCN2CCCCC2)cc1,Ki,61.0,7.21,458.57,6.0,1
CHEMBL517963,CC(C)C(=O)N(Cc1ccccc1Cl)[C@H]1CCNC1,IC50,91.0,7.04,280.8,2.69,1
CHEMBL2430700,O=C1NCC(c2ccc(Cl)cc2)C1c1ccc2ccccc2c1,IC50,6451.0,5.19,321.81,4.49,0
CHEMBL2047571,COc1ccc2cc(C(O)CCN3CC=C(Cc4ccccc4)CC3)ccc2c1Cl,IC50,265.0,6.58,421.97,5.8,1
CHEMBL5192104,CCCCc1sc(C2CCN(CCCCc3c[nH]c4ccc(C#N)cc34)CC2)nc1-c1ccc(Oc2ccc(Cl)cc2)cc1,IC50,67.83,7.17,623.27,10.15,1
CHEMBL5170075,Cc1sc(C2CCN(CCCCc3c[nH]c4ccc(C#N)cc34)CC2)nc1-c1ccc(Oc2ccc(Cl)cc2)cc1,IC50,6.71,8.17,581.18,9.12,1
CHEMBL5874062,Clc1ccccc1COc1ccc(Br)cc1OC1CNC1,Ki,5.0,8.3,368.66,4.03,1
CHEMBL5780450,CC(C)N1CC(Oc2cc(Br)ccc2OCc2cccc(Cl)c2)C1,Ki,194.0,6.71,410.74,5.15,1
CHEMBL2112412,COC(=O)[C@@H]1C2CCC(C2)C[C@@H]1c1ccc2ccccc2c1,IC50,60.0,7.22,294.39,4.53,1
CHEMBL540612,COc1ccccc1N1CCN(CCCCNC(=O)c2ccc3ccccc3c2)CC1.Cl,Ki,303.88,6.52,454.01,4.18,1
CHEMBL567303,Cc1cc(NC(=O)NCCN2CCC(O)(Cc3ccccc3)CC2)c2ccccc2n1,Ki,995.29,6.0,418.54,3.73,1
CHEMBL2207494,CCCN1CCC(n2c(=O)n(C)c3cc(Cl)ccc32)CC1,Ki,2241.0,5.65,307.82,3.04,0
CHEMBL2207493,CCCN1CCC(n2c(=O)[nH]c3cc(Cl)ccc32)CC1,Ki,3512.0,5.45,293.8,3.03,0
CHEMBL1812750,COC(=O)[C@@H]1[C@H]2CC[C@@H](C[C@H]1c1ccc(C)c(F)c1)N2,IC50,110.0,6.96,277.34,2.53,1
CHEMBL1812740,Cc1ccc([C@H]2C[C@@H]3CC[C@H]([C@H]2C(=O)OC2CCC2)N3C)cc1,IC50,2010.0,5.7,313.44,3.66,0
CHEMBL459332,COc1ccc([C@H]2C[C@H]3CC[C@H]([C@H]2C(=O)OCCc2ccc(N)c(I)c2)N3C)cc1.Cl,Ki,3.5,8.46,556.87,4.23,1
CHEMBL257348,NC[C@@H]1C[C@@]1(C(=O)C1NCc2ccccc21)c1ccsc1,IC50,76.0,7.12,298.41,2.38,1
CHEMBL403370,CCN(CC)C(=O)[C@@]1(c2nc3ccccc3s2)C[C@H]1CN,IC50,9600.0,5.02,303.43,2.38,0
CHEMBL257338,CCN(CC)C(=O)[C@@]1(c2cc3ccccc3s2)C[C@H]1CN,IC50,620.0,6.21,302.44,2.99,1
CHEMBL550469,N#Cc1ccccc1CN(c1ccc2[nH]ccc2c1)C1CCNCC1,Ki,3.981,8.4,330.44,3.8,1
CHEMBL253387,CN(C)Cc1cc(I)ccc1Sc1ccc(CO)cc1N,Ki,0.31,9.51,414.31,3.58,1
CHEMBL4126958,COc1ccc2[nH]cc(CCCCN3CCN(c4cccc5nc6c(c(N)c45)CCCC6)CC3)c2c1,IC50,229.3,6.64,483.66,5.33,1
CHEMBL4461198,COc1ccc2[nH]cc(C3CC(=O)N(CCN4CCC(c5c[nH]c6ccc(F)cc56)CC4)C3=O)c2c1,Ki,221.0,6.66,488.56,4.52,1
CHEMBL4567029,COc1ccc2[nH]cc(C3CC(=O)N(CCN4CCC(c5c[nH]c6ccccc56)CC4)C3=O)c2c1,Ki,141.8,6.85,470.57,4.38,1
CHEMBL2205836,COc1ccccc1CCN1C2C3C4CC5C6C4C2C6C1(O)C53,Ki,548.0,6.26,309.41,2.0,1
CHEMBL5815934,CN(Cc1cc(SCc2ccccc2)n(Cc2ccccc2)n1)C(=O)OC(C)(C)C,Ki,32.0,7.5,423.58,5.59,1
CHEMBL6024237,CNCc1cc(OCc2cc(F)ccc2F)n(CC2(C(F)(F)F)CCCC2)n1,Ki,0.5,9.3,403.4,4.58,1
CHEMBL5943423,CNC[C@H](c1ccc(Cl)c(Cl)c1)[C@@H](O)c1cccnc1OC,Ki,656.0,6.18,341.24,3.43,1
CHEMBL5987299,NCC(c1ccc2ccccc2c1)C(O)c1ccc(F)cc1F,Ki,727.0,6.14,313.35,3.89,1
CHEMBL3306803,CN1CCN2c3c(cccc31)[C@@H]1CN(CCCC(=O)c3ccc(F)cc3)CC[C@@H]12,IC50,3.3,8.48,393.51,3.92,1
CHEMBL5838979,CNC[C@H](c1ccc(Br)c(Cl)c1)[C@@H](O)c1ccccc1,Ki,66.4,7.18,354.68,4.14,1
CHEMBL3094159,CN(C)CCCC1(c2ccc(F)cc2)OCc2cc(CN(C)CCCC3(c4ccc(F)cc4)OCc4cc(C#N)ccc43)ccc21,IC50,4900.0,5.31,621.77,7.64,0
CHEMBL227232,CN1[C@H]2CC[C@@H]1[C@@H](c1ncc(-c3ccc([N+](=O)[O-])cc3)s1)[C@@H](c1ccc(Cl)cc1)C2,IC50,3600.0,5.44,439.97,6.11,0
CHEMBL3331468,c1ccc2cc(CN(C3CCCCC3)C3CNC3)ccc2c1,IC50,6.2,8.21,294.44,3.95,1
CHEMBL3331484,Clc1ccc(CN(C2CC2)C2CNC2)cc1Cl,IC50,114.0,6.94,271.19,2.93,1
CHEMBL3331502,Clc1cccc(CN(CC2CNC2)c2ccccc2)c1Cl.O=C(O)C(F)(F)F,IC50,11.1,7.96,435.27,4.22,1
CHEMBL3331505,c1ccc(CN(Cc2ccc3ccccc3c2)C2CNC2)cc1,IC50,20.2,7.7,302.42,3.81,1
CHEMBL6003284,CNC[C@H](c1ccc(Cl)c(Cl)c1)[C@H](O)c1ccccc1SC,Ki,22.4,7.65,356.32,4.75,1
CHEMBL124278,COC(=O)C1C2CCC(C[C@@H]1OC(c1ccc(Br)cc1)c1ccc(Br)cc1)N2C,IC50,2430.0,5.61,523.26,5.34,0
CHEMBL475936,CNCC[C@H](c1cccc(F)c1)N1C(=O)C(C)(C)c2cccc(F)c21,IC50,2550.0,5.59,344.4,3.94,0
CHEMBL6000057,CCC(NC)C1(c2ccc(Cl)c(Cl)c2)CCCCC1,IC50,4241.0,5.37,300.27,5.19,0
CHEMBL5857157,NCC1(c2ccc(Cl)cc2Cl)CCCCC1,IC50,472.0,6.33,258.19,4.15,1
CHEMBL5746781,FC(F)(F)c1ccc(COc2ccc(Br)cc2CC2CNC2)o1,Ki,1.0,9.0,390.2,4.4,1
CHEMBL4082767,C(=C/c1ccccc1)\CN1CCN(CCCCn2nnnc2C(c2ccccc2)c2ccccc2)CC1,IC50,6290.0,5.2,492.67,4.96,0
CHEMBL4060900,C(=C/c1ccccc1)\CN1CCN(CCCn2nnnc2C(c2ccccc2)c2ccccc2)CC1,IC50,7500.0,5.12,478.64,4.57,0
CHEMBL4063684,c1ccc(CCCN2CCN(CCCn3nnnc3C(c3ccccc3)c3ccccc3)CC2)cc1,IC50,8000.0,5.1,480.66,4.49,0
CHEMBL4100713,c1ccc(CC2CCN(CCCCn3nnnc3C(c3ccccc3)c3ccccc3)CC2)cc1,IC50,550.0,6.26,465.65,5.59,1
CHEMBL5766986,CNCC1(c2cccc(F)c2)CCCCC1,IC50,8330.0,5.08,221.32,3.25,0
CHEMBL4754191,Cl.O=C(NC[C@@H]1CNCCO[C@H]1c1ccc(Cl)c(F)c1)C1CCCO1,IC50,200.0,6.7,393.29,2.05,1
CHEMBL4745694,CCOCC(=O)NC[C@@H]1CNCCO[C@H]1c1ccc(Cl)c(F)c1.Cl,IC50,220.0,6.66,381.28,1.91,1
CHEMBL5932959,CNCC(C[C@H](O)c1ccccc1)c1ccc2ccccc2c1,Ki,16.1,7.79,305.42,4.27,1
CHEMBL5789877,CNC[C@H](c1ccc2ccccc2c1)[C@H](O)c1cc(F)cc(F)c1,Ki,54.6,7.26,327.37,4.15,1
CHEMBL5866440,CNC[C@H](c1ccc2ccccc2c1)[C@H](Cl)c1ccccc1,Ki,10.1,8.0,309.84,5.12,1
CHEMBL4588956,CCCCCCCCCCNC(=O)/C=C/c1cc(OC)c(OC)c(OC)c1,IC50,6700.0,5.17,377.53,4.98,0
CHEMBL6053711,CNCc1cc(OCc2cc(F)c(F)cc2F)n(CCC2CC2)n1,Ki,0.99,9.0,339.36,3.4,1
CHEMBL3982551,CCS(=O)(=O)CCCCNC(CC(C)C)C1(c2ccc(Cl)c(Cl)c2)CCC1,Ki,38.4,7.42,434.47,5.63,1
CHEMBL3752900,C=CCN(CC=C)CCc1c[nH]c2ccc(Cl)cc12,Ki,40.74,7.39,274.8,4.04,1
CHEMBL3769872,CC(C)C(C)[C@]1(c2ccc3ccccc3c2)CC[C@](C)(O)CC1,IC50,18.0,7.75,310.48,5.69,1
CHEMBL5774408,CNC[C@H](c1ccc(Br)cc1)[C@H](O)c1ccccc1,Ki,119.0,6.92,320.23,3.49,1
CHEMBL5921122,CNC[C@H](c1ccc(Cl)c(Cl)c1)[C@@H](O)c1cccc(NS(=O)(=O)C(F)(F)F)c1,Ki,3280.0,5.48,457.3,4.29,0
CHEMBL5858979,CNC[C@@H](c1ccc2ccccc2c1)[C@H](O)c1cc(F)cc(F)c1,Ki,208.0,6.68,327.37,4.15,1
CHEMBL5920469,CNC[C@H](c1ccc2ccccc2c1)[C@H](O)c1ccc2c(c1)OCCO2,Ki,7.9,8.1,349.43,3.65,1
CHEMBL2031884,CCNC(=O)c1ccc(-c2ccc3c(c2)CCN(CCN2CCC[C@H]2C)C3=O)cc1,Ki,300.0,6.52,405.54,3.59,1
CHEMBL5801249,NC[C@@H](c1ccc2ccccc2c1)C(O)c1ccncc1Cl,Ki,36.6,7.44,312.8,3.66,1
CHEMBL3323175,CN1Cc2cc(O)ccc2C(c2ccc3sccc3c2)C1,IC50,10.0,8.0,295.41,4.18,1
CHEMBL3818200,N#Cc1ccc(C(=O)CCCN2CCc3ccccc3C2)cc1,Ki,895.0,6.05,304.39,3.58,1
CHEMBL4461596,COc1ccc([C@@H](c2ccccc2)[S@+]([O-])Cc2cncs2)cc1,IC50,24700.0,4.61,343.47,4.19,0
CHEMBL4438894,[O-][S@+](Cc1cncs1)[C@H](c1ccccc1)c1ccc(Br)cc1,IC50,29700.0,4.53,392.34,4.94,0
CHEMBL1818457,FC(F)(F)c1ccn(C[C@@]23CNCC[C@]2(c2ccc(Cl)c(Cl)c2)C3)n1,Ki,1.995,8.7,390.24,4.53,1
CHEMBL1818464,N#Cc1cccn1C[C@@]12CNCC[C@]1(c1ccc(Cl)c(Cl)c1)C2,Ki,2.512,8.6,346.26,3.99,1
CHEMBL1818545,CC(C)c1nnn(C[C@@]23CNCC[C@]2(c2ccc(Cl)c(Cl)c2)C3)n1,Ki,0.7943,9.1,366.3,3.42,1
CHEMBL2338035,Fc1ccc(O[C@@H](c2ccccc2)[C@H]2CCNC2)c(Cl)c1,IC50,15.85,7.8,305.78,4.21,1
CHEMBL2338034,Fc1cc(Cl)ccc1O[C@@H](c1ccccc1)[C@H]1CCNC1,IC50,12.59,7.9,305.78,4.21,1
CHEMBL2338032,Fc1cccc(F)c1O[C@@H](c1ccccc1)[C@H]1CCNC1,IC50,158.49,6.8,289.32,3.69,1
CHEMBL2337606,Clc1cccc(Cl)c1O[C@H](c1ccccc1)[C@@H]1CCNC1,IC50,39.81,7.4,322.24,4.72,1
CHEMBL5558524,O=C1CN2c3c(cccc3[C@@H]3CN(CCCOc4ccc(F)cc4)CC[C@@H]32)N1,Ki,590.0,6.23,381.45,3.22,1
CHEMBL5563072,O=C1CN2c3c(cccc3[C@@H]3CN(CCCOc4ccc(F)c(F)c4)CC[C@@H]32)N1,Ki,508.0,6.29,399.44,3.36,1
CHEMBL4226716,COC[C@H]1[C@@H](c2ccc(Cl)c(Cl)c2)C[C@@H]2CC[C@H]1N2C,IC50,10.0,8.0,314.26,4.21,1
CHEMBL4226603,COCCOc1cc(Br)cc(CC2CCN(CCc3cc4c(cc3Cl)OCCO4)CC2)c1,Ki,14.1,7.85,524.88,5.4,1
CHEMBL2432046,COc1ccc(CN[C@H]2C3C4CC5C6C4CC3C6C52)cc1OC,Ki,71.0,7.15,311.43,2.94,1
CHEMBL5819784,CNCC1(c2ccc(Cl)c(Cl)c2)CCC(O)CC1,IC50,1037.0,5.98,288.22,3.39,0
CHEMBL5973169,CNCC1(c2ccc3ccccc3c2)CCC(F)(F)CC1,IC50,199.0,6.7,289.37,4.51,1
CHEMBL6018668,CNCC1(c2ccc(Cl)c(Cl)c2)CC=CC1,IC50,1465.0,5.83,256.18,3.8,0
CHEMBL5982672,NCC1(c2ccc(F)c(F)c2)CCCCC1,IC50,4520.0,5.34,225.28,3.13,0
CHEMBL3128194,Nc1nc2c(s1)CC[C@H]2C(=O)Nc1ccc(C[C@@H]2CC[C@H]([C@H](O)c3ccccc3)N2)cc1,IC50,1218.0,5.91,448.59,3.79,0
CHEMBL5995223,CNC[C@H](c1ccc2ccccc2c1)[C@H](O[C@H](C)C(=O)N1CCCC1)c1ccccc1,Ki,13.0,7.89,416.57,4.91,1
CHEMBL429771,c1ccc2c(CC3CCNCC3)c[nH]c2c1,IC50,550.0,6.26,214.31,2.71,1
CHEMBL489195,Cc1ncc2c(N3CCN(CCc4ccc5c(c4)NC(=O)CO5)CC3)cccc2n1,Ki,1.995,8.7,403.49,2.63,1
CHEMBL523095,O=C1COc2ccc(CCN3CCN(c4cccc5cccnc45)CC3)cc2N1,Ki,10.0,8.0,388.47,2.93,1
CHEMBL495703,Cc1ccc2c(N3CCN(CCc4ccc5c(c4)NC(=O)CO5)[C@@H](C)C3)cccc2n1,Ki,0.3981,9.4,416.53,3.63,1
CHEMBL5970551,FC(F)(F)c1ccc(OCc2ccccc2)c(OC2CNC2)c1,Ki,56.0,7.25,323.31,3.64,1
CHEMBL452429,CNC[C@H]1COc2ccccc2[C@H]1Oc1ccccc1Cl,IC50,3200.0,5.5,303.79,3.69,0
CHEMBL2321997,CN1CC=CC[C@@H](c2ccc(Cl)c(Cl)c2)C1,Ki,130.0,6.89,256.18,3.97,1
CHEMBL6005975,CNCC1(c2ccc3cc(F)ccc3c2)CCCCC1,IC50,230.0,6.64,271.38,4.4,1
CHEMBL3310487,Fc1cc(C(CC2CNC2)Oc2ccccc2Cl)ccc1Cl,IC50,37.5,7.43,340.23,4.86,1
CHEMBL5925210,CNCC1(c2ccc(Cl)c(Cl)c2)CCC1,IC50,935.0,6.03,244.16,3.63,1
CHEMBL5926042,CN(C)CC1(c2ccc(Cl)c(Cl)c2)CCC2(CC1)OCCO2,IC50,79.0,7.1,344.28,4.11,1
CHEMBL397577,CNCc1cc(C#CCCN2CCOCC2)ccc1Oc1ccc(F)cc1Cl,Ki,3.6,8.44,402.9,4.06,1
CHEMBL236674,CNCc1cc(C#CCCN2CCOCC2)ccc1Oc1cccc(F)c1,Ki,24.0,7.62,368.45,3.41,1
CHEMBL236675,CNCc1cc(C#CCCN2CCOCC2)ccc1Oc1ccc(C(F)(F)F)cc1,Ki,2.7,8.57,418.46,4.29,1
CHEMBL131495,O=C1c2ccccc2C(=O)N1CCCCN1CC=C(c2c[nH]c3ccc(F)cc23)CC1,Ki,0.7943,9.1,417.48,4.47,1
CHEMBL100879,COc1cc2c(cc1OC)C1=NO[C@@H](CN3CCN(C/C=C(\C)c4cccs4)CC3)[C@@H]1CO2,Ki,74.0,7.13,469.61,3.6,1
CHEMBL523064,Cc1ccc2c(N3C[C@H]4C[C@@H]3CN4CCc3ccc4c(c3)NC(=O)CO4)cccc2n1,Ki,3.981,8.4,414.51,3.38,1
CHEMBL495705,Cc1ccc2c(N3CCN(CCc4ccc5c(c4)NC(=O)CO5)CC3C)cccc2n1,Ki,10.0,8.0,416.53,3.63,1
CHEMBL494786,COC(=O)[C@H]1[C@@H](c2ccccc2)C[C@@H]2CC[C@H]1N2C.Cl,Ki,182.0,6.74,295.81,2.43,1
CHEMBL1289,Clc1cc(Cl)c(OCC#CI)cc1Cl,IC50,811.0,6.09,361.39,4.42,1
CHEMBL4074920,Cc1noc(-c2cccc(CN3CCN(C(=O)c4ccc(C[C@@H]5CC[C@H]([C@H](O)c6ccccc6)N5)cc4)CC3)n2)n1,IC50,8794.0,5.06,552.68,3.79,0
CHEMBL1813481,COc1cccc([C@]23CCC[C@H]2CN(C)C3)c1,IC50,691.83,6.16,231.34,2.68,1
CHEMBL1818456,FC(F)(F)c1ccnn1C[C@@]12CNCC[C@]1(c1ccc(Cl)c(Cl)c1)C2,Ki,1.995,8.7,390.24,4.53,1
CHEMBL332098,CNCC[C@H](Oc1cccc2cc(O)ccc12)c1cccs1,Ki,1.06,8.97,313.42,4.34,1
CHEMBL320597,Cc1ccc(CN2CCN(CC(=O)N3c4ccccc4C[C@H]3C)CC2)cc1,Ki,532.0,6.27,363.5,3.09,1
CHEMBL4128689,N#Cc1ccc2[nH]cc(CCCCN3CCN(c4cccc5nc6c(c(N)c45)CCC6)CC3)c2c1,IC50,22.1,7.66,464.62,4.8,1
CHEMBL3819201,Cl.O=c1ccccn1C[C@@H]1CNCCO[C@H]1c1ccc(Cl)c(F)c1,IC50,130.0,6.89,373.26,2.62,1
CHEMBL534723,CCOc1ccccc1C[C@H](c1ccccc1)N1CCNCC1.Cl,IC50,13.0,7.89,346.9,3.27,1
CHEMBL213785,Fc1ccc(C(Cc2ccccc2Cl)N2CCNCC2)cc1,IC50,13.0,7.89,318.82,3.67,1
CHEMBL212877,Clc1ccccc1CC(c1ccccc1)N1CCCNCC1,IC50,42.0,7.38,314.86,3.92,1
CHEMBL4225921,Clc1ccc(C2CCNCC23COC3)cc1Cl,Ki,63.1,7.2,272.18,3.09,1
CHEMBL4228477,COCCOc1cc(CC2CCN(CCc3ccc4c(c3)C(=O)CCCO4)CC2)ccc1Br,Ki,1.17,8.93,516.48,5.33,1
CHEMBL4227376,COCCOc1cccc(CC2CCN(CCc3ccc4c(c3)C(=O)CCO4)CC2)c1,Ki,202.0,6.7,423.55,4.17,1
CHEMBL3703747,Fc1cc2c(cc1-c1ccc3ncnn3c1)CNCC2c1ccc(Cl)c(Cl)c1,IC50,14.1,7.85,413.28,5.08,1
CHEMBL4226867,COC[C@@H]1CN[C@@H]2CC[C@@]1(c1ccc(Cl)c(Cl)c1)C2,Ki,31.62,7.5,300.23,3.65,1
CHEMBL3673155,Clc1ccc(C23CCN(CC2)Cc2cc(Oc4cnccn4)ccc23)cc1,IC50,6.1,8.21,377.88,4.82,1
CHEMBL5180815,CCCCCc1nc(C2CCN(CCCCc3cn(C)c4ccc(C#N)cc34)CC2)cn1-c1ccc(Oc2ccc(Cl)cc2)cc1,IC50,15.05,7.82,634.27,9.62,1
CHEMBL5797789,NCC1(O)CCN(c2cccc(Oc3cccc(F)c3)c2F)CC1,IC50,2089.0,5.68,334.37,3.05,0
CHEMBL6043867,CN1CC(Oc2cc(Cl)ccc2OCc2cccc(Cl)c2)C1,Ki,100.0,7.0,338.23,4.27,1
CHEMBL3663919,CCN1Cc2ccccc2C(c2ccc3cn[nH]c3c2)C1,Ki,22.5,7.65,277.37,3.53,1
CHEMBL4063764,Fc1ccc(C(OCCN2CCN(c3cccc(Cl)c3Cl)CC2)c2ccc(F)cc2)cc1,IC50,5000.0,5.3,477.38,6.2,0
CHEMBL111201,O=S(=O)(Nc1ccc(CCNC[C@H](O)c2cccnc2)cc1)c1ccc(-c2nc(-c3ccc(C(F)(F)F)cc3)cs2)cc1,IC50,5000.0,5.3,624.71,6.56,0
CHEMBL3764088,O=C(Cn1ncccc1=O)Nc1ccc(C[C@@H]2CC[C@H]([C@H](O)c3ccccc3)N2)cc1,IC50,4400.0,5.36,418.5,2.28,0
CHEMBL3764592,O=C(Cn1ccccc1=O)Nc1ccc(C[C@@H]2CC[C@H]([C@H](O)c3ccccc3)N2)cc1,IC50,1100.0,5.96,417.51,2.88,0
CHEMBL5723329,CN(C)CC(c1ccc(O)cc1)C1(O)CCCCC1.Cl,IC50,47.3,7.33,299.84,2.73,1
CHEMBL4078873,Cc1cccc(S(=O)(=O)NCCN2CC=C(c3c[nH]c4ccc(F)cc34)CC2)c1,Ki,8.5,8.07,413.52,3.68,1
CHEMBL4069237,O=S(=O)(NCCCN1CC=C(c2c[nH]c3ccc(Cl)cc23)CC1)c1cccc2ccccc12,Ki,4.8,8.32,480.03,5.43,1
CHEMBL4096479,O=S(=O)(NCCCCN1CC=C(c2c[nH]c3ccc(Cl)cc23)CC1)c1cccc2ccccc12,Ki,5.1,8.29,494.06,5.82,1
CHEMBL5619208,O=c1ccc2ccc(CCCCCN3CCN(c4cccc5sncc45)CC3)cc2[nH]1,IC50,39.7,7.4,432.59,4.67,1
CHEMBL5619646,NC(=O)c1cc2cc(N3CCN(CCc4ccc5ccc(=O)[nH]c5c4)CC3)ccc2o1,IC50,34.0,7.47,416.48,2.74,1
CHEMBL2333634,CC(C)Cc1cc(C(F)(F)F)cc(COCC2(c3ccc(F)cc3)CCN(C)CC2)n1,IC50,8.9,8.05,438.51,5.62,1
CHEMBL2333630,CN1CCC(COCc2cc(C(F)(F)F)ccn2)(c2ccc(F)cc2)CC1,IC50,2.2,8.66,382.4,4.42,1
CHEMBL2333626,CN1CCC(COCc2cc(C(F)(F)F)cc(N3CC=CC3)n2)(c2ccc(F)cc2)CC1,IC50,4.0,8.4,449.49,4.8,1
CHEMBL2333622,CC(C)CN(CC(C)C)c1cc(C(F)(F)F)cc(COCC2(c3ccc(F)cc3)CCN(C)CC2)n1,IC50,140.0,6.85,509.63,6.54,1
CHEMBL2333621,CCN(C)c1cc(C(F)(F)F)cc(COCC2(c3ccc(F)cc3)CCN(C)CC2)n1,IC50,3.9,8.41,439.5,4.88,1
CHEMBL2333617,CN(C)c1cc(C(F)(F)F)cc(COCC2(c3ccc(F)cc3)CCNCC2)n1,IC50,7.3,8.14,411.44,4.14,1
CHEMBL2333644,CN1CCC(COCc2cc(C(F)(F)F)cc(Cl)n2)(c2ccccc2F)CC1,IC50,88.0,7.06,416.85,5.07,1
CHEMBL2333638,FC(F)(F)c1cc(Cl)cc(COCC2(c3ccccc3)CCNCC2)c1,IC50,1.7,8.77,383.84,5.2,1
CHEMBL260259,COc1cc(Cl)ccc1O[C@@H](c1ccccc1)[C@@H]1CNCCO1,Ki,110.0,6.96,333.82,3.46,1
CHEMBL257388,C#CCN(CC#C)C(=O)[C@@]1(c2ccsc2)C[C@H]1CN,IC50,84.0,7.08,272.37,1.06,1
CHEMBL4640003,CCOC(=O)Cc1nn(CNC(=O)CCN2CCN(c3ccc(F)cc3)CC2)c(=O)c2ccccc12,IC50,1340.0,5.87,495.56,1.93,0
CHEMBL4643645,CCOC(=O)Cc1nn(CNC(=O)CCN2CCN(c3ccccc3Cl)CC2)c(=O)c2ccccc12,IC50,2050.0,5.69,512.01,2.44,0
CHEMBL4647162,CCOC(=O)Cc1nn(CNC(=O)CCN2CCN(c3ccc(C)c(C)c3)CC2)c(=O)c2ccccc12,IC50,429.0,6.37,505.62,2.4,1
CHEMBL4642837,CCOC(=O)Cc1nn(CNC(=O)CCN2CCN(c3c(C)cccc3C)CC2)c(=O)c2ccccc12,IC50,380.0,6.42,505.62,2.4,1
CHEMBL4647536,CCOC(=O)Cc1nn(CNC(=O)CN2CCN(c3ccc(C)c(C)c3)CC2)c(=O)c2c(F)cccc12,IC50,2049.0,5.69,509.58,2.15,0
CHEMBL4644910,CCOC(=O)Cc1nn(CNC(=O)CCCN2CCN(c3ccc(C)c(C)c3)CC2)c(=O)c2cc(F)ccc12,IC50,210.0,6.68,537.64,2.93,1
CHEMBL4649602,Cc1cccc(N2CCN(CCCC(=O)NCn3nc(CC(N)=O)c4ccc(F)cc4c3=O)CC2)c1C,IC50,160.0,6.8,508.6,1.86,1
CHEMBL379205,FC(F)(F)COc1ccccc1CC(c1ccccc1)N1CCNCC1,IC50,38.0,7.42,364.41,3.82,1
CHEMBL5194592,CCCCc1nc(C2CCN(Cc3c[nH]c4ccc(C#N)cc34)CC2)cn1-c1ccc(Oc2ccc(Cl)cc2)cc1,IC50,57.73,7.24,564.13,8.39,1
CHEMBL3663910,COc1ccc(C2CN(C)Cc3ccccc32)cn1,Ki,470.0,6.33,254.33,2.67,1
CHEMBL3260335,Cc1nc(COc2ccc(Cl)cc2OC2CNC2)cs1,Ki,27.0,7.57,310.81,3.03,1
CHEMBL5747019,CCN1CC(Oc2cc(Br)ccc2OCc2cccc(Cl)c2)C1,Ki,249.0,6.6,396.71,4.76,1
CHEMBL5880343,N#Cc1cccc(COc2ccc(Br)cc2OC2CNC2)c1,Ki,2.0,8.7,359.22,3.25,1
CHEMBL2347034,Fc1ccc2[nH]cc(CCCN3CCN(c4ccccc4)CC3)c2c1,Ki,36.0,7.44,337.44,4.06,1
CHEMBL4752093,COCC(=O)NC[C@@H]1CNCCO[C@H]1c1ccc(Cl)c(F)c1.Cl,IC50,440.0,6.36,367.25,1.52,1
CHEMBL4762043,COC(C)C(=O)NC[C@@H]1CNCCO[C@H]1c1ccc(Cl)c(F)c1.Cl,IC50,800.0,6.1,381.27,1.91,1
CHEMBL3126967,CCN(CC)C1CCC(COCc2cc(C(F)(F)F)cc(C(F)(F)F)c2)(c2ccccc2)CC1,IC50,280.0,6.55,487.53,7.46,1
CHEMBL3126966,CN(C)C1CCC(COCc2cc(C(F)(F)F)cc(C(F)(F)F)c2)(c2ccccc2)CC1,IC50,250.0,6.6,459.47,6.68,1
CHEMBL3126977,CNC1CCC(COCc2cc(C(F)(F)F)cc(C(F)(F)F)c2)(c2ccccc2)CC1,IC50,190.0,6.72,445.45,6.34,1
CHEMBL3126963,N[C@@H]1CC[C@@](COCc2cc(C(F)(F)F)cc(C(F)(F)F)c2)(c2ccccc2)C1,IC50,130.0,6.89,417.39,5.69,1
CHEMBL338587,c1ccc2c(CCCCNCCOc3cccc4[nH]ccc34)c[nH]c2c1,IC50,862.0,6.06,347.46,4.64,1
CHEMBL89662,COC(=O)C1=C(c2ccccc2)CC2CCC1N2C,IC50,28600.0,4.54,257.33,2.48,0
CHEMBL2347166,OCCNCCc1c[nH]c2ccc(F)cc12,Ki,10.0,8.0,222.26,1.43,1
CHEMBL497680,CNC[C@@H]1OCc2ccccc2[C@@H]1Oc1ccc(F)cc1C,IC50,150.0,6.82,301.36,3.37,1
CHEMBL606928,COC(=O)C1=C(c2ccc(Cl)c(Cl)c2)CC2C[C@H](O)[C@H]1N2C,IC50,1590.0,5.8,342.22,2.76,0
CHEMBL3896561,COc1ccc(Br)c(CC2CCN(CCc3cccc(Cl)c3)CC2)c1,Ki,42.6,7.37,422.79,5.61,1
CHEMBL3233413,CN1CCN2c3c(cccc31)[C@@H]1CN(CCCc3n[nH]c4cc(F)ccc34)CC[C@@H]12,Ki,89.0,7.05,405.52,3.76,1
CHEMBL2380977,CCN(CC)C[C@@H]1CCC[C@H]1c1ccc2[nH]cc(C#N)c2c1,IC50,710.0,6.15,295.43,4.27,1
CHEMBL5818475,Fc1cccc(Oc2ccc(F)c(N3CCC4(CC3)CNCCO4)c2F)c1,IC50,692.0,6.16,378.39,3.86,1
CHEMBL5977361,Fc1cccc(Oc2cccc(N3CCC4(CC3)CNCCO4)n2)c1,IC50,2188.0,5.66,343.4,2.97,0
CHEMBL5867649,Fc1cccc(Oc2cc(C(F)(F)F)cc(N3CCC4(CC3)CNCCO4)n2)c1,IC50,4677.0,5.33,411.4,3.99,0
CHEMBL2407328,COCC(c1ccc2ccccc2c1)C1CCNCC1.Cl,IC50,2.1,8.68,305.85,3.57,1
CHEMBL2407322,COC(=O)C(c1ccc(Cl)c(Cl)c1)C1CCNCC1.Cl,IC50,5.2,8.28,338.66,3.25,1
CHEMBL5822634,CNC[C@@H](c1ccc2ccccc2c1)[C@H](O)c1ccccc1,Ki,14.8,7.83,291.39,3.88,1
CHEMBL5865081,CNC[C@H](c1ccc(Cl)c(Cl)c1)[C@H](O)c1ccccc1OC,Ki,9.2,8.04,340.25,4.04,1
CHEMBL5989415,CNCC(c1ccc(Br)c(Cl)c1)[C@H](O)c1ccccc1,Ki,6.3,8.2,354.68,4.14,1
CHEMBL5955713,CNC[C@H](c1ccc(Cl)c(Cl)c1)[C@@H](O)c1ccccc1SC,Ki,78.4,7.11,356.32,4.75,1
CHEMBL5812253,CNC[C@H](c1ccc(Cl)c(Cl)c1)[C@@H](O)c1ccccc1-c1cccs1,Ki,361.0,6.44,392.35,5.76,1
CHEMBL5775730,CNC[C@@H](c1ccc(Cl)c(Cl)c1)[C@@H](O)c1cncc(OC)c1,Ki,646.0,6.19,341.24,3.43,1
CHEMBL6047653,N#Cc1cccc(Oc2cc(C(F)(F)F)nc(N3CCC4(CC3)CNCCO4)n2)c1,IC50,7079.0,5.15,419.41,3.12,0
CHEMBL5873343,CN1CC(Oc2cc(F)ccc2OCc2cccc(Cl)c2)C1,Ki,271.0,6.57,321.78,3.75,1
CHEMBL5851237,C[C@@H]1[C@H](Oc2cc(Br)ccc2OCc2cccc(F)c2)CN1Cc1ccccc1,Ki,789.0,6.1,456.36,5.82,1
CHEMBL6017561,CNC[C@H](c1ccc2ccccc2c1)[C@H](O)c1cccnc1,Ki,9.9,8.0,292.38,3.27,1
CHEMBL5852793,CNC[C@H](c1ccc(Cl)c(Cl)c1)[C@@H](O)c1cccc(N)c1,Ki,853.0,6.07,325.24,3.61,1
CHEMBL5741179,CNCc1cc(OCc2cc(Cl)ccc2F)n(CC2CCCC2)n1,Ki,4.6,8.34,351.85,4.16,1
CHEMBL4869180,CNCCC(Oc1ccc(Cl)c(Cl)c1)c1ccccc1,Ki,5.0,8.3,310.22,4.72,1
CHEMBL4851108,CNCCC(Oc1ccc(Cl)cc1F)c1ccccc1,Ki,52.0,7.28,293.77,4.21,1
CHEMBL4851558,Clc1cccc(OC2CC3CCC(C2)N3)c1,IC50,135.0,6.87,237.73,3.0,1
CHEMBL3663917,CN1Cc2cc(-c3cccnn3)ccc2C(c2ccc3sccc3c2)C1,Ki,2.2,8.66,357.48,4.94,1
CHEMBL5869328,CC(N(C)C)C1(c2cccc3ccccc23)CCCCC1,IC50,184.0,6.74,281.44,4.99,1
CHEMBL5750039,CNCC1(c2ccc3c(c2)OCO3)CCC(O)CC1,IC50,7296.0,5.14,263.34,1.81,0
CHEMBL6059489,CN(C)CC1(c2ccc3c(c2)OCO3)CCCCC1,IC50,195.0,6.71,261.36,3.18,1
CHEMBL5864456,CNCC1(c2ccc(Cl)c(F)c2)CCCCC1,IC50,480.0,6.32,255.76,3.9,1
CHEMBL6054672,CNCC1(c2ccc(OC(F)(F)F)cc2)CCC(O)CC1,IC50,405.0,6.39,303.32,2.98,1
CHEMBL511,COc1ccc(CN(CCN(C)C)c2ccccn2)cc1,IC50,47.0,7.33,285.39,2.66,1
CHEMBL5904327,CO/N=C(\COc1ccc(Cl)cc1OC1CNC1)c1ccccc1,Ki,514.0,6.29,346.81,3.12,1
CHEMBL6040224,Clc1ccc(OCc2cccnc2)c(OC2CNC2)c1,Ki,89.0,7.05,290.75,2.66,1
CHEMBL1934130,CC(=O)N[C@@H]1CC2(CCN(Cc3ccc4c(c3)c3ccccc3n4C(N)=O)CC2)c2ccccc21,IC50,10000.0,5.0,466.59,4.84,0
CHEMBL5982233,CNC[C@H](c1ccc2ccccc2c1)[C@H](OCc1cc(C)no1)c1ccccc1,Ki,3.2,8.49,386.5,5.4,1
CHEMBL5925065,CNC[C@H](c1ccc2ccccc2c1)[C@H](O)c1ccc(Cl)nc1,Ki,1.6,8.8,326.83,3.92,1
CHEMBL6000873,CNC[C@H](c1ccc(Cl)c(Cl)c1)[C@@H](O)c1ccccc1,Ki,142.0,6.85,310.22,4.03,1
CHEMBL141034,CN1CCC(COCc2cc(C(F)(F)F)cc(C(F)(F)F)c2)(c2ccccc2)CC1,IC50,14.0,7.85,431.42,5.9,1
CHEMBL6035531,CNC[C@H](c1ccc2ccccc2c1)[C@H](OCc1cccc(=O)n1C)c1ccccc1,Ki,6.4,8.19,412.53,4.8,1
CHEMBL5202868,CC[C@H]1C[C@@H]2CC3c4[nH]c5ccc(O)cc5c4CCN(C2)[C@H]31,IC50,280.0,6.55,296.41,3.63,1
CHEMBL5087922,O=C(CCC1CCN(Cc2ccccc2)CC1)c1ccc(N2CCN(CCCCc3c[nH]c4ccc(F)cc34)CC2)cc1,IC50,114.1,6.94,580.79,7.33,1
CHEMBL5076406,N#Cc1ccc2[nH]cc(CCN3CCN(c4ccc5c(c4)CC(CC4CCN(Cc6ccccc6)CC4)C5=O)CC3)c2c1,IC50,8.81,8.05,571.77,6.06,1
CHEMBL5082836,N#Cc1ccc2[nH]cc(CCCN3CCN(c4ccc(C(=O)CCC5CCN(Cc6ccccc6)CC5)cc4)CC3)c2c1,IC50,39.92,7.4,573.79,6.67,1
CHEMBL5088281,N#Cc1ccc2[nH]cc(CN3CCN(c4ccc(C(=O)CCC5CCN(Cc6cc[nH]c6)CC5)cc4)CC3)c2c1,IC50,12.09,7.92,534.71,5.56,1
CHEMBL5759431,FC(F)(F)c1ccnc(COc2ccc(Cl)cc2OC2CNC2)c1,Ki,1170.0,5.93,358.75,3.68,0
CHEMBL5753328,COc1ccc(CCOc2ccc(Cl)cc2OC2CNC2)cc1,Ki,141.0,6.85,333.82,3.32,1
CHEMBL6048267,Clc1ccc2c(c1)CCC2Oc1ccc(Br)cc1OC1CNC1,Ki,25.0,7.6,394.7,4.52,1
CHEMBL5990193,FC(F)(F)c1ccc2c(c1)C(Oc1ccc(Br)cc1OC1CNC1)CC2,Ki,181.0,6.74,428.25,4.88,1
CHEMBL5823432,CC(Oc1ccc(Cl)cc1OC1CNC1)c1ccc(F)cc1,Ki,20.0,7.7,321.78,3.97,1
CHEMBL3818953,Cl.O=C1CCCN1C[C@@H]1CNCCO[C@H]1c1ccc(Cl)c(F)c1,IC50,85.0,7.07,363.26,2.38,1
CHEMBL2333615,CN1CCC(COCc2cc(C(F)(F)F)cc(C3CC3)n2)(c2cccc(F)c2)CC1,IC50,8.3,8.08,422.47,5.3,1
CHEMBL2333611,CN1CCC(COCc2cc(C3CC3)cc(C3CC3)n2)(c2ccc(F)cc2)CC1,IC50,1.5,8.82,394.53,5.16,1
CHEMBL5953976,Fc1cccc(Oc2cc(F)c(F)cc2N2CCC3(CC2)CNCCO3)c1,IC50,324.0,6.49,378.39,3.86,1
CHEMBL5901072,c1ccc(Oc2cccc(N3CCC4(CC3)CNCCO4)c2)cc1,IC50,759.0,6.12,324.42,3.44,1
CHEMBL2031876,C[C@@H]1CCCN1C(=O)c1ccc(-c2ccc3c(c2)CCN(CCN2CCCC2)C3=O)cc1,Ki,320.0,6.5,431.58,4.07,1
CHEMBL5181226,CCCCCc1nc(C2CCN(CCCCc3c[nH]c4ccc(C#N)cc34)CC2)cn1-c1ccc(Oc2ccc(Cl)cc2)cc1,IC50,4.97,8.3,620.24,9.61,1
CHEMBL5184959,N#Cc1ccc2[nH]cc(CCCCN3CCC(c4cn(-c5ccc(Oc6ccc(Cl)cc6)cc5)c(C5CC5)n4)CC3)c2c1,IC50,6.42,8.19,590.17,8.75,1
CHEMBL4868210,CNCCC(Oc1ccc(I)cc1)c1ccccc1,Ki,14.0,7.85,367.23,4.02,1
CHEMBL4874276,COCCCC/C(=N\OCCN)c1ccc(Br)cc1F,Ki,137.0,6.86,347.23,3.08,1
CHEMBL4850285,CNCCC(Oc1ccc(Br)cc1)c1ccccc1,Ki,24.0,7.62,320.23,4.18,1
CHEMBL4861511,COCCCC/C(=N\OCCN)c1ccc(F)cc1,Ki,1617.0,5.79,268.33,2.32,0
CHEMBL4873814,COCCCC/C(=N\OCCN)c1ccc(Cl)cc1F,Ki,202.0,6.7,302.78,2.98,1
CHEMBL4873377,Clc1ccccc1OC1CC2CCC(C1)N2,IC50,881.0,6.05,237.73,3.0,1
CHEMBL4648886,CCOC(=O)Cc1nn(CNC(=O)CCN2CCN(c3ccccc3OC)CC2)c(=O)c2ccccc12,IC50,2370.0,5.62,507.59,1.8,0
CHEMBL4636773,CCOC(=O)Cc1nn(CNC(=O)CN2CCN(c3cccc(C)c3C)CC2)c(=O)c2c(F)cccc12,IC50,1241.0,5.91,509.58,2.15,0
CHEMBL4638358,CCOC(=O)Cc1nn(CNC(=O)CCCN2CCN(c3ccc(C)c(C)c3)CC2)c(=O)c2c(F)cccc12,IC50,784.0,6.11,537.64,2.93,1
CHEMBL5763457,COc1cc(Oc2cccc(F)c2)nc(N2CCC3(CC2)CNCCO3)n1,IC50,5370.0,5.27,374.42,2.38,0
CHEMBL4634009,COc1cccc2nn(CCCCN3CCN(c4cccc5sccc45)CC3)c(=O)n12,IC50,203.0,6.69,437.57,3.32,1
CHEMBL2338351,CN1CCc2c(cccc2C(=O)NCC2(N3CCN(c4ccccc4)CC3)CCCCC2)C1,Ki,15.85,7.8,446.64,3.93,1
CHEMBL5859822,CC(N(C)C)C1(c2ccc(OC(F)(F)F)cc2)CCCCC1,IC50,194.0,6.71,315.38,4.74,1
CHEMBL5982654,CNC[C@H](c1ccc(Cl)c(Cl)c1)[C@H](O)c1cncc(OC)c1,Ki,36.9,7.43,341.24,3.43,1
CHEMBL6059551,CNC[C@H](c1ccc(Cl)c(Cl)c1)[C@H](O)c1cccc(OC)n1,Ki,18.8,7.73,341.24,3.43,1
CHEMBL5857076,CC(Oc1ccc(Cl)cc1OC1CNC1)c1ccccc1F,Ki,164.0,6.79,321.78,3.97,1
CHEMBL5974217,FC(F)(F)c1ccc2c(c1)C(Oc1ccc(Cl)cc1OC1CNC1)CC2,Ki,210.0,6.68,383.8,4.78,1
CHEMBL5894902,Clc1ccc(OC2CCc3ccccc3C2)c(OC2CNC2)c1,Ki,8.0,8.1,329.83,3.63,1
CHEMBL2337596,Clc1ccc(O[C@@H](c2ccccc2)[C@H]2CCNC2)cc1,IC50,7.943,8.1,287.79,4.07,1
CHEMBL2337595,Clc1cccc(O[C@H](c2ccccc2)[C@@H]2CCNC2)c1,IC50,2.512,8.6,287.79,4.07,1
CHEMBL513859,FC[C@@H](Cc1ccccc1)N1CCN(CCOC(c2ccc(F)cc2)c2ccc(F)cc2)CC1,Ki,190.0,6.72,468.56,5.27,1
CHEMBL3986502,CCOc1ccc(C2(C(CC(C)C)NCCSCC)CCC2)cc1,Ki,3.31,8.48,349.58,5.26,1
CHEMBL239301,CN(C)Cc1cc(OCCCF)ccc1Sc1ccc(F)cc1N,Ki,0.95,9.02,352.45,4.36,1
CHEMBL239297,CN(C)Cc1cc(OCCF)ccc1Sc1ccc(Br)cc1N,Ki,0.05,10.3,399.33,4.59,1
CHEMBL3819243,Cl.O=c1cccnn1C[C@@H]1CNCCO[C@H]1c1ccc(Cl)c(F)c1,IC50,79.0,7.1,374.24,2.01,1
CHEMBL3818471,Cc1nnc(-c2cccn(C[C@@H]3CNCCO[C@H]3c3ccc(Cl)c(F)c3)c2=O)[nH]1.Cl,IC50,67.0,7.17,454.33,2.71,1
CHEMBL427845,CCN(CC)CCCOc1ccc2c(c1)CN(C)CC2c1ccc(OC)cc1,Ki,4.0,8.4,382.55,4.38,1
CHEMBL396703,COc1ccc(C2CN(C)Cc3cc(OCCCN4CC(F)(F)C4)ccc32)cc1,Ki,2.9,8.54,402.49,3.99,1
CHEMBL257390,C#CCN(CCOC)C(=O)[C@@]1(c2ccsc2)C[C@H]1CN,IC50,47.0,7.33,292.4,1.07,1
CHEMBL403616,C=CCN(CCOC)C(=O)[C@@]1(c2ccsc2)C[C@H]1CN,IC50,47.0,7.33,294.42,1.63,1
CHEMBL403080,COc1cc(Cl)ccc1Oc1cc(C)ncc1CN(C)C,IC50,13.0,7.89,306.79,3.91,1
CHEMBL210028,Cc1ccccc1CC(c1ccccc1)N1CCNCC1,IC50,12.0,7.92,280.42,3.18,1
CHEMBL427051,NC(=O)c1ccc(F)c2c1CC(N(CCCc1c[nH]c3ccc(F)cc13)CC1CC1)CO2,IC50,53.5,7.27,439.51,4.19,1
CHEMBL410055,CC#CCN(CCC)C(=O)[C@@]1(c2ccc3c(c2)CCO3)C[C@H]1CN,IC50,460.0,6.34,326.44,2.1,1
CHEMBL257551,CCN(CC)C(=O)C1(c2ccccc2)C(CN)C1c1ccccc1,IC50,6400.0,5.19,322.45,3.17,0
CHEMBL2380983,CN(C)C[C@@H]1C[C@H]1c1ccc2[nH]cc(C#N)c2c1,IC50,6.0,8.22,239.32,2.7,1
CHEMBL1914697,CN1C2CCC1[C@@H](CNc1ccc(Br)nc1)[C@@H](c1ccc(Cl)cc1)C2,Ki,10.5,7.98,420.78,5.18,1
CHEMBL691,C#C[C@]1(O)CC[C@H]2[C@@H]3CCc4cc(O)ccc4[C@H]3CC[C@@]21C,Ki,29.0,7.54,296.41,3.61,1
CHEMBL3317703,CCC1NCCCN(c2ccc3ccccc3c2)C1=O.Cl,IC50,88.0,7.06,304.82,2.94,1
CHEMBL3317702,CC1NCCCN(c2ccc3ccccc3c2)C1=O.Cl,IC50,200.0,6.7,290.79,2.55,1
CHEMBL3317699,CN1CCCN(c2ccc(Cl)c(Cl)c2)C(=O)C1.Cl,IC50,5500.0,5.26,309.62,2.66,0
CHEMBL3940167,CCCN1CCC2c3cc(O)ccc3CCC21,IC50,13750.0,4.86,231.34,2.91,0
CHEMBL435612,Fc1cc2c(c(OCCNCCc3c[nH]c4ccc(F)cc34)c1)OCC2,IC50,254.0,6.59,358.39,3.59,1
CHEMBL4225701,COCCOc1cc(Br)cc(CC2CCN(CCc3ccc4c(c3)OCCO4)CC2)c1,Ki,18.5,7.73,490.44,4.74,1
CHEMBL4226031,COCCOc1cc(CC2CCN(CCc3ccc4c(c3)OCCC4=O)CC2)ccc1Br,Ki,1.41,8.85,502.45,4.94,1
CHEMBL5859573,Cc1cc(Oc2cccnc2)nc(N2CCC3(CC2)CNCCO3)n1,IC50,27542.0,4.56,341.42,1.93,0
CHEMBL5916446,Fc1cccc(Oc2cc(N3CCC4(CC3)CNCCO4)ccc2F)c1,IC50,603.0,6.22,360.4,3.72,1
CHEMBL5871256,O=C1COC2(CCN(c3nc(Oc4cccc(F)c4)cc(C(F)(F)F)n3)CC2)CN1,IC50,35481.0,4.45,426.37,2.91,0
CHEMBL5784125,CNCC1(c2ccc(Cl)c(Cl)c2)CCCCC1O,IC50,969.0,6.01,288.22,3.39,1
CHEMBL4533250,Cl.Clc1ccccc1OCc1cc(OC[C@@H]2CCCN2)no1,Ki,2946.0,5.53,345.23,3.04,0
CHEMBL3216085,CCCc1nc(C(=O)NCCCN2CCN(c3cccc(C)c3C)CC2)c(C)n1-c1ccccc1.Cl.Cl,IC50,5.0,8.3,546.59,4.69,1
CHEMBL3216746,Cc1cccc(N2CCN(CCCNC(=O)c3nc(C)n(CC(C)C)c3C)CC2)c1C.Cl.Cl,IC50,436.2,6.36,498.54,3.71,1
CHEMBL3216964,COc1ccc(-n2c(-c3ccccc3)nc(C(=O)NCCCN3CCN(c4cccc(Cl)c4C)CC3)c2C)cc1.Cl.Cl.Cl,IC50,25.0,7.6,667.51,5.76,1
CHEMBL4224788,CCc1ccc(CC2CCN(CCc3ccc4c(c3)C(=O)CCO4)CC2)cc1OCCOC,Ki,9.85,8.01,451.61,4.74,1
CHEMBL3216758,Cc1nc(C(=O)NCCN2CCN(c3cccc(Cl)c3Cl)CC2)c(C)n1-c1ccccc1.Cl.Cl.Cl.Cl,IC50,129.0,6.89,618.26,4.35,1
CHEMBL1818458,N#Cc1ccnn1C[C@@]12CNCC[C@]1(c1ccc(Cl)c(Cl)c1)C2,Ki,5.012,8.3,347.25,3.38,1
CHEMBL1818461,Cc1cc(C(F)(F)F)n(C[C@@]23CNCC[C@]2(c2ccc(Cl)c(Cl)c2)C3)n1,Ki,0.7943,9.1,404.26,4.84,1
CHEMBL3897671,CCOCCCCN[C@H](CC(C)C)C1(c2ccc(Cl)c(Cl)c2)CCC1,Ki,0.8,9.1,386.41,6.24,1
CHEMBL2104993,Cc1ccc(Sc2ccccc2N2CCNCC2)c(C)c1,IC50,5.4,8.27,298.46,3.86,1
CHEMBL6001071,CNCc1cc(OCc2ccccc2)n(CCC2CCCC2)n1,Ki,0.91,9.04,313.45,3.76,1
CHEMBL4289361,Fc1cc(N2CCN(CCc3coc4ccccc34)CC2)c2ncccc2c1,Ki,25.3,7.6,375.45,4.48,1
CHEMBL6047610,Fc1cccc(OC2CNC2)c1F,IC50,34000.0,4.47,185.17,1.32,0
CHEMBL384687,c1ccc(CCC(Cc2ccccc2)N2CCNCC2)cc1,IC50,23.0,7.64,294.44,3.14,1
CHEMBL83894,O=S1(=O)c2cccc3cccc(c23)N1CCCN1CCN(c2ccc(F)cc2)CC1,Ki,1101.92,5.96,425.53,3.7,0
CHEMBL79834,O=C1NCN(c2ccccc2)C12CCN(CCCOc1ccc(F)cc1)CC2,Ki,210.16,6.68,383.47,3.02,1
CHEMBL2205814,COc1ccc(CCN2C3C4C5CC6C7C5C3C7C2(O)C64)cc1OC,Ki,4274.0,5.37,339.44,2.01,0
CHEMBL263920,COc1cc(Cl)ccc1O[C@@H](c1cccc(C)c1)[C@@H]1CNCCO1,Ki,69.0,7.16,347.84,3.77,1
CHEMBL258713,COc1cc(Br)ccc1O[C@@H](c1ccccc1)[C@@H]1CNCCO1,Ki,30.0,7.52,378.27,3.57,1
CHEMBL408868,COc1cc(Cl)ccc1O[C@H](c1ccccc1)[C@H]1CNCCO1,Ki,11.0,7.96,333.82,3.46,1
CHEMBL512280,CC(O)(Cc1ccccc1)CN1CCN(CCOC(c2ccccc2)c2ccccc2)CC1,Ki,2000.0,5.7,444.62,4.4,0
CHEMBL466733,C=C(Cc1ccccc1)CN1CCN(CCOC(c2ccccc2)c2ccccc2)CC1,Ki,3300.0,5.48,426.6,5.21,0
CHEMBL283662,O=C(CCN1CCN(CCOC(c2ccc(F)cc2)c2ccc(F)cc2)CC1)c1ccccc1,Ki,220.0,6.66,464.56,4.96,1
CHEMBL466936,N[C@H](Cc1ccccc1)CN1CCN(CCOC(c2ccc(F)cc2)c2ccc(F)cc2)CC1,Ki,22.0,7.66,465.59,4.26,1
CHEMBL4227688,COC[C@@H]1CN[C@H]2CC[C@]1(c1ccc(Cl)c(Cl)c1)C2,Ki,2.089,8.68,300.23,3.65,1
CHEMBL242820,COc1ccc(C2CN(C)Cc3cc(OCCCN4CCN(c5ccncc5)CC4)ccc32)cc1,Ki,4.0,8.4,472.63,4.26,1
CHEMBL394787,COc1ccc(C2CN(C)Cc3cc(OCCCN4CCN(C(C)C)CC4)ccc32)cc1,Ki,1.8,8.74,437.63,4.07,1
CHEMBL396459,CCN1CCN(CCCOc2ccc3c(c2)CN(C)CC3c2ccc(OC)cc2)CC1,Ki,2.0,8.7,423.6,3.68,1
CHEMBL214004,c1ccc(C(Cc2ccncc2)N2CCNCC2)cc1,IC50,38.0,7.42,267.38,2.27,1
CHEMBL378447,CCOc1ccccc1CC(c1ccccc1F)N1CCNCC1,IC50,10.0,8.0,328.43,3.41,1
CHEMBL5894631,NCC1(c2ccc(Cl)c(Cl)c2)CCC(Oc2ccccc2)CC1,IC50,109.0,6.96,350.29,5.21,1
CHEMBL5090651,O=C(CCC1CCN(Cc2ccccc2)CC1)c1ccc(N2CCN(CCCCc3c[nH]c4ccc(Cl)cc34)CC2)cc1,IC50,159.1,6.8,597.25,7.84,1
CHEMBL5088919,N#Cc1ccc2[nH]cc(CCCCN3CCN(c4ccc(C(=O)CCC5CCN(Cc6cccnc6)CC5)cc4)CC3)c2c1,IC50,16.2,7.79,588.8,6.45,1
CHEMBL5087445,N#Cc1ccc2[nH]cc(CCN3CCN(c4ccc(C(=O)CCC5CCN(Cc6ccsc6)CC5)cc4)CC3)c2c1,IC50,33.51,7.47,565.79,6.34,1
CHEMBL5090705,CCC(=O)N(c1ccc(Cl)c(Cl)c1)C1CCN(C(=O)[C@H](Cc2ccc(F)cc2)NC(=O)[C@H]2Cc3ccccc3CN2C(=O)[C@@H](N)Cc2cc(C)c(O)c(C)c2)CC1,Ki,1800.0,5.75,816.8,6.44,0
CHEMBL2407333,COC[C@@H](c1ccc(Cl)c(Cl)c1)C1CCNCC1.Cl,IC50,5.7,8.24,324.68,3.72,1
CHEMBL2338048,Fc1ccc(F)c(O[C@@H](c2ccccc2)[C@H]2CCNC2)c1Cl,IC50,15.85,7.8,323.77,4.35,1
CHEMBL2338036,COc1cc(Cl)ccc1O[C@@H](c1ccccc1)[C@H]1CCNC1,IC50,1.259,8.9,317.82,4.08,1
CHEMBL3703745,CC1(C)NCC(c2ccc(Cl)cc2)c2ccc(-c3cnc(C(F)(F)F)cn3)cc21,IC50,61.0,7.21,417.86,5.79,1
CHEMBL2407336,COCC(c1ccc(Cl)c(Cl)c1)C1CCNCC1.Cl,IC50,11.0,7.96,324.68,3.72,1
CHEMBL4277213,C#CCOc1ccc(C(=O)c2ccc(CN(C)CCC[C@@]3(c4ccc(F)cc4)OCc4cc(C#N)ccc43)cc2)cc1,Ki,487.0,6.31,558.65,6.63,1
CHEMBL5895349,CN(Cc1cc(OCc2cc(Cl)ccc2F)n(CCC2(O)CCCC2)n1)C(=O)OC(C)(C)C,Ki,0.6,9.22,482.0,5.32,1
CHEMBL5837026,CNCc1cc(OCc2cccc(C)c2)n(CC2CCCCC2)n1,Ki,4.9,8.31,327.47,4.07,1
CHEMBL6023150,CCC(CC)CCn1nc(CNC)cc1OCc1cc(C)ccc1F,Ki,0.54,9.27,347.48,4.46,1
CHEMBL3681350,c1cnc2c(N3CCNCC3)cccc2c1,IC50,715.0,6.15,213.28,1.64,1
CHEMBL1852418,Cc1c(Cl)cccc1N1CCN(CCCNC(=O)c2nc(C)n(CC(C)C)c2C)CC1,IC50,447.0,6.35,446.04,4.06,1
CHEMBL3681360,CCCc1nc(C(=O)NCC(O)CN2CCN(c3cccc(C)c3C)CC2)cn1-c1ccc(Cl)cc1,IC50,347.0,6.46,510.08,4.01,1
CHEMBL3681367,COc1ccc(-n2cc(C(=O)NCC(O)CN3CCN(c4cccc(Cl)c4Cl)CC3)nc2-c2ccccc2)cc1,IC50,323.0,6.49,580.52,4.77,1
CHEMBL1852774,CCCc1nc(C(=O)NCC(O)CN2CCN(c3cccc(Cl)c3Cl)CC2)c(C)n1-c1ccc(OC)cc1,IC50,51.8,7.29,560.53,4.36,1
CHEMBL1852358,Cc1c(Cl)cccc1N1CCN(C[C@@H](O)CNC(=O)c2nc(-c3ccccc3)n(-c3ccc(F)cc3)c2C)CC1,IC50,232.0,6.63,562.09,4.86,1
CHEMBL1852507,Cc1cccc(N2CCN(C[C@H](O)CNC(=O)c3nc(C)n(-c4ccccc4F)c3C)CC2)c1C,IC50,0.75,9.12,479.6,3.16,1
CHEMBL3656909,O=C1c2cc(CCN3CCC(Cc4ccc(Br)c(OCCO)c4)CC3)ccc2OCC1O,Ki,18.0,7.75,504.42,3.25,1
CHEMBL3656910,O=C1c2cc(CCN3CCC(Cc4ccc(Br)c(O)c4)CC3)ccc2OCC1O,Ki,11.0,7.96,460.37,3.59,1
CHEMBL3656915,COCCOc1cc(CC2CCN(CCc3ccc4c(c3)C(=O)CC(O)O4)CC2)ccc1Br,Ki,1.3,8.89,518.45,4.26,1
CHEMBL3656923,OCCOc1cc(CC2CCNCC2)ccc1Br,Ki,228.0,6.64,314.22,2.36,1
CHEMBL408940,C#CCN(CC=C)C(=O)[C@@]1(c2ccc3c(c2)CCO3)C[C@H]1CN,IC50,130.0,6.89,310.4,1.49,1
CHEMBL404145,CCN(CC)C(=O)[C@@]1(c2cccc(F)c2)C[C@H]1CN,IC50,370.0,6.43,264.34,1.91,1
CHEMBL3663907,CN1Cc2ccccc2C(c2cccs2)C1,Ki,2450.0,5.61,229.35,3.33,0
CHEMBL329583,Cc1cc2c(OC[C@H](O)CN3CC[C@@H](c4ccc5occc5c4)C[C@@H]3C)cccc2[nH]1,Ki,1.69,8.77,418.54,5.23,1
CHEMBL377785,C=C1CN2C3CCC2C1C(c1ccc(C)cc1)C3,Ki,7.77,8.11,239.36,3.5,1
CHEMBL3586682,CN(C)CCC[C@@]1(c2ccc(F)cc2)OCc2cc(CNC(=O)CCc3ccc(N=[N+]=[N-])c(I)c3)ccc21,Ki,9879.0,5.0,627.5,6.74,0
CHEMBL3663920,CN1Cc2ccccc2C(c2ccc3sncc3c2)C1,Ki,10.4,7.98,280.4,3.87,1
CHEMBL3704751,CCOC(=O)NCCNC(CC(C)C)C1(c2ccc(OCC)cc2)CCC1,Ki,2.0,8.7,376.54,4.26,1
CHEMBL3640036,CCCC(=O)NCCNC(CC(C)C)C1(c2ccc(OCC)cc2)CCC1,Ki,25.0,7.6,374.57,4.43,1
CHEMBL6011698,CNCc1cc(OCc2ccccc2)n(CC2(C)CCCCC2)n1,Ki,1.3,8.89,327.47,4.15,1
CHEMBL4758692,CC(C)OCC(=O)NC[C@@H]1CNCCO[C@H]1c1ccc(Cl)c(F)c1.Cl,IC50,390.0,6.41,395.3,2.3,1
CHEMBL4788601,COC(C)(C)C(=O)NC[C@@H]1CNCCO[C@H]1c1ccc(Cl)c(F)c1.Cl,IC50,520.0,6.28,395.3,2.3,1
CHEMBL247136,c1ncc([C@@H]2CN3CCC[C@@H]3c3cc(OCCCN4CCOCC4)ccc32)s1,Ki,19.7,7.71,399.56,3.53,1
CHEMBL3216501,Cc1cccc(N2CCN(CCCNC(=O)c3cn(-c4ccccc4)c(-c4ccccc4)n3)CC2)c1C.Cl.Cl,IC50,50.5,7.3,566.58,5.1,1
CHEMBL3217172,Cc1c(Cl)cccc1N1CCN(CC(O)CNC(=O)c2nc(C)n(-c3cccc(Cl)c3)c2C)CC1.Cl.Cl.Cl.Cl,IC50,14.2,7.85,662.32,4.02,1
CHEMBL3216282,Cc1cccc(N2CCN(CC(O)CNC(=O)c3nc(C)n(-c4cccc(Cl)c4)c3C)CC2)c1C.Cl.Cl.Cl,IC50,2.9,8.54,605.44,3.67,1
CHEMBL3216094,COc1cc(OC)cc(-n2c(C)nc(C(=O)NCCCN3CCN(c4cccc(C)c4C)CC3)c2C)c1.Cl.Cl,IC50,10.0,8.0,578.59,4.07,1
CHEMBL1830885,O=S1(=O)N(CC[C@@H]2CNCCO2)c2ccccc2N1c1ccccc1F,IC50,6410.0,5.19,377.44,2.41,0
CHEMBL1830891,O=S1(=O)N(CCC2CNCCO2)c2ccc(F)cc2N1c1ccccc1F,IC50,806.0,6.09,395.43,2.55,1
CHEMBL498686,CNC[C@H]1CCc2ccccc2[C@@H]1Oc1ccccc1C,IC50,2700.0,5.57,281.4,3.9,0
CHEMBL498510,CNC[C@@H]1CSc2ccccc2[C@@H]1Oc1ccccc1Cl,IC50,3600.0,5.44,319.86,4.4,0
CHEMBL2012079,COC(=O)C1=C(c2ccc(-c3cccs3)cc2)CC2CCC1O2,IC50,242.0,6.62,326.42,4.29,1
CHEMBL2012103,COC(=O)[C@@H]1C2CCC(C[C@H]1c1ccc(-c3nccs3)cc1)O2,IC50,128.0,6.89,329.42,3.63,1
CHEMBL2012104,COC(=O)[C@@H]1C2CCC(C[C@@H]1c1ccc(-c3ccco3)cc1)O2,IC50,30.0,7.52,312.37,3.77,1
CHEMBL2012114,COC(=O)[C@@H]1C2CCC(C[C@@H]1c1cc3ccccc3[nH]1)O2,IC50,556.0,6.25,285.34,2.99,1
CHEMBL89208,COC(=O)C1C(c2ccccc2)CC2[C@@H](O)CC1N2C,IC50,88000.0,4.06,275.35,1.4,0
CHEMBL5620043,NC(=O)c1cc2cc(N3CCN(CCc4ccc5c(c4)NC(=O)CO5)CC3)ccc2o1,IC50,72.0,7.14,420.47,2.23,1
CHEMBL5619328,NC(=O)c1cc2cccc(N3CCN(CCc4ccc5ccc(=O)[nH]c5c4)CC3)c2s1,IC50,48.0,7.32,432.55,3.21,1
CHEMBL5620117,NC(=O)c1cc2cc(N3CCN(CCCc4ccc5c(c4)CCC(=O)N5)CC3)ccc2o1,IC50,107.0,6.97,432.52,3.17,1
CHEMBL1615374,Cl.N#Cc1ccc2[nH]cc(CCCCN3CCN(c4ccc5oc(C(N)=O)cc5c4)CC3)c2c1,Ki,0.4705,9.33,478.0,4.03,1
CHEMBL5751957,Nc1ccc(-c2ccc3c(c2)CNCC3c2ccc(F)cc2)nn1,IC50,144.0,6.84,320.37,3.1,1
CHEMBL3703732,CC1(C)NCC(c2ccc(Cl)c(Cl)c2)c2ccc(-c3ccc(N)nn3)cc21,IC50,2.3,8.64,399.33,5.0,1
CHEMBL3703733,N#Cc1cccc(-c2ccc3c(c2)CNCC3c2ccc(Cl)c(Cl)c2)c1,IC50,14.0,7.85,379.29,5.77,1
CHEMBL3703734,CS(=O)(=O)c1ccc(-c2ccc3c(c2)CNCC3c2ccc(Cl)c(Cl)c2)cc1,IC50,20.0,7.7,432.37,5.3,1
CHEMBL2407334,CC(c1ccc(Cl)c(Cl)c1)C1CCNCC1.Cl,IC50,12.0,7.92,294.65,4.1,1
CHEMBL394755,O=C(CCCc1ccccc1)N1c2ccccc2Sc2ccccc21,Ki,3800.0,5.42,345.47,5.84,0
CHEMBL2332389,CN(CCCN1c2ccccc2CCc2ccccc21)CCOCCOCCN(C)CCCN1c2ccccc2CCc2ccccc21,IC50,4800.0,5.32,646.92,7.54,0
CHEMBL272603,S=c1sc2ccccc2n1CCCCN1CCN(C2CCCCC2)CC1,Ki,1402.0,5.85,389.63,5.16,0
CHEMBL2024517,CN(C)C(=O)N[C@H]1CC[C@H](CCN2CCN(c3cccc(Cl)c3Cl)CC2)CC1.Cl,Ki,3076.1,5.51,463.88,4.34,0
CHEMBL5082250,N#Cc1ccc2[nH]cc(CCCCN3CCN(c4ccc(C(=O)CCC5CCN(Cc6ccccc6)CC5)cc4)CC3)c2c1,IC50,29.22,7.53,587.81,7.06,1
CHEMBL5082360,COc1ccc2[nH]cc(CCCCN3CCN(c4ccc(C(=O)CCC5CCN(Cc6ccccc6)CC5)cc4)CC3)c2c1,IC50,76.5,7.12,592.83,7.2,1
CHEMBL5071820,N#Cc1ccc2[nH]cc(CCN3CCN(c4ccc(C(=O)CCC5CCN(Cc6ccccc6)CC5)cc4)CC3)c2c1,IC50,32.26,7.49,559.76,6.28,1
CHEMBL3974108,CCOCCNC(CC(C)C)C1(c2ccc(Cl)c(Cl)c2)CCC1,Ki,1.4,8.85,358.35,5.46,1
CHEMBL3975077,CCCCSCCCCNC(CC(C)C)C1(c2ccc(Cl)c(Cl)c2)CCC1,Ki,65.33,7.18,430.53,7.73,1
CHEMBL4290687,COc1ccccc1N1CCN(CCCCOc2ccc3ccccc3c2)CC1,IC50,5160.0,5.29,390.53,4.83,0
CHEMBL1852587,Cc1cccc(N2CCN(CCCNC(=O)c3nc(C)n(CC(C)C)c3C)CC2)c1C,IC50,436.0,6.36,425.62,3.71,1
CHEMBL1852514,Cc1cccc(N2CCN(CC(O)CNC(=O)c3nc(C)n(CC(C)C)c3C)CC2)c1C,IC50,1262.0,5.9,441.62,2.69,0
CHEMBL1852346,COc1ccccc1-n1c(C)nc(C(=O)NCCCN2CCN(c3cccc(C)c3C)CC2)c1C,IC50,9.0,8.05,475.64,4.06,1
CHEMBL1852513,Cc1cccc(N2CCN(C[C@@H](O)CNC(=O)c3nc(C)n(-c4ccccc4F)c3C)CC2)c1C,IC50,10.3,7.99,479.6,3.16,1
CHEMBL3673131,FC(F)(F)c1ccc(-c2ccc3c(c2)CN2CCC3(c3ccc(Cl)cc3)C2)nn1,IC50,10.1,8.0,415.85,5.32,1
CHEMBL5743784,CNCc1nn(CC2CCCCC2)c(OCc2cc(F)ccc2F)c1F,Ki,0.98,9.01,367.42,4.18,1
CHEMBL5080984,N#Cc1ccc2[nH]cc(CCCCN3CCN(c4ccc(C(=O)CCC5CCN(Cc6cc[nH]c6)CC5)cc4)CC3)c2c1,IC50,8.25,8.08,576.79,6.39,1
CHEMBL4283496,Brc1ccc(N2CCN(CCCOc3ccc4ccccc4c3)CC2)cc1,IC50,830.0,6.08,425.37,5.19,1
CHEMBL4277619,c1ccc(N2CCN(CCOc3ccc4ccccc4c3)CC2)nc1,IC50,1080.0,5.97,333.43,3.44,0
CHEMBL4278059,Fc1ccc(N2CCN(CCOc3ccc4ccccc4c3)CC2)cc1,IC50,2800.0,5.55,350.44,4.18,0
CHEMBL1237210,CC(C)=CCC[C@]1(C)[C@@H](CC=C(C)C)C[C@]2(CC=C(C)C)C(=O)C(CC=C(C)C)=C(O)[C@@]1(C(=O)C(C)C)C2=O,IC50,2000.0,5.7,536.8,8.99,0
CHEMBL5854614,Fc1ccc(CCOc2ccc(Cl)cc2OC2CNC2)cc1,Ki,9.0,8.05,321.78,3.45,1
CHEMBL3703727,Nc1ccc(-c2ccc3c(c2)CNCC3c2ccc(Cl)cc2)nn1,IC50,15.8,7.8,336.83,3.61,1
CHEMBL3703728,CC1(C)NCC(c2ccc(Cl)c(Cl)c2)c2ccc(-c3cnccn3)cc21,IC50,4.8,8.32,384.31,5.42,1
CHEMBL1200492,CCc1nn(CCCN2CCN(c3cccc(Cl)c3)CC2)c(=O)n1CCOc1ccccc1.Cl,Ki,175.27,6.76,506.48,3.55,1
CHEMBL5913120,Fc1c(Oc2ccccc2)cccc1N1CCC2(CC1)CNCCO2,IC50,2239.0,5.65,342.41,3.58,0
CHEMBL5903697,N#Cc1ccc(Oc2ccccc2)cc1N1CCC2(CC1)CNCCO2,IC50,7079.0,5.15,349.43,3.31,0
CHEMBL5830135,Cc1ccc(Oc2ccccc2)cc1N1CCC2(CC1)CNCCO2,IC50,1585.0,5.8,338.45,3.75,0
CHEMBL6012389,Fc1cccc(Oc2cncc(N3CCC4(CC3)CNCCO4)c2)c1,IC50,1950.0,5.71,343.4,2.97,0
CHEMBL4084262,COc1ccccc1N1CCC2(CCN(CCCSc3nnc(-c4ccccc4)n3C)CC2)CC1,Ki,295.0,6.53,491.71,5.36,1
CHEMBL4105112,Fc1ccc(C(OCCN2CCN(c3ncccn3)CC2)c2ccc(F)cc2)cc1,IC50,1414.0,5.85,410.47,3.68,0
CHEMBL2380976,CCN(C)C[C@@H]1CCC[C@H]1c1ccc2[nH]cc(C#N)c2c1,IC50,200.0,6.7,281.4,3.87,1
CHEMBL1085567,COc1ccccc1CC(c1ccc(F)cc1)N1CCNCC1,Ki,8.0,8.1,314.4,3.02,1
CHEMBL569513,O=c1[nH]c2cccc(N3CCN(CC4CCc5[nH]c6ccc(F)cc6c5C4)CC3)c2o1,Ki,32.0,7.5,420.49,3.67,1
CHEMBL2094011,O=C1Cc2c(cccc2N2CCN(CCC3CCc4[nH]c5ccc(F)cc5c4C3)CC2)N1,Ki,4700.0,5.33,432.54,4.12,0
CHEMBL566356,O=c1[nH]c2cccc(N3C[C@H]4C[C@@H]3CN4CC3CCc4[nH]c5ccc(F)cc5c4C3)c2o1,Ki,8.0,8.1,432.5,3.81,1
CHEMBL1224238,CC(C)(C)CCC1(C(=O)c2cc3ccccc3[nH]2)CCNC1,Ki,6.31,8.2,298.43,4.16,1
CHEMBL1272092,COc1c(C)nc(C)nc1C(=O)NCCN1CCN(c2cccc(Cl)c2Cl)CC1.Cl,IC50,646.0,6.19,474.82,2.96,1
CHEMBL401621,CCN(CC)C(=O)C1(c2ccccc2)CC1CNCc1ccccn1,IC50,3500.0,5.46,337.47,3.0,0
CHEMBL272286,CCN(CC)C(=O)C1(c2ccccc2)CC1CNCc1cnco1,IC50,4800.0,5.32,327.43,2.59,0
CHEMBL397643,c1cnc([C@@H]2CN3CCC[C@@H]3c3cc(OCCCN4CCOCC4)ccc32)cn1,Ki,88.0,7.06,394.52,2.86,1
CHEMBL247933,c1cncc([C@@H]2CN3CCC[C@@H]3c3cc(OCCCN4CCCCC4)ccc32)c1,Ki,8.3,8.08,391.56,4.62,1
CHEMBL446084,NCC[C@@H](Oc1ccc(C(F)(F)F)cc1)c1ccccc1,Ki,26.0,7.58,295.3,4.17,1
CHEMBL4292366,CN(C)CCC[C@@]1(c2ccc(F)cc2)OCc2cc(CNC(=O)c3cc(CN=[N+]=[N-])cc(N=[N+]=[N-])c3)ccc21,Ki,10.7,7.97,528.59,6.62,1
CHEMBL366170,Cc1ccc(Sc2ccccc2CN)c(N)c1,Ki,30.0,7.52,244.36,3.19,1
CHEMBL2407329,COCC(c1cccc(Cl)c1)C1CCNCC1.Cl,IC50,180.0,6.75,290.23,3.07,1
CHEMBL6011653,Fc1cccc(Oc2cc(C(F)(F)F)nc(N3CCC4(CC3)CNCCO4)n2)c1,IC50,1698.0,5.77,412.39,3.39,0
CHEMBL5994142,CSc1cc(Oc2cccc(F)c2)nc(N2CCC3(CC2)CNCCO3)n1,IC50,7079.0,5.15,390.48,3.09,0
CHEMBL5888207,O=C(NCC1(O)CCN(c2nc(Oc3cccc(F)c3)cc(C(F)(F)F)n2)CC1)c1cn[nH]c1,IC50,34674.0,4.46,480.42,2.91,0
CHEMBL5902403,Fc1cccc(Oc2cc(F)c(F)cc2N2CCCC3(CCCNC3)C2)c1,IC50,195.0,6.71,376.42,4.87,1
CHEMBL5080857,N#Cc1ccc2[nH]cc(CN3CCN(c4ccc5c(c4)CC(CC4CCN(Cc6ccccc6)CC4)C5=O)CC3)c2c1,IC50,15.86,7.8,557.74,6.02,1
CHEMBL1200781,Br.CN(C)CCCC1(c2ccc(F)cc2)OCc2cc(C#N)ccc21,Ki,0.78,9.11,405.31,3.81,1
CHEMBL4072566,O=[N+]([O-])c1ccc(-c2nnnn2CCCN2CCC(Cc3ccccc3)CC2)cc1,IC50,5250.0,5.28,406.49,3.59,0
CHEMBL1644978,OC1(c2ccc(Cl)c(C(F)(F)F)c2)CCN(CCCCC(c2ccc(F)cc2)c2ccc(F)cc2)CC1,Ki,428.0,6.37,538.0,7.92,1
CHEMBL5091642,CCCC[C@@H](NC(=O)[C@@H](N)Cc1ccc(O)cc1)C(=O)NCC(=O)N[C@@H](Cc1ccc(F)cc1)C(=O)N1CCC(N(C(=O)CC)c2ccc(Cl)c(Cl)c2)CC1,Ki,11000.0,4.96,799.77,4.66,0
CHEMBL5077561,CCC(=O)N(c1ccc(Cl)c(Cl)c1)C1CCN(C(=O)[C@H](Cc2ccc(Cl)cc2)NC(=O)[C@H]2Cc3ccccc3CN2C(=O)[C@@H](N)Cc2cc(C)c(O)c(C)c2)CC1,Ki,1000.0,6.0,833.26,6.95,1
CHEMBL247470,COc1ccc(C2CNCc3cc(OCCCN4CCOCC4)ncc32)cc1,Ki,189.0,6.72,383.49,2.43,1
CHEMBL247268,CCN(CC)CCCOc1cc2c(cn1)C(c1ccccc1)CN(C)C2,Ki,2000.0,5.7,353.51,3.77,0
CHEMBL247265,CCN(CC)CCCOc1cc2c(cn1)C(c1ccc(Cl)c(Cl)c1)CNC2,Ki,26.0,7.58,408.37,4.73,1
CHEMBL247094,CN1Cc2cc(OCCCN3CCCCC3)ncc2C(c2ccc(Cl)c(F)c2)C1,Ki,147.0,6.83,417.96,4.71,1
CHEMBL247076,Clc1ccccc1C1CNCc2cc(OCCCN3CCCCC3)ncc21,Ki,1333.0,5.88,385.94,4.22,0
CHEMBL246874,CN1Cc2cc(OCCCN3CCCCC3)ncc2C(c2ccc(Cl)cc2)C1,Ki,106.0,6.97,399.97,4.57,1
CHEMBL215988,COC(=O)[C@@H]1CN(C)CC[C@@H]1c1ccc(I)cc1,Ki,287.0,6.54,359.21,2.5,1
CHEMBL241647,CN(C)Cc1cc(OCCCO)ccc1Sc1ccccc1N,Ki,1.3,8.89,332.47,3.24,1
CHEMBL239302,CN(C)Cc1cc(OCCCF)ccc1Sc1ccc(Br)cc1N,Ki,0.15,9.82,413.36,4.98,1
CHEMBL6003974,CNCC1(c2ccc(Cl)c(Cl)c2)CCCC(F)(F)C1,IC50,4208.0,5.38,308.2,4.66,0
CHEMBL256058,CN(C)Cc1ccccc1Oc1ccccc1,IC50,660.0,6.18,227.31,3.54,1
CHEMBL410286,COc1cc(C(F)(F)F)ccc1O[C@@H](c1ccccc1)[C@@H]1CNCCO1,Ki,41.0,7.39,367.37,3.82,1
CHEMBL5201219,CC[C@H]1C[C@@H]2C[C@H]3c4c(c5ccccc5n4C)CCN(C2)[C@@H]13,IC50,80.0,7.1,294.44,3.94,1
CHEMBL3085018,Fc1ccc(C(N[C@H]2C[C@H]3CC[C@@H](C2)N3CCc2c[nH]c3ccccc23)c2ccc(F)cc2)cc1,Ki,347.0,6.46,471.6,6.36,1
CHEMBL3085024,CN1[C@@H]2CC[C@H]1C[C@@H](NC(c1ccc(Cl)cc1)c1ccc(Cl)cc1)C2,Ki,4180.0,5.38,375.34,5.3,0
CHEMBL6010518,CNC[C@@H](c1ccc2ccccc2c1)[C@@H](OCC(N)=O)c1ccccc1,Ki,796.0,6.1,348.45,3.39,1
CHEMBL5748783,O[C@@H](c1ccccc1)[C@@H](CNCC(F)(F)F)c1ccc2ccccc2c1,Ki,3370.0,5.47,359.39,4.81,0
CHEMBL3612825,O=C(NCCCN1CCC(Cc2ccccc2)CC1)c1cc(Cl)cc(Cl)c1,IC50,422.0,6.38,405.37,5.07,1
CHEMBL3612827,O=C(NCCCN1CCC(Cc2ccccc2)CC1)c1cc2ccccc2o1,IC50,500.0,6.3,376.5,4.51,1
CHEMBL1200322,CN(C)CCC[C@@]1(c2ccc(F)cc2)OCc2cc(C#N)ccc21.O=C(O)C(=O)O,Ki,1.0,9.0,414.43,3.81,1
CHEMBL600424,CNC[C@@H](O)[C@H](c1cc(F)cc(F)c1)N1CC(C)(C)c2ccccc21.Cl,IC50,5293.0,5.28,382.88,3.38,0
CHEMBL603109,CNC[C@@H](O)[C@H](c1cccc(F)c1)N1CC(C)(C)c2cc(F)ccc21.Cl,IC50,364.0,6.44,382.88,3.38,1
CHEMBL598614,CNC[C@@H](O)[C@H](c1cccc(F)c1)N1CC(C)(C)c2cccc(F)c21.Cl,IC50,1614.0,5.79,382.88,3.38,0
CHEMBL590487,N#Cc1ccc2[nH]cc(CCC3CCCCN3)c2c1,IC50,2.5,8.6,253.35,3.11,1
CHEMBL591830,N#Cc1ccc2[nH]cc(CCC3CCCCN3CCC(F)(F)F)c2c1,IC50,80.0,7.1,349.4,4.78,1
CHEMBL1258535,O=C1NCc2cc(F)c(OCCCN3CCN(c4cccc5cccc(F)c45)CC3)cc21,Ki,15.6,7.81,437.49,3.95,1
CHEMBL1258313,O=C1NCc2ccc(OCCCCN3CCN(c4cccc5ccc(F)cc45)CC3)c(F)c21,Ki,259.0,6.59,451.52,4.34,1
CHEMBL1257495,Cc1c(OCCCCN2CCN(c3cccc4ccccc34)CC2)ccc2c1C(=O)NC2,Ki,388.0,6.41,429.56,4.37,1
CHEMBL608703,COC(=O)[C@@H]1C2CCC(C[C@@H]1c1ccc(Cl)cc1)N2C,Ki,21.0,7.68,293.79,3.08,1
CHEMBL607548,CN1C2CCC1[C@@H](C(=O)NCc1cccc(CNC(=O)[C@H]3C4CCC(C[C@@H]3c3ccc(-c5ccsc5)cc3)N4C)c1)[C@@H](c1ccc(-c3ccsc3)cc1)C2,Ki,860.0,6.07,755.07,8.91,1
CHEMBL595540,CN1C2CCC1[C@@H](C(=O)NCCC1CCN(C(=O)[C@H]3C4CCC(C[C@@H]3c3ccc(Cl)cc3)N4C)CC1)[C@@H](c1ccc(Cl)cc1)C2,Ki,2500.0,5.6,651.72,6.57,0
CHEMBL507721,CCc1cc(Oc2ccc(F)cc2CNC)ccc1Cl,IC50,5.53,8.26,293.77,4.55,1
CHEMBL5884743,Fc1cccc(Oc2cncc(N3CCC4(CC3)CNCCO4)n2)c1,IC50,955.0,6.02,344.39,2.37,1
CHEMBL5750951,Cc1cc(Oc2cccc(F)c2)nc(N2CCC3(CC2)CNCCO3)n1,IC50,15849.0,4.8,358.42,2.68,0
CHEMBL5188726,CC[C@H]1C[C@@H]2C[C@H]3c4[nH]c5ccc(OC)c(Br)c5c4CCN(C2)[C@@H]13,IC50,670.0,6.17,389.34,4.7,1
CHEMBL5762992,Fc1cccc(Oc2cc(F)c(F)cc2N2CCC3(CCNCC3)CC2)c1,IC50,10.0,8.0,376.42,4.87,1
CHEMBL5891009,Fc1cccc(Oc2cc(C(F)(F)F)nc(N3CCC4(CNCCC45OCCO5)C3)n2)c1,IC50,3715.0,5.43,454.42,3.36,0
CHEMBL5931546,O=C1CCNCC12CCN(c1nc(Oc3cccc(F)c3)cc(C(F)(F)F)n1)C2,IC50,33113.0,4.48,410.37,3.19,0
CHEMBL5886520,OC1CNCCC12CCN(c1nc(Oc3cccc(F)c3)cc(C(F)(F)F)n1)C2,IC50,5623.0,5.25,412.39,2.98,0
CHEMBL4558031,O=C1c2ccc(F)cc2CC1CCN1CCCN(c2ccc(Cl)cn2)CC1,Ki,24.0,7.62,387.89,3.83,1
CHEMBL5996216,CNCC1(c2ccc(Cl)c(Cl)c2)CCC2(CC1)OCCO2,IC50,469.0,6.33,330.25,3.77,1
CHEMBL5849364,CSc1ccc(C2(CN(C)C)CCCCC2)cc1,IC50,44.0,7.36,263.45,4.17,1
CHEMBL6028158,NCC1(c2ccc(Cl)c(Cl)c2)CCCC(F)(F)C1,IC50,2253.0,5.65,294.17,4.4,0
CHEMBL4228464,COC[C@H]1CN[C@H]2CC[C@]1(c1ccc(Cl)c(Cl)c1)C2,Ki,1.259,8.9,300.23,3.65,1
CHEMBL4227955,Clc1ccc([C@@H]2CCNC[C@@]23CCOC3)cc1Cl,Ki,5.012,8.3,286.2,3.48,1
CHEMBL1946254,Clc1ccc(N2CCCN(CCCCc3nc4ccccc4s3)CC2)cc1,Ki,65.0,7.19,399.99,5.48,1
CHEMBL2037523,c1ccc2c(c1)CN(CCCCc1nc3ccccc3s1)C2,Ki,186.0,6.73,308.45,4.63,1
CHEMBL4635024,CCOC(=O)Cc1nn(CNC(=O)CCN2CCN(c3cccc(C(F)(F)F)c3)CC2)c(=O)c2ccccc12,IC50,1020.0,5.99,545.56,2.81,0
CHEMBL4638656,CCOC(=O)Cc1nn(CNC(=O)CCN2CCN(c3cccc(OC)c3)CC2)c(=O)c2ccccc12,IC50,675.0,6.17,507.59,1.8,1
CHEMBL4647415,CCOC(=O)Cc1nn(CNC(=O)CCN2CCN(c3ccc(C)cc3C)CC2)c(=O)c2ccccc12,IC50,435.0,6.36,505.62,2.4,1
CHEMBL4643885,CCOC(=O)Cc1nn(CNC(=O)CCN2CCN(c3ccc(C)c(C)c3)CC2)c(=O)c2cc(F)ccc12,IC50,278.0,6.56,523.61,2.54,1
CHEMBL4646426,CCOC(=O)Cc1nn(CNC(=O)CCCN2CCN(c3cccc(C)c3C)CC2)c(=O)c2cc(F)ccc12,IC50,115.0,6.94,537.64,2.93,1
CHEMBL4863405,CNCCC(Oc1cccc(Cl)c1)c1ccccc1,Ki,66.0,7.18,275.78,4.07,1
CHEMBL4777709,CCCC(=O)NC[C@@H]1CNCCO[C@H]1c1ccc(Cl)c(Cl)c1.Cl,IC50,62.0,7.21,381.73,3.19,1
CHEMBL4762373,COCCC(=O)NC[C@@H]1CNCCO[C@H]1c1ccc(Cl)c(F)c1.Cl,IC50,890.0,6.05,381.28,1.91,1
CHEMBL3673169,Fc1ccc(C23CCN(CC2)Cc2cc(Oc4ccc(C(F)(F)F)nn4)ccc23)cc1Cl,IC50,6.4,8.19,463.86,5.98,1
CHEMBL3639720,FC(F)(F)c1ccc(C23CCN(CC2)Cc2cc(Oc4ccc(C(F)(F)F)nn4)ccc23)cc1,IC50,10.9,7.96,479.42,6.2,1
CHEMBL5081245,CCC(=O)N(c1ccc(Cl)c(Cl)c1)C1CCN(C(=O)[C@H](Cc2ccc(Cl)cc2)NC(=O)CNC(=O)[C@@H](C)NC(=O)[C@@H](N)Cc2ccc(O)cc2)CC1,Ki,2500.0,5.6,774.15,4.0,0
CHEMBL5993204,CNC[C@H](c1ccc(Cl)c(Cl)c1)[C@H](O)c1ccncc1,Ki,73.7,7.13,311.21,3.43,1
CHEMBL5994098,CCc1ccccc1[C@@H](O)[C@H](CNC)c1ccc(Cl)c(Cl)c1,Ki,38.6,7.41,338.28,4.59,1
CHEMBL6010382,CNC[C@@H](c1ccc(Cl)c(Cl)c1)[C@@H](OC)c1cccc(NS(=O)(=O)C(F)(F)F)c1,Ki,1262.0,5.9,471.33,4.95,0
CHEMBL208605,CCN(CCCCc1c[nH]c2ccc(F)cc12)C1COc2c(F)ccc(C(N)=O)c2C1,IC50,24.1,7.62,427.5,4.19,1
CHEMBL381256,Fc1ccc(C(OCCC2CCN(C[C@@H]3C[C@H]3c3ccccc3)CC2)c2ccc(F)cc2)cc1.O=C(O)C(=O)O,Ki,16.0,7.8,551.63,6.98,1
CHEMBL5808665,CNC(C)C1(c2ccc(Cl)cc2)CCCCC1,IC50,1069.0,5.97,251.8,4.15,0
CHEMBL5819233,CNC(C)C1(c2ccc(OC)cc2)CCCCC1,IC50,364.0,6.44,247.38,3.51,1
CHEMBL5769575,CC(N)C1(c2ccc(Cl)cc2)CCCCC1,IC50,7549.0,5.12,237.77,3.89,0
CHEMBL5765201,CNC(C(C)C)C1(c2ccc(Cl)cc2)CCCCC1,IC50,2387.0,5.62,279.86,4.79,0
CHEMBL5989700,CO[C@@H]1CCC[C@@](C#N)(c2ccc(Cl)c(Cl)c2)C1,IC50,330.0,6.48,284.19,4.34,1
CHEMBL333331,COC(=O)C1C2CCC(C[C@@H]1OC(c1ccc(Cl)cc1)c1ccc(Cl)cc1)N2C,IC50,3360.0,5.47,434.36,5.12,0
CHEMBL319119,COc1cc2c(cc1OC)C1=NO[C@@H](CN3CCN(C/C(C)=C/c4cc(F)ccc4F)CC3)[C@@H]1CO2,Ki,3.2,8.49,499.56,3.81,1
CHEMBL5958082,Fc1cccc(Oc2ccccc2N2CCC3(CC2)CNCCO3)c1,IC50,575.0,6.24,342.41,3.58,1
CHEMBL6031740,N#Cc1ccc(Oc2ccccc2)c(N2CCC3(CC2)CNCCO3)c1,IC50,23.4,7.63,349.43,3.31,1
CHEMBL1946258,O=C(CCCN1CCCN(c2ccc(Cl)cc2)CC1)c1nc2ccccc2s1,Ki,5.3,8.28,413.97,5.12,1
CHEMBL5184088,CC[C@H]1C[C@@H]2C[C@H]3c4[nH]c5ccccc5c4CCN(C2)[C@@H]13,IC50,330.0,6.48,280.42,3.93,1
CHEMBL5180373,CCc1ccc2c(c1)c1c(n2C)[C@@H]2C[C@H]3C[C@H](CC)[C@@H]2N(CC1)C3,IC50,910.0,6.04,322.5,4.5,1
CHEMBL552938,Cn1ccc2cc(N(Cc3ccccc3)C3CCNCC3)ccc21,Ki,3.981,8.4,319.45,3.94,1
CHEMBL551135,c1ccc(CN(c2ccc3[nH]ccc3c2)C2CCNC2)cc1,Ki,19.95,7.7,291.4,3.54,1
CHEMBL514560,CCOC(=O)N(Cc1ccccc1-c1ccccc1)[C@@H]1CCNC1,Ki,410.0,6.39,324.42,3.67,1
CHEMBL477572,CSc1ccccc1CN([C@H]1CCNC1)S(C)(=O)=O,Ki,1250.0,5.9,300.45,1.53,0
CHEMBL476313,CCCS(=O)(=O)N(Cc1ccccc1-c1ccccc1)[C@H]1CCNC1,Ki,5680.0,5.25,358.51,3.26,0
CHEMBL5942444,CNCc1cc(OCc2cc(F)ccc2F)n(CC2(F)CCCCC2)n1,Ki,1.3,8.89,367.42,4.13,1
CHEMBL573897,Fc1ccccc1COc1ccccc1C1CCNCC1,Ki,56.0,7.25,285.36,3.87,1
CHEMBL573769,c1ccc(COc2ccccc2C2CCNCC2)cc1,Ki,74.0,7.13,267.37,3.73,1
CHEMBL5741593,CNCc1cc(OCc2cc(Cl)ccc2F)n(C(C)C2CCCCC2)n1,Ki,1.3,8.89,379.91,5.12,1
CHEMBL458488,CCOc1ccc([C@H]2C[C@H]3CC[C@H]([C@H]2C(=O)OC)N3C)cc1.Cl,Ki,1.7,8.77,339.86,2.82,1
CHEMBL5835083,CCSCCNC(CC(C)C)C1(c2ccc(Cl)c(Cl)c2)CCC1,Ki,224.0,6.65,374.42,6.17,1
CHEMBL2337587,COc1ccccc1O[C@H](c1ccccc1)[C@@H]1CCNC1,IC50,100.0,7.0,283.37,3.42,1
CHEMBL5931870,CC(Oc1ccc(Br)cc1OC1CNC1)c1cccc(OC(F)(F)F)c1,Ki,554.0,6.26,432.24,4.84,1
CHEMBL5803903,[N-]=[N+]=NCc1cc(OCc2cc(F)ccc2F)n(CC2CCCC2)n1,Ki,13.0,7.89,347.37,4.74,1
CHEMBL564021,O=C(c1ccccc1Cl)N(CC1CCC1)[C@H]1CCNC1,Ki,39.0,7.41,292.81,2.94,1
CHEMBL556093,CC(C)c1ccccc1C(=O)N(CC1CCC1)[C@H]1CCNC1,Ki,857.0,6.07,300.45,3.41,1
CHEMBL541196,CSc1ccccc1C(=O)N(C1CCC1)[C@H]1CCNC1,Ki,62.0,7.21,290.43,2.77,1
CHEMBL560673,O=C(c1ccccc1C(F)(F)F)N(C1CCC1)[C@H]1CCNC1,Ki,210.0,6.68,312.34,3.06,1
CHEMBL570781,CC(C)c1ccccc1C(=O)N(C1CCC1)[C@H]1CCNC1,Ki,776.0,6.11,286.42,3.17,1
CHEMBL571443,CC(C)c1ccccc1C(=O)N(CC1CC1)[C@H]1CCNC1,Ki,2870.0,5.54,286.42,3.02,0
CHEMBL554336,CN(C(=O)c1ccccc1Oc1ccccc1)[C@H]1CCNC1,Ki,661.0,6.18,296.37,2.91,1
CHEMBL560999,O=C(C1CCC1)N(Cc1ccccc1C(F)(F)F)[C@H]1CCNC1,Ki,187.0,6.73,326.36,3.2,1
CHEMBL571893,c1cc2cc(N(CC3CCOCC3)C3CCNCC3)ccc2[nH]1,Ki,39.81,7.4,313.45,3.15,1
CHEMBL564288,c1ccc(CCN(c2ccc3[nH]ccc3c2)C2CCNCC2)cc1,Ki,6.31,8.2,319.45,3.97,1
CHEMBL575699,O=C1/C(=C/c2ccccc2N2CCNCC2)SCCN1c1ccc(F)cc1F,Ki,98.0,7.01,401.48,3.5,1
CHEMBL575290,Clc1cccc(Oc2ccccc2C2CCNCC2)c1,Ki,211.0,6.68,287.79,4.6,1
CHEMBL86760,CCCCCCc1ccc2c(c1)Cc1ccccc1C2CN,Ki,490.0,6.31,293.45,4.8,1
CHEMBL281350,Cc1nc(-c2ccc(-c3ccc(C(=O)N4CCc5cc6c(cc54)C4(CCN(C)CC4)CO6)cc3)c(C)c2)no1,IC50,4700.0,5.33,520.63,5.58,0
CHEMBL5940148,CNCC1(c2cccc(Cl)c2)CCCCC1O,IC50,6996.0,5.16,253.77,2.73,0
CHEMBL5900168,CNCc1cc(OCc2cc(C)ccc2F)n(C(C)C2CCCCC2)n1,Ki,2.0,8.7,359.49,4.77,1
CHEMBL5848587,CNCc1cc(OCc2cc(Cl)ccc2F)n(CC2(C(F)(F)F)CCCC2)n1,Ki,3.8,8.42,419.85,5.1,1
CHEMBL6011467,FC(F)(F)c1ccc(COc2ccc(Cl)cc2OC2CNC2)c(C(F)(F)F)c1,Ki,197.0,6.71,425.76,5.31,1
CHEMBL6018014,CNCc1cc(OCc2ccc(F)cc2)n(C(C)C2CCCCC2)n1,Ki,0.95,9.02,345.46,4.46,1
CHEMBL5207764,CC[C@H]1C[C@@H]2C[C@H]3c4c(c5cc(O)ccc5n4C)CCN(C2)[C@@H]13.Cl,IC50,59.0,7.23,346.9,3.64,1
CHEMBL5076314,CN1CCN(c2ccc(Nc3c4ccccc4nc4ccccc34)cc2)CC1.Cl.Cl.O,Ki,1145.25,5.94,459.42,4.88,0
CHEMBL5619007,NC(=O)c1cc2cc(N3CCN(CCc4ccc5nc(N)sc5c4)CC3)ccc2o1,IC50,152.0,6.82,421.53,3.09,1
CHEMBL7353,CCCCCNC(=O)NS(=O)(=O)c1cc([N+](=O)[O-])ccc1NC1CCCCC1,Ki,7773.2,5.11,412.51,3.52,0
CHEMBL1200776,C[C@@H](NCCCc1cccc(C(F)(F)F)c1)c1cccc2ccccc12.Cl,Ki,785.15,6.11,393.88,6.14,1
CHEMBL5089005,COc1ccc(NC(=O)c2ccc(-c3ccc(-c4noc(C)n4)cc3C)cc2)cc1OCCN(C)C.Cl,Ki,833.1,6.08,523.03,5.22,1
CHEMBL2105760,O=c1ccc2ccc(OCCCCN3CCN(c4cccc5sccc45)CC3)cc2[nH]1,Ki,65.55,7.18,433.58,4.72,1
CHEMBL6005422,OC1(CN2CCCNCC2)CCN(c2nc(Oc3cccc(F)c3)cc(C(F)(F)F)n2)CC1,IC50,2951.0,5.53,469.48,3.05,0
CHEMBL5753987,NCC1(O)CCN(c2cc(F)cc(Oc3cccc(F)c3)c2)CC1,IC50,603.0,6.22,334.37,3.05,1
CHEMBL5847338,OC1(CNC2CC2)CCN(c2nc(Oc3cccc(F)c3)cc(C(F)(F)F)n2)C1,IC50,34674.0,4.46,412.39,3.12,0
CHEMBL5820814,Fc1cccc(Oc2cc(C(F)(F)F)nc(N3CCC4NCCCC4C3)n2)c1,IC50,3020.0,5.52,396.39,4.01,0
CHEMBL5847483,Fc1cccc(Oc2cc(C(F)(F)F)nc(N3CCC4(CC3)COCCN4)n2)c1,IC50,6761.0,5.17,412.39,3.39,0
CHEMBL5944336,Fc1cccc(Oc2cc(F)c(F)cc2N2CCC3(CCCNC3)CC2)c1,IC50,324.0,6.49,376.42,4.87,1
CHEMBL5743966,O=C1CCNCC12CCN(c1cc(F)c(F)cc1Oc1cccc(F)c1)C2,IC50,2239.0,5.65,376.38,3.66,0
CHEMBL5777998,O=C1NCC2(CCN(c3nc(Oc4cccc(F)c4)cc(C(F)(F)F)n3)CC2)O1,IC50,12882.0,4.89,412.34,3.51,0
CHEMBL6064303,Fc1cccc(Oc2cc(F)c(F)cc2N2CCC3(CCNC3)CC2)c1,IC50,51.3,7.29,362.4,4.48,1
CHEMBL5899906,Fc1cccc(Oc2cc(F)cc(N3CCC4(CCNC4)CC3)c2)c1,IC50,42.7,7.37,344.41,4.34,1
CHEMBL3704748,CCC(=O)OCCNC(CC(C)C)C1(c2ccc(Cl)c(Cl)c2)CCC1,Ki,10.6,7.97,386.36,5.37,1
CHEMBL3704749,CCOc1ccc(C2(C(CC(C)C)NCCOC(=O)CC)CCC2)cc1,Ki,5.7,8.24,361.53,4.46,1
CHEMBL6021098,Fc1cccc(COc2ccc(Br)cc2OC2CNC2)c1,Ki,4.0,8.4,352.2,3.52,1
CHEMBL5955110,CCN1CC(Oc2cc(Br)ccc2OCc2cccc(F)c2)C1,Ki,435.0,6.36,380.26,4.25,1
CHEMBL6017228,Fc1ccc(COc2ccc(Cl)cc2OC2CNC2)cc1,Ki,19.0,7.72,307.75,3.41,1
CHEMBL5857856,CS(=O)(=O)c1cccc(COc2ccc(Cl)cc2OC2CNC2)c1,Ki,1679.0,5.78,367.85,2.67,0
CHEMBL6063850,Clc1cccc(COc2ccc(Cl)cc2OC2CNC2)c1,Ki,7.0,8.15,324.21,3.92,1
CHEMBL4857665,O=C1c2ccc(Cl)cc2CC1CCCCN1CCN(c2ccccn2)CC1,Ki,2184.0,5.66,383.92,4.08,0
CHEMBL1852516,Cc1nc(C(=O)NCCN2CCN(c3cccc(Cl)c3Cl)CC2)c(C)n1-c1ccccc1,IC50,66.0,7.18,472.42,4.35,1
CHEMBL6065442,CNC[C@H](c1ccc2ccccc2c1)[C@H](OCc1noc(C)n1)c1ccccc1,Ki,2.1,8.68,387.48,4.79,1
CHEMBL5747720,CNC[C@H](c1ccc2ccccc2c1)[C@H](OCCO)c1ccccc1,Ki,0.7,9.15,335.45,3.89,1
CHEMBL5983313,CNC[C@H](c1ccc2ccccc2c1)[C@H](OCC(=O)N(C)C)c1ccccc1,Ki,1.4,8.85,376.5,3.99,1
CHEMBL5814744,CNC[C@H](c1ccc2ccccc2c1)[C@H](OCC(=O)N1CC[C@H](O)C1)c1ccccc1,Ki,4.3,8.37,418.54,3.49,1
CHEMBL5990511,Brc1ccc(OC2Cc3ccccc3C2)c(OC2CNC2)c1,Ki,42.0,7.38,360.25,3.35,1
CHEMBL5981380,CNC[C@H](c1ccc2ccccc2c1)[C@H](OCc1cc(C)on1)c1ccccc1,Ki,0.4,9.4,386.5,5.4,1
CHEMBL5824054,CNCc1cc(OCc2cc(C)ccc2Cl)n(CC2CCCC2)n1,Ki,7.8,8.11,347.89,4.33,1
CHEMBL6020570,CNCC(Cc1cccnc1)c1ccc(Cl)c(Cl)c1,Ki,34.7,7.46,295.21,3.93,1
CHEMBL1489369,Br.CN1CCc2cc(Br)c(O)cc2C(c2ccccc2)C1,Ki,17.18,7.76,413.15,3.77,1
CHEMBL5935509,CN(Cc1cc(NC(=O)c2ccccc2)n(CC2CCCCC2)n1)C(=O)OC(C)(C)C,Ki,10.0,8.0,426.56,5.08,1
CHEMBL5986793,CCOc1ncccc1O[C@H](CCNC)c1ccccc1,Ki,318.0,6.5,286.38,3.21,1
CHEMBL5971871,NCC1(O)CCN(c2cc(Oc3cccc(F)c3)cc(F)c2F)CC1,IC50,6166.0,5.21,352.36,3.19,0
CHEMBL5785724,CNCc1cc(OCc2cc(Cl)ccc2F)n(CC2CCCCC2)n1,Ki,2.4,8.62,365.88,4.55,1
CHEMBL6031675,CNCc1cc(OCc2ccc(F)cc2C)n(C(C)C2CCCCC2)n1,Ki,1.4,8.85,359.49,4.77,1
CHEMBL5861845,CN(C)CC1(O)CCN(c2nc(Oc3cccc(F)c3)cc(C(F)(F)F)n2)CC1,IC50,13490.0,4.87,414.4,3.32,0
CHEMBL6012104,NCC(=O)NCC1(O)CCN(c2nc(Oc3cccc(F)c3)cc(C(F)(F)F)n2)CC1,IC50,19055.0,4.72,443.4,1.83,0
CHEMBL5836301,O=S1(=O)CCNCC12CCN(c1cc(F)c(F)cc1Oc1cccc(F)c1)CC2,IC50,28184.0,4.55,426.46,3.25,0
CHEMBL5797361,NCC1(O)CCN(c2cc(F)c(F)c(Oc3cccc(F)c3)c2)CC1,IC50,363.0,6.44,352.36,3.19,1
CHEMBL6053340,CNCc1cc(OCc2cccc(OC)c2)n(CC2CCCCC2)n1,Ki,4.9,8.31,343.47,3.77,1
CHEMBL6037790,OC1CCCC1NCC1(c2ccc(Cl)c(Cl)c2)CCCCC1,IC50,2060.0,5.69,342.31,4.7,0
CHEMBL5845630,CCN(C)C1CCC(CN)(c2ccc(Cl)c(Cl)c2)CC1,IC50,992.0,6.0,315.29,4.08,1
CHEMBL5991442,CNCC1(c2ccccc2)CCCCC1,IC50,9170.0,5.04,203.33,3.11,0
CHEMBL5809144,CN(C)CC1(c2ccc3c(c2)OCO3)CCC(O)CC1,IC50,1178.0,5.93,277.36,2.15,0
CHEMBL6039409,CC1(O)CCC(CN)(c2ccc3c(c2)OCO3)CC1,IC50,4192.0,5.38,263.34,1.94,0
CHEMBL6015217,NCC1(c2ccc3cc(F)ccc3c2)CCCCC1,IC50,295.0,6.53,257.35,4.14,1
CHEMBL5789868,CN(C)CC1(c2ccc3cc(F)ccc3c2)CCCCC1,IC50,19.0,7.72,285.41,4.74,1
CHEMBL5798192,Clc1ccc2c(c1)CC(Oc1ccc(Cl)cc1OC1CNC1)C2,Ki,75.0,7.12,350.25,3.89,1
CHEMBL5866624,CNCc1cc(OCc2ccc(F)cc2C)n(CC2CCCCC2)n1,Ki,0.92,9.04,345.46,4.21,1
CHEMBL5782485,CSc1cc(N2CCC3(CC2)CNCCO3)nc(Oc2cccc(F)c2)n1,IC50,13804.0,4.86,390.48,3.09,0
CHEMBL5799697,CNCc1cc(OCc2ccccc2)n(C(CO)C2CCCCC2)n1,Ki,3.6,8.44,343.47,3.3,1
CHEMBL5913906,CNCc1cc(OC(F)(F)c2ccccc2)n(CC2CCCCC2)n1,Ki,3.0,8.52,349.43,4.31,1
CHEMBL5795548,CNCc1cc(OCc2cc(Cl)ccc2F)n(C[C@@H]2CCCCO2)n1,Ki,11.0,7.96,367.85,3.54,1
CHEMBL5892942,Clc1ccc(OCc2ccc3occc3c2)c(OC2CNC2)c1,Ki,24.0,7.62,329.78,4.02,1
CHEMBL5882228,C[C@@H](Oc1ccc(Cl)cc1OC1CNC1)c1cccc(C(F)(F)F)c1,Ki,152.0,6.82,371.79,4.85,1
CHEMBL5888175,Clc1ccc(CCOc2ccc(Cl)cc2OC2CNC2)cc1,Ki,88.0,7.06,338.23,3.97,1
CHEMBL5939539,Fc1cccc(Oc2cccc(N3CCC4(CC3)CNCCO4)c2)c1,IC50,1023.0,5.99,342.41,3.58,0
CHEMBL5946549,Fc1cccc(Oc2cc(F)c(F)c(N3CCC4(CC3)CNCCO4)c2)c1,IC50,468.0,6.33,378.39,3.86,1
CHEMBL5977712,N#Cc1cc(Oc2cccc(F)c2)nc(N2CCC3(CC2)CNCCO3)c1,IC50,53.7,7.27,368.41,2.84,1
CHEMBL5917948,COC1CCC(CN(C)C)(c2ccc(Cl)c(Cl)c2)CC1,IC50,69.0,7.16,316.27,4.38,1
CHEMBL5757696,CNCc1cc(OCc2ccc(F)cc2F)n(C(C)C2CCCCC2)n1,Ki,1.8,8.74,363.45,4.6,1
CHEMBL5945889,CNCc1cc(OCc2cc(Cl)ccc2Cl)n(CC2CCCCC2)n1,Ki,2.4,8.62,382.34,5.07,1
CHEMBL6022186,CNCc1cc(OCc2cc(F)ccc2F)n(C(C)C2CCCCC2)n1,Ki,0.46,9.34,363.45,4.6,1
CHEMBL5788533,CNCC1(c2ccc(Cl)c(Cl)c2)CCC(OC)CC1,IC50,5892.0,5.23,302.25,4.04,0
CHEMBL5834773,NCc1cc(OCc2cc(F)ccc2F)n(CC2CCCC2)n1,Ki,13.0,7.89,321.37,3.39,1
CHEMBL5898029,CCC(CC)CCn1nc(CNC)cc1OCc1cc(F)ccc1F,Ki,0.54,9.27,351.44,4.29,1
CHEMBL5863143,CNCc1cc(OCc2ccc(F)cc2Cl)n(C(C)C2CCCCC2)n1,Ki,1.3,8.89,379.91,5.12,1
CHEMBL5915267,CNCc1cc(OCc2cc(F)ccc2Cl)n(CC2CCCCC2)n1,Ki,0.89,9.05,365.88,4.55,1
CHEMBL6054563,CNCc1cc(OCc2ccccc2C)n(C(C)C2CCCCC2)n1,Ki,0.56,9.25,341.5,4.63,1
CHEMBL5776265,CNCc1cc(OCC2CC=CC=C2Cl)n(C(C)C2CCCCC2)n1,Ki,0.91,9.04,363.93,4.82,1
CHEMBL5903681,CNCc1cc(OCc2cc(Cl)ccc2F)n(C[C@H]2CCCCO2)n1,Ki,9.2,8.04,367.85,3.54,1
CHEMBL5756616,CNCc1cc(OCc2cc(Cl)ccc2F)n(CCC(C)(C)CO)n1,Ki,22.0,7.66,369.87,3.38,1
CHEMBL5956829,CNCc1cc(OCc2cc(Cl)ccc2F)n(C(C)C2CCCC2)n1,Ki,1.2,8.92,365.88,4.73,1
CHEMBL6004364,CNCc1cc(OCc2cc(F)ccc2F)n(CC2CC3CCC2C3)n1,Ki,0.5,9.3,361.44,3.9,1
CHEMBL5849144,CN[C@@H](C)c1cc(OCc2cc(F)ccc2F)n(CCC2CCCC2)n1,Ki,9.9,8.0,363.45,4.6,1
CHEMBL6051563,CNCc1cc(OCc2ccccc2Cl)n(CC2CCCC2)n1,Ki,1.8,8.74,333.86,4.03,1
CHEMBL5962474,CNCc1cc(OCc2cc(F)ccc2F)n(Cc2ccc(Cl)cc2)n1,Ki,1.5,8.82,377.82,4.16,1
CHEMBL5979654,CNCc1cc(OCc2ccccc2F)n(CC2CCCCC2)n1,Ki,1.6,8.8,331.44,3.9,1
CHEMBL5783460,CNCc1cc(OCc2ccc(F)cc2Cl)n(CC2CCCCC2)n1,Ki,1.5,8.82,365.88,4.55,1
CHEMBL5958084,CNCc1cc(OCc2cccc(Cl)c2)n(CC2OC3CCC2CC3)n1,Ki,8.1,8.09,375.9,3.79,1
